termo,documentos_falsas,documentos_verdadeiras,prevalencia_falsas,prevalencia_verdadeiras,log_odds_falsas_vs_verdadeiras
lava-jato,100,1,0.10079840319361277,0.002430133657351154,3.828991188125405
diario brasil,40,0,0.04091816367265469,0.001215066828675577,3.557338052790196
jon-un,29,0,0.029940119760479042,0.001215066828675577,3.233581972257897
kim jon-un,26,0,0.02694610778443114,0.001215066828675577,3.1251397900626623
internautas,25,0,0.02594810379241517,0.001215066828675577,3.08637434666457
etc,24,0,0.0249500998003992,0.001215066828675577,3.0461295678815983
resumindo,21,0,0.021956087824351298,0.001215066828675577,2.915230276749879
perder,21,0,0.021956087824351298,0.001215066828675577,2.915230276749879
internauta,21,0,0.021956087824351298,0.001215066828675577,2.915230276749879
soltou,20,0,0.020958083832335328,0.001215066828675577,2.8676903732142405
fez questao,19,0,0.01996007984031936,0.001215066828675577,2.8178813602557056
globo news,17,0,0.017964071856287425,0.001215066828675577,2.7104862559000917
rede globo,17,0,0.017964071856287425,0.001215066828675577,2.7104862559000917
diario,51,2,0.05189620758483034,0.0036452004860267314,2.70547378557703
referindo,33,1,0.033932135728542916,0.002430133657351154,2.6685043662320678
uol,16,0,0.016966067864271458,0.001215066828675577,2.6523120979403076
apareceu,16,0,0.016966067864271458,0.001215066828675577,2.6523120979403076
vale ressaltar,16,0,0.016966067864271458,0.001215066828675577,2.6523120979403076
povo brasileiro,15,0,0.015968063872255488,0.001215066828675577,2.590672762693326
atraves,87,5,0.08782435129740519,0.007290400972053463,2.573385868656004
manha hoje,27,1,0.027944111776447105,0.002430133657351154,2.468169135425152
ditador,27,1,0.027944111776447105,0.002430133657351154,2.468169135425152
mundiais,13,0,0.013972055888223553,0.001215066828675577,2.455115026923571
presidente norte-americano,13,0,0.013972055888223553,0.001215066828675577,2.455115026923571
literalmente,13,0,0.013972055888223553,0.001215066828675577,2.455115026923571
patricia carvalho,13,0,0.013972055888223553,0.001215066828675577,2.455115026923571
acha,26,1,0.02694610778443114,0.002430133657351154,2.430775323898965
honesto,12,0,0.012974051896207584,0.001215066828675577,2.379995420895005
acordo materia,12,0,0.012974051896207584,0.001215066828675577,2.379995420895005
exato,12,0,0.012974051896207584,0.001215066828675577,2.379995420895005
olha,12,0,0.012974051896207584,0.001215066828675577,2.379995420895005
impressionante,12,0,0.012974051896207584,0.001215066828675577,2.379995420895005
operacao lava-jato,23,1,0.023952095808383235,0.002430133657351154,2.3099200892056118
deste pais,11,0,0.011976047904191617,0.001215066828675577,2.2989421017155456
dono friboi,11,0,0.011976047904191617,0.001215066828675577,2.2989421017155456
honesta,11,0,0.011976047904191617,0.001215066828675577,2.2989421017155456
bombas,11,0,0.011976047904191617,0.001215066828675577,2.2989421017155456
apostolo,11,0,0.011976047904191617,0.001215066828675577,2.2989421017155456
corruptos,34,2,0.03493013972055888,0.0036452004860267314,2.2918416176263086
boca,21,1,0.021956087824351298,0.002430133657351154,2.2208658105861816
ressaltar,21,1,0.021956087824351298,0.002430133657351154,2.2208658105861816
recado,21,1,0.021956087824351298,0.002430133657351154,2.2208658105861816
valdemiro,10,0,0.010978043912175649,0.001215066828675577,2.210921133524563
miudos,10,0,0.010978043912175649,0.001215066828675577,2.210921133524563
bruckner,10,0,0.010978043912175649,0.001215066828675577,2.210921133524563
agora pouco,10,0,0.010978043912175649,0.001215066828675577,2.210921133524563
sangria,10,0,0.010978043912175649,0.001215066828675577,2.210921133524563
iremos,10,0,0.010978043912175649,0.001215066828675577,2.210921133524563
estancar,10,0,0.010978043912175649,0.001215066828675577,2.210921133524563
exato momento,10,0,0.010978043912175649,0.001215066828675577,2.210921133524563
benesses,10,0,0.010978043912175649,0.001215066828675577,2.210921133524563
nunes bruckner,10,0,0.010978043912175649,0.001215066828675577,2.210921133524563
lixo,10,0,0.010978043912175649,0.001215066828675577,2.210921133524563
postado,10,0,0.010978043912175649,0.001215066828675577,2.210921133524563
curioso,10,0,0.010978043912175649,0.001215066828675577,2.210921133524563
parabens,10,0,0.010978043912175649,0.001215066828675577,2.210921133524563
detalhe,20,1,0.020958083832335328,0.002430133657351154,2.1733259070505433
tarde hoje,20,1,0.020958083832335328,0.002430133657351154,2.1733259070505433
news,30,2,0.03093812375249501,0.0036452004860267314,2.1663527877840107
patricia,19,1,0.01996007984031936,0.002430133657351154,2.1235168940920084
alegou,38,3,0.038922155688622756,0.004860267314702308,2.1152979570647
messias bolsonaro,9,0,0.00998003992015968,0.001215066828675577,2.114602380765353
jair messias,9,0,0.00998003992015968,0.001215066828675577,2.114602380765353
destacar,9,0,0.00998003992015968,0.001215066828675577,2.114602380765353
caro,9,0,0.00998003992015968,0.001215066828675577,2.114602380765353
algo torno,9,0,0.00998003992015968,0.001215066828675577,2.114602380765353
retrospectiva2017,9,0,0.00998003992015968,0.001215066828675577,2.114602380765353
finalizou,9,0,0.00998003992015968,0.001215066828675577,2.114602380765353
acougueiro,9,0,0.00998003992015968,0.001215066828675577,2.114602380765353
continha,9,0,0.00998003992015968,0.001215066828675577,2.114602380765353
estancar sangria,9,0,0.00998003992015968,0.001215066828675577,2.114602380765353
fiel,9,0,0.00998003992015968,0.001215066828675577,2.114602380765353
humberto,9,0,0.00998003992015968,0.001215066828675577,2.114602380765353
identificou,9,0,0.00998003992015968,0.001215066828675577,2.114602380765353
nunca antes,9,0,0.00998003992015968,0.001215066828675577,2.114602380765353
grades,9,0,0.00998003992015968,0.001215066828675577,2.114602380765353
obviamente,9,0,0.00998003992015968,0.001215066828675577,2.114602380765353
pois bem,18,1,0.018962075848303395,0.002430133657351154,2.071205787911757
corrupto,18,1,0.018962075848303395,0.002430133657351154,2.071205787911757
video abaixo,26,2,0.02694610778443114,0.0036452004860267314,2.024091446596671
teria dito,8,0,0.008982035928143712,0.001215066828675577,2.0082343083472276
procurador geral,8,0,0.008982035928143712,0.001215066828675577,2.0082343083472276
poupou,8,0,0.008982035928143712,0.001215066828675577,2.0082343083472276
caso seja,8,0,0.008982035928143712,0.001215066828675577,2.0082343083472276
parecido,8,0,0.008982035928143712,0.001215066828675577,2.0082343083472276
relator lava-jato,8,0,0.008982035928143712,0.001215066828675577,2.0082343083472276
trocando miudos,8,0,0.008982035928143712,0.001215066828675577,2.0082343083472276
calada,8,0,0.008982035928143712,0.001215066828675577,2.0082343083472276
surge,8,0,0.008982035928143712,0.001215066828675577,2.0082343083472276
sujo,8,0,0.008982035928143712,0.001215066828675577,2.0082343083472276
delatar,8,0,0.008982035928143712,0.001215066828675577,2.0082343083472276
demitido,8,0,0.008982035928143712,0.001215066828675577,2.0082343083472276
voar,8,0,0.008982035928143712,0.001215066828675577,2.0082343083472276
minuto video,8,0,0.008982035928143712,0.001215066828675577,2.0082343083472276
indignado,8,0,0.008982035928143712,0.001215066828675577,2.0082343083472276
acordo relato,8,0,0.008982035928143712,0.001215066828675577,2.0082343083472276
faremos,8,0,0.008982035928143712,0.001215066828675577,2.0082343083472276
luxo,8,0,0.008982035928143712,0.001215066828675577,2.0082343083472276
aspas,8,0,0.008982035928143712,0.001215066828675577,2.0082343083472276
repetir,8,0,0.008982035928143712,0.001215066828675577,2.0082343083472276
claudio humberto,8,0,0.008982035928143712,0.001215066828675577,2.0082343083472276
codinomes,8,0,0.008982035928143712,0.001215066828675577,2.0082343083472276
resta,8,0,0.008982035928143712,0.001215066828675577,2.0082343083472276
altitude,8,0,0.008982035928143712,0.001215066828675577,2.0082343083472276
neste exato,8,0,0.008982035928143712,0.001215066828675577,2.0082343083472276
complicar,8,0,0.008982035928143712,0.001215066828675577,2.0082343083472276
confessa,8,0,0.008982035928143712,0.001215066828675577,2.0082343083472276
pgr rodrigo,8,0,0.008982035928143712,0.001215066828675577,2.0082343083472276
destruindo,8,0,0.008982035928143712,0.001215066828675577,2.0082343083472276
peco,8,0,0.008982035928143712,0.001215066828675577,2.0082343083472276
irrita,8,0,0.008982035928143712,0.001215066828675577,2.0082343083472276
janete,8,0,0.008982035928143712,0.001215066828675577,2.0082343083472276
ahhh,8,0,0.008982035928143712,0.001215066828675577,2.0082343083472276
friboi,25,2,0.02594810379241517,0.0036452004860267314,1.9853260031985789
possui,33,3,0.033932135728542916,0.004860267314702308,1.9729181600727634
enfim,24,2,0.0249500998003992,0.0036452004860267314,1.945081224415607
povo,70,8,0.07085828343313373,0.010935601458080195,1.9311563884305691
pra,83,10,0.08383233532934131,0.013365735115431349,1.9102244755861304
milhoes reais,15,1,0.015968063872255488,0.002430133657351154,1.8963082965296287
inferno,7,0,0.007984031936127744,0.001215066828675577,1.8894447300794424
infeliz,7,0,0.007984031936127744,0.001215066828675577,1.8894447300794424
igreja mundial,7,0,0.007984031936127744,0.001215066828675577,1.8894447300794424
podre,7,0,0.007984031936127744,0.001215066828675577,1.8894447300794424
manda recado,7,0,0.007984031936127744,0.001215066828675577,1.8894447300794424
fato aconteceu,7,0,0.007984031936127744,0.001215066828675577,1.8894447300794424
fumaca,7,0,0.007984031936127744,0.001215066828675577,1.8894447300794424
thaad,7,0,0.007984031936127744,0.001215066828675577,1.8894447300794424
pan,7,0,0.007984031936127744,0.001215066828675577,1.8894447300794424
ditador norte-coreano,7,0,0.007984031936127744,0.001215066828675577,1.8894447300794424
varios politicos,7,0,0.007984031936127744,0.001215066828675577,1.8894447300794424
noite ontem,7,0,0.007984031936127744,0.001215066828675577,1.8894447300794424
gabinetes,7,0,0.007984031936127744,0.001215066828675577,1.8894447300794424
braco direito,7,0,0.007984031936127744,0.001215066828675577,1.8894447300794424
perdendo,7,0,0.007984031936127744,0.001215066828675577,1.8894447300794424
besteira,7,0,0.007984031936127744,0.001215066828675577,1.8894447300794424
flagra,7,0,0.007984031936127744,0.001215066828675577,1.8894447300794424
vidente,7,0,0.007984031936127744,0.001215066828675577,1.8894447300794424
fim mundo,7,0,0.007984031936127744,0.001215066828675577,1.8894447300794424
leia-se,7,0,0.007984031936127744,0.001215066828675577,1.8894447300794424
brincadeira,7,0,0.007984031936127744,0.001215066828675577,1.8894447300794424
calada noite,7,0,0.007984031936127744,0.001215066828675577,1.8894447300794424
vaticano,7,0,0.007984031936127744,0.001215066828675577,1.8894447300794424
sbt,7,0,0.007984031936127744,0.001215066828675577,1.8894447300794424
missil nuclear,7,0,0.007984031936127744,0.001215066828675577,1.8894447300794424
bruckner diario,7,0,0.007984031936127744,0.001215066828675577,1.8894447300794424
capacidades,7,0,0.007984031936127744,0.001215066828675577,1.8894447300794424
delatou,7,0,0.007984031936127744,0.001215066828675577,1.8894447300794424
conseguia,7,0,0.007984031936127744,0.001215066828675577,1.8894447300794424
qualquer pessoa,7,0,0.007984031936127744,0.001215066828675577,1.8894447300794424
haveria,7,0,0.007984031936127744,0.001215066828675577,1.8894447300794424
confira video,7,0,0.007984031936127744,0.001215066828675577,1.8894447300794424
publicou video,7,0,0.007984031936127744,0.001215066828675577,1.8894447300794424
movendo,7,0,0.007984031936127744,0.001215066828675577,1.8894447300794424
antes historia,7,0,0.007984031936127744,0.001215066828675577,1.8894447300794424
pediu demissao,7,0,0.007984031936127744,0.001215066828675577,1.8894447300794424
digo,7,0,0.007984031936127744,0.001215066828675577,1.8894447300794424
noblat,7,0,0.007984031936127744,0.001215066828675577,1.8894447300794424
ricardo noblat,7,0,0.007984031936127744,0.001215066828675577,1.8894447300794424
processar,7,0,0.007984031936127744,0.001215066828675577,1.8894447300794424
dedo,7,0,0.007984031936127744,0.001215066828675577,1.8894447300794424
covarde,7,0,0.007984031936127744,0.001215066828675577,1.8894447300794424
ditador kim,7,0,0.007984031936127744,0.001215066828675577,1.8894447300794424
valdemiro santiago,7,0,0.007984031936127744,0.001215066828675577,1.8894447300794424
ops,7,0,0.007984031936127744,0.001215066828675577,1.8894447300794424
norte-americanos,7,0,0.007984031936127744,0.001215066828675577,1.8894447300794424
colunista leo,7,0,0.007984031936127744,0.001215066828675577,1.8894447300794424
alma honesta,7,0,0.007984031936127744,0.001215066828675577,1.8894447300794424
jornalista claudio,7,0,0.007984031936127744,0.001215066828675577,1.8894447300794424
governo corrupto,7,0,0.007984031936127744,0.001215066828675577,1.8894447300794424
eleicoes presidenciais,7,0,0.007984031936127744,0.001215066828675577,1.8894447300794424
repudio,7,0,0.007984031936127744,0.001215066828675577,1.8894447300794424
jovem pan,7,0,0.007984031936127744,0.001215066828675577,1.8894447300794424
religioso,7,0,0.007984031936127744,0.001215066828675577,1.8894447300794424
repare,7,0,0.007984031936127744,0.001215066828675577,1.8894447300794424
alta cupula,7,0,0.007984031936127744,0.001215066828675577,1.8894447300794424
classe politica,7,0,0.007984031936127744,0.001215066828675577,1.8894447300794424
cara,37,4,0.03792415169660679,0.006075334143377886,1.8639192892844871
urgente,22,2,0.022954091816367265,0.0036452004860267314,1.8596546249888286
imediatamente,36,4,0.036926147704590816,0.006075334143377886,1.8362142354738853
cuidado,14,1,0.014970059880239521,0.002430133657351154,1.830756090561212
ameacado,14,1,0.014970059880239521,0.002430133657351154,1.830756090561212
moca,14,1,0.014970059880239521,0.002430133657351154,1.830756090561212
revista veja,21,2,0.021956087824351298,0.0036452004860267314,1.8141819332838875
apresentador,27,3,0.027944111776447105,0.004860267314702308,1.7725829292658477
cidadao,47,6,0.04790419161676647,0.00850546780072904,1.769041545368398
cofres publicos,20,2,0.020958083832335328,0.0036452004860267314,1.7666420297482492
flagrante,13,1,0.013972055888223553,0.002430133657351154,1.760750560759874
voltando,13,1,0.013972055888223553,0.002430133657351154,1.760750560759874
sabendo,13,1,0.013972055888223553,0.002430133657351154,1.760750560759874
amanda,13,1,0.013972055888223553,0.002430133657351154,1.760750560759874
materia,53,7,0.05389221556886228,0.009720534629404616,1.7583761158702793
visitar,6,0,0.006986027944111776,0.001215066828675577,1.7549078069529012
acusando,6,0,0.006986027944111776,0.001215066828675577,1.7549078069529012
previu,6,0,0.006986027944111776,0.001215066828675577,1.7549078069529012
ignora,6,0,0.006986027944111776,0.001215066828675577,1.7549078069529012
postada,6,0,0.006986027944111776,0.001215066828675577,1.7549078069529012
ator global,6,0,0.006986027944111776,0.001215066828675577,1.7549078069529012
madrugada hoje,6,0,0.006986027944111776,0.001215066828675577,1.7549078069529012
honesta deste,6,0,0.006986027944111776,0.001215066828675577,1.7549078069529012
resolve,6,0,0.006986027944111776,0.001215066828675577,1.7549078069529012
chamava,6,0,0.006986027944111776,0.001215066828675577,1.7549078069529012
xingado,6,0,0.006986027944111776,0.001215066828675577,1.7549078069529012
debaixo,6,0,0.006986027944111776,0.001215066828675577,1.7549078069529012
representam,6,0,0.006986027944111776,0.001215066828675577,1.7549078069529012
repassar,6,0,0.006986027944111776,0.001215066828675577,1.7549078069529012
ogivas nucleares,6,0,0.006986027944111776,0.001215066828675577,1.7549078069529012
ogivas,6,0,0.006986027944111776,0.001215066828675577,1.7549078069529012
eis,6,0,0.006986027944111776,0.001215066828675577,1.7549078069529012
gravou video,6,0,0.006986027944111776,0.001215066828675577,1.7549078069529012
cervero,6,0,0.006986027944111776,0.001215066828675577,1.7549078069529012
email,6,0,0.006986027944111776,0.001215066828675577,1.7549078069529012
digna,6,0,0.006986027944111776,0.001215066828675577,1.7549078069529012
vamos explicar,6,0,0.006986027944111776,0.001215066828675577,1.7549078069529012
amor deus,6,0,0.006986027944111776,0.001215066828675577,1.7549078069529012
alguns meses,6,0,0.006986027944111776,0.001215066828675577,1.7549078069529012
gravata,6,0,0.006986027944111776,0.001215066828675577,1.7549078069529012
vazou,6,0,0.006986027944111776,0.001215066828675577,1.7549078069529012
comeu,6,0,0.006986027944111776,0.001215066828675577,1.7549078069529012
atras grades,6,0,0.006986027944111776,0.001215066828675577,1.7549078069529012
roberto teixeira,6,0,0.006986027944111776,0.001215066828675577,1.7549078069529012
nestor,6,0,0.006986027944111776,0.001215066828675577,1.7549078069529012
nestor cervero,6,0,0.006986027944111776,0.001215066828675577,1.7549078069529012
kim jon,6,0,0.006986027944111776,0.001215066828675577,1.7549078069529012
rouba,6,0,0.006986027944111776,0.001215066828675577,1.7549078069529012
pego,6,0,0.006986027944111776,0.001215066828675577,1.7549078069529012
destruido,6,0,0.006986027944111776,0.001215066828675577,1.7549078069529012
peixe,6,0,0.006986027944111776,0.001215066828675577,1.7549078069529012
dilma lula,6,0,0.006986027944111776,0.001215066828675577,1.7549078069529012
comprovado,6,0,0.006986027944111776,0.001215066828675577,1.7549078069529012
voltando assunto,6,0,0.006986027944111776,0.001215066828675577,1.7549078069529012
sic,6,0,0.006986027944111776,0.001215066828675577,1.7549078069529012
bonner,6,0,0.006986027944111776,0.001215066828675577,1.7549078069529012
fluxo,6,0,0.006986027944111776,0.001215066828675577,1.7549078069529012
flagrou,6,0,0.006986027944111776,0.001215066828675577,1.7549078069529012
estaremos,6,0,0.006986027944111776,0.001215066828675577,1.7549078069529012
sanguineo,6,0,0.006986027944111776,0.001215066828675577,1.7549078069529012
esposa lula,6,0,0.006986027944111776,0.001215066828675577,1.7549078069529012
trupe,6,0,0.006986027944111776,0.001215066828675577,1.7549078069529012
apoiam,6,0,0.006986027944111776,0.001215066828675577,1.7549078069529012
depoimento lula,6,0,0.006986027944111776,0.001215066828675577,1.7549078069529012
desembarcou,6,0,0.006986027944111776,0.001215066828675577,1.7549078069529012
condenar,6,0,0.006986027944111776,0.001215066828675577,1.7549078069529012
verbo,6,0,0.006986027944111776,0.001215066828675577,1.7549078069529012
moro respondeu,6,0,0.006986027944111776,0.001215066828675577,1.7549078069529012
seguindo,6,0,0.006986027944111776,0.001215066828675577,1.7549078069529012
segurancas,6,0,0.006986027944111776,0.001215066828675577,1.7549078069529012
calma,6,0,0.006986027944111776,0.001215066828675577,1.7549078069529012
safado,6,0,0.006986027944111776,0.001215066828675577,1.7549078069529012
caras,6,0,0.006986027944111776,0.001215066828675577,1.7549078069529012
cargo presidente,6,0,0.006986027944111776,0.001215066828675577,1.7549078069529012
urgencia votacao,6,0,0.006986027944111776,0.001215066828675577,1.7549078069529012
caju,6,0,0.006986027944111776,0.001215066828675577,1.7549078069529012
medidas corrupcao,6,0,0.006986027944111776,0.001215066828675577,1.7549078069529012
delacao fim,6,0,0.006986027944111776,0.001215066828675577,1.7549078069529012
viaturas,6,0,0.006986027944111776,0.001215066828675577,1.7549078069529012
delirio,6,0,0.006986027944111776,0.001215066828675577,1.7549078069529012
tipos,6,0,0.006986027944111776,0.001215066828675577,1.7549078069529012
levantou,6,0,0.006986027944111776,0.001215066828675577,1.7549078069529012
lewandowski,6,0,0.006986027944111776,0.001215066828675577,1.7549078069529012
imagem abaixo,6,0,0.006986027944111776,0.001215066828675577,1.7549078069529012
prisao irma,6,0,0.006986027944111776,0.001215066828675577,1.7549078069529012
abre aspas,6,0,0.006986027944111776,0.001215066828675577,1.7549078069529012
sustentar,6,0,0.006986027944111776,0.001215066828675577,1.7549078069529012
explicacao,6,0,0.006986027944111776,0.001215066828675577,1.7549078069529012
extremo,6,0,0.006986027944111776,0.001215066828675577,1.7549078069529012
extremas,6,0,0.006986027944111776,0.001215066828675577,1.7549078069529012
proximas eleicoes,6,0,0.006986027944111776,0.001215066828675577,1.7549078069529012
abaixo video,6,0,0.006986027944111776,0.001215066828675577,1.7549078069529012
algo,65,9,0.0658682634730539,0.012150668286755772,1.7461852821025987
deus,52,7,0.05289421157684631,0.009720534629404616,1.7386296865032205
postou,19,2,0.01996007984031936,0.0036452004860267314,1.7168330167897143
mega,12,1,0.012974051896207584,0.002430133657351154,1.685630954731308
juiz moro,12,1,0.012974051896207584,0.002430133657351154,1.685630954731308
cidadaos,12,1,0.012974051896207584,0.002430133657351154,1.685630954731308
daily,12,1,0.012974051896207584,0.002430133657351154,1.685630954731308
fecha,12,1,0.012974051896207584,0.002430133657351154,1.685630954731308
reais,43,6,0.043912175648702596,0.00850546780072904,1.6778460618561941
amanha,18,2,0.018962075848303395,0.0036452004860267314,1.664521910609463
irao,18,2,0.018962075848303395,0.0036452004860267314,1.664521910609463
minuto,18,2,0.018962075848303395,0.0036452004860267314,1.664521910609463
antagonista,24,3,0.0249500998003992,0.004860267314702308,1.6561788955585968
redes sociais,98,16,0.09880239520958084,0.020656136087484813,1.6482676951680166
cair,17,2,0.017964071856287425,0.0036452004860267314,1.6094379124341005
bandido,11,1,0.011976047904191617,0.002430133657351154,1.6045776355518484
honra,11,1,0.011976047904191617,0.002430133657351154,1.6045776355518484
demonstrou,11,1,0.011976047904191617,0.002430133657351154,1.6045776355518484
pobre,11,1,0.011976047904191617,0.002430133657351154,1.6045776355518484
nervoso,11,1,0.011976047904191617,0.002430133657351154,1.6045776355518484
teremos,11,1,0.011976047904191617,0.002430133657351154,1.6045776355518484
amanda nunes,11,1,0.011976047904191617,0.002430133657351154,1.6045776355518484
ultima sexta-feira,11,1,0.011976047904191617,0.002430133657351154,1.6045776355518484
quiser,11,1,0.011976047904191617,0.002430133657351154,1.6045776355518484
santiago,11,1,0.011976047904191617,0.002430133657351154,1.6045776355518484
pais vai,5,0,0.005988023952095809,0.001215066828675577,1.5997526066996377
jogado,5,0,0.005988023952095809,0.001215066828675577,1.5997526066996377
cogita,5,0,0.005988023952095809,0.001215066828675577,1.5997526066996377
paises comunistas,5,0,0.005988023952095809,0.001215066828675577,1.5997526066996377
citada acima,5,0,0.005988023952095809,0.001215066828675577,1.5997526066996377
circulando,5,0,0.005988023952095809,0.001215066828675577,1.5997526066996377
pastor igreja,5,0,0.005988023952095809,0.001215066828675577,1.5997526066996377
destruiram,5,0,0.005988023952095809,0.001215066828675577,1.5997526066996377
recebidas,5,0,0.005988023952095809,0.001215066828675577,1.5997526066996377
irritou,5,0,0.005988023952095809,0.001215066828675577,1.5997526066996377
aneurisma,5,0,0.005988023952095809,0.001215066828675577,1.5997526066996377
okamoto,5,0,0.005988023952095809,0.001215066828675577,1.5997526066996377
cidada,5,0,0.005988023952095809,0.001215066828675577,1.5997526066996377
notar,5,0,0.005988023952095809,0.001215066828675577,1.5997526066996377
identificada,5,0,0.005988023952095809,0.001215066828675577,1.5997526066996377
assista partir,5,0,0.005988023952095809,0.001215066828675577,1.5997526066996377
fixa,5,0,0.005988023952095809,0.001215066828675577,1.5997526066996377
postado redes,5,0,0.005988023952095809,0.001215066828675577,1.5997526066996377
fez alerta,5,0,0.005988023952095809,0.001215066828675577,1.5997526066996377
proporcoes mundiais,5,0,0.005988023952095809,0.001215066828675577,1.5997526066996377
video redes,5,0,0.005988023952095809,0.001215066828675577,1.5997526066996377
correu,5,0,0.005988023952095809,0.001215066828675577,1.5997526066996377
acordo revista,5,0,0.005988023952095809,0.001215066828675577,1.5997526066996377
pretensoes,5,0,0.005988023952095809,0.001215066828675577,1.5997526066996377
inicio desta,5,0,0.005988023952095809,0.001215066828675577,1.5997526066996377
tomara,5,0,0.005988023952095809,0.001215066828675577,1.5997526066996377
policia local,5,0,0.005988023952095809,0.001215066828675577,1.5997526066996377
mentor,5,0,0.005988023952095809,0.001215066828675577,1.5997526066996377
bernardes,5,0,0.005988023952095809,0.001215066828675577,1.5997526066996377
beneficiarios repasses,5,0,0.005988023952095809,0.001215066828675577,1.5997526066996377
min,5,0,0.005988023952095809,0.001215066828675577,1.5997526066996377
milhas,5,0,0.005988023952095809,0.001215066828675577,1.5997526066996377
fotografo,5,0,0.005988023952095809,0.001215066828675577,1.5997526066996377
estragada,5,0,0.005988023952095809,0.001215066828675577,1.5997526066996377
aprender,5,0,0.005988023952095809,0.001215066828675577,1.5997526066996377
bobo,5,0,0.005988023952095809,0.001215066828675577,1.5997526066996377
mil visualizacoes,5,0,0.005988023952095809,0.001215066828675577,1.5997526066996377
sistema defesa,5,0,0.005988023952095809,0.001215066828675577,1.5997526066996377
nervosismo,5,0,0.005988023952095809,0.001215066828675577,1.5997526066996377
retrospectiva2017 asmaislidas,5,0,0.005988023952095809,0.001215066828675577,1.5997526066996377
discurso feito,5,0,0.005988023952095809,0.001215066828675577,1.5997526066996377
grava,5,0,0.005988023952095809,0.001215066828675577,1.5997526066996377
reino eremita,5,0,0.005988023952095809,0.001215066828675577,1.5997526066996377
patrao,5,0,0.005988023952095809,0.001215066828675577,1.5997526066996377
vai dizer,5,0,0.005988023952095809,0.001215066828675577,1.5997526066996377
vai parar,5,0,0.005988023952095809,0.001215066828675577,1.5997526066996377
reveillon,5,0,0.005988023952095809,0.001215066828675577,1.5997526066996377
nobre parlamentar,5,0,0.005988023952095809,0.001215066828675577,1.5997526066996377
emitiu alerta,5,0,0.005988023952095809,0.001215066828675577,1.5997526066996377
aparentava,5,0,0.005988023952095809,0.001215066828675577,1.5997526066996377
paulo henrique,5,0,0.005988023952095809,0.001215066828675577,1.5997526066996377
pede desculpas,5,0,0.005988023952095809,0.001215066828675577,1.5997526066996377
carvalho diario,5,0,0.005988023952095809,0.001215066828675577,1.5997526066996377
fundo poco,5,0,0.005988023952095809,0.001215066828675577,1.5997526066996377
comete,5,0,0.005988023952095809,0.001215066828675577,1.5997526066996377
garcia,5,0,0.005988023952095809,0.001215066828675577,1.5997526066996377
emociona,5,0,0.005988023952095809,0.001215066828675577,1.5997526066996377
assistindo,5,0,0.005988023952095809,0.001215066828675577,1.5997526066996377
filmou,5,0,0.005988023952095809,0.001215066828675577,1.5997526066996377
atual ministro,5,0,0.005988023952095809,0.001215066828675577,1.5997526066996377
asmaislidas,5,0,0.005988023952095809,0.001215066828675577,1.5997526066996377
lula tenta,5,0,0.005988023952095809,0.001215066828675577,1.5997526066996377
federal atraves,5,0,0.005988023952095809,0.001215066828675577,1.5997526066996377
internado hospital,5,0,0.005988023952095809,0.001215066828675577,1.5997526066996377
hospedado,5,0,0.005988023952095809,0.001215066828675577,1.5997526066996377
atraves redes,5,0,0.005988023952095809,0.001215066828675577,1.5997526066996377
praticou,5,0,0.005988023952095809,0.001215066828675577,1.5997526066996377
territorio nacional,5,0,0.005988023952095809,0.001215066828675577,1.5997526066996377
atacada,5,0,0.005988023952095809,0.001215066828675577,1.5997526066996377
lula acusado,5,0,0.005988023952095809,0.001215066828675577,1.5997526066996377
alimentacao,5,0,0.005988023952095809,0.001215066828675577,1.5997526066996377
willian,5,0,0.005988023952095809,0.001215066828675577,1.5997526066996377
senadores ministros,5,0,0.005988023952095809,0.001215066828675577,1.5997526066996377
gritou,5,0,0.005988023952095809,0.001215066828675577,1.5997526066996377
desse pais,5,0,0.005988023952095809,0.001215066828675577,1.5997526066996377
quer tirar,5,0,0.005988023952095809,0.001215066828675577,1.5997526066996377
perdao,5,0,0.005988023952095809,0.001215066828675577,1.5997526066996377
isis,5,0,0.005988023952095809,0.001215066828675577,1.5997526066996377
ex-presidenta,5,0,0.005988023952095809,0.001215066828675577,1.5997526066996377
sera condenado,5,0,0.005988023952095809,0.001215066828675577,1.5997526066996377
intervir,5,0,0.005988023952095809,0.001215066828675577,1.5997526066996377
irma senador,5,0,0.005988023952095809,0.001215066828675577,1.5997526066996377
eremita,5,0,0.005988023952095809,0.001215066828675577,1.5997526066996377
questao ressaltar,5,0,0.005988023952095809,0.001215066828675577,1.5997526066996377
mortal,5,0,0.005988023952095809,0.001215066828675577,1.5997526066996377
segmento,5,0,0.005988023952095809,0.001215066828675577,1.5997526066996377
privacidade,5,0,0.005988023952095809,0.001215066828675577,1.5997526066996377
aconteceu ultimo,5,0,0.005988023952095809,0.001215066828675577,1.5997526066996377
presidente carmen,5,0,0.005988023952095809,0.001215066828675577,1.5997526066996377
imagina,5,0,0.005988023952095809,0.001215066828675577,1.5997526066996377
super,5,0,0.005988023952095809,0.001215066828675577,1.5997526066996377
policia legislativa,5,0,0.005988023952095809,0.001215066828675577,1.5997526066996377
publicou materia,5,0,0.005988023952095809,0.001215066828675577,1.5997526066996377
levantaram,5,0,0.005988023952095809,0.001215066828675577,1.5997526066996377
politico brasileiro,5,0,0.005988023952095809,0.001215066828675577,1.5997526066996377
video postado,5,0,0.005988023952095809,0.001215066828675577,1.5997526066996377
contratou,5,0,0.005988023952095809,0.001215066828675577,1.5997526066996377
contados,5,0,0.005988023952095809,0.001215066828675577,1.5997526066996377
falecido,5,0,0.005988023952095809,0.001215066828675577,1.5997526066996377
faltar,5,0,0.005988023952095809,0.001215066828675577,1.5997526066996377
faleceu,5,0,0.005988023952095809,0.001215066828675577,1.5997526066996377
subir,5,0,0.005988023952095809,0.001215066828675577,1.5997526066996377
escreve,5,0,0.005988023952095809,0.001215066828675577,1.5997526066996377
aguardando,5,0,0.005988023952095809,0.001215066828675577,1.5997526066996377
fortemente,5,0,0.005988023952095809,0.001215066828675577,1.5997526066996377
fugiram,5,0,0.005988023952095809,0.001215066828675577,1.5997526066996377
lascou,5,0,0.005988023952095809,0.001215066828675577,1.5997526066996377
leia aqui,5,0,0.005988023952095809,0.001215066828675577,1.5997526066996377
piada,5,0,0.005988023952095809,0.001215066828675577,1.5997526066996377
agindo,5,0,0.005988023952095809,0.001215066828675577,1.5997526066996377
podemos fazer,5,0,0.005988023952095809,0.001215066828675577,1.5997526066996377
politicamente,5,0,0.005988023952095809,0.001215066828675577,1.5997526066996377
porta-avioes uss,5,0,0.005988023952095809,0.001215066828675577,1.5997526066996377
conta propria,5,0,0.005988023952095809,0.001215066828675577,1.5997526066996377
aereas,5,0,0.005988023952095809,0.001215066828675577,1.5997526066996377
status,5,0,0.005988023952095809,0.001215066828675577,1.5997526066996377
medico familia,5,0,0.005988023952095809,0.001215066828675577,1.5997526066996377
beneficiario milhoes,5,0,0.005988023952095809,0.001215066828675577,1.5997526066996377
fatima bernardes,5,0,0.005988023952095809,0.001215066828675577,1.5997526066996377
temer decidiu,5,0,0.005988023952095809,0.001215066828675577,1.5997526066996377
fecha aspas,5,0,0.005988023952095809,0.001215066828675577,1.5997526066996377
redes,101,18,0.10179640718562874,0.023086269744835967,1.567738339972486
postagem,16,2,0.016966067864271458,0.0036452004860267314,1.5512637544743164
comunista,16,2,0.016966067864271458,0.0036452004860267314,1.5512637544743164
demissao,16,2,0.016966067864271458,0.0036452004860267314,1.5512637544743164
cofres,21,3,0.021956087824351298,0.004860267314702308,1.5252796044268773
turno,10,1,0.010978043912175649,0.002430133657351154,1.5165566673608657
envolvido,10,1,0.010978043912175649,0.002430133657351154,1.5165566673608657
comandante,10,1,0.010978043912175649,0.002430133657351154,1.5165566673608657
vagabundo,10,1,0.010978043912175649,0.002430133657351154,1.5165566673608657
queremos,10,1,0.010978043912175649,0.002430133657351154,1.5165566673608657
politicos corruptos,10,1,0.010978043912175649,0.002430133657351154,1.5165566673608657
dinheiro vivo,10,1,0.010978043912175649,0.002430133657351154,1.5165566673608657
aparecer,10,1,0.010978043912175649,0.002430133657351154,1.5165566673608657
acordo jornalista,10,1,0.010978043912175649,0.002430133657351154,1.5165566673608657
avisou,10,1,0.010978043912175649,0.002430133657351154,1.5165566673608657
tantos,10,1,0.010978043912175649,0.002430133657351154,1.5165566673608657
fonte,47,8,0.04790419161676647,0.010935601458080195,1.5152731281259255
jornalista,77,14,0.07784431137724551,0.018226002430133656,1.514508612466793
ontem,72,13,0.07285429141716566,0.01701093560145808,1.5130922897777856
estaria,41,7,0.041916167664670656,0.009720534629404616,1.494482905382513
deram,15,2,0.015968063872255488,0.0036452004860267314,1.4896244192273347
pessoais,15,2,0.015968063872255488,0.0036452004860267314,1.4896244192273347
tais,25,4,0.02594810379241517,0.006075334143377886,1.4720583757770367
ultima semana,25,4,0.02594810379241517,0.006075334143377886,1.4720583757770367
acabar,25,4,0.02594810379241517,0.006075334143377886,1.4720583757770367
tirar,34,6,0.03493013972055888,0.00850546780072904,1.4396537719449127
dinheiro publico,29,5,0.029940119760479042,0.007290400972053463,1.4357212028336641
aparece,29,5,0.029940119760479042,0.007290400972053463,1.4357212028336641
tal,48,9,0.04890219560878244,0.012150668286755772,1.4303514110101894
diretamente,19,3,0.01996007984031936,0.004860267314702308,1.427930687932704
vergonha,19,3,0.01996007984031936,0.004860267314702308,1.427930687932704
merece,14,2,0.014970059880239521,0.0036452004860267314,1.4240722132589179
chapecoense,14,2,0.014970059880239521,0.0036452004860267314,1.4240722132589179
alma,14,2,0.014970059880239521,0.0036452004860267314,1.4240722132589179
emitiu,14,2,0.014970059880239521,0.0036452004860267314,1.4240722132589179
culpa,9,1,0.00998003992015968,0.002430133657351154,1.420237914601656
funcionaria,9,1,0.00998003992015968,0.002430133657351154,1.420237914601656
comunistas,9,1,0.00998003992015968,0.002430133657351154,1.420237914601656
istoe,9,1,0.00998003992015968,0.002430133657351154,1.420237914601656
interessante,9,1,0.00998003992015968,0.002430133657351154,1.420237914601656
presidenciais,9,1,0.00998003992015968,0.002430133657351154,1.420237914601656
dallagnol,9,1,0.00998003992015968,0.002430133657351154,1.420237914601656
acontecendo,9,1,0.00998003992015968,0.002430133657351154,1.420237914601656
instalacoes,9,1,0.00998003992015968,0.002430133657351154,1.420237914601656
deltan dallagnol,9,1,0.00998003992015968,0.002430133657351154,1.420237914601656
governo estadual,9,1,0.00998003992015968,0.002430133657351154,1.420237914601656
publicar,9,1,0.00998003992015968,0.002430133657351154,1.420237914601656
folha paulo,9,1,0.00998003992015968,0.002430133657351154,1.420237914601656
deltan,9,1,0.00998003992015968,0.002430133657351154,1.420237914601656
explodir,9,1,0.00998003992015968,0.002430133657351154,1.420237914601656
mail,9,1,0.00998003992015968,0.002430133657351154,1.420237914601656
citada,9,1,0.00998003992015968,0.002430133657351154,1.420237914601656
mentira,9,1,0.00998003992015968,0.002430133657351154,1.420237914601656
ficarao,9,1,0.00998003992015968,0.002430133657351154,1.420237914601656
ditado,9,1,0.00998003992015968,0.002430133657351154,1.420237914601656
record,9,1,0.00998003992015968,0.002430133657351154,1.420237914601656
link,9,1,0.00998003992015968,0.002430133657351154,1.420237914601656
trocando,9,1,0.00998003992015968,0.002430133657351154,1.420237914601656
messias,9,1,0.00998003992015968,0.002430133657351154,1.420237914601656
proporcoes,9,1,0.00998003992015968,0.002430133657351154,1.420237914601656
caminhao,9,1,0.00998003992015968,0.002430133657351154,1.420237914601656
desabafou,9,1,0.00998003992015968,0.002430133657351154,1.420237914601656
profissao,9,1,0.00998003992015968,0.002430133657351154,1.420237914601656
daily mail,9,1,0.00998003992015968,0.002430133657351154,1.420237914601656
facam,9,1,0.00998003992015968,0.002430133657351154,1.420237914601656
revelacao,9,1,0.00998003992015968,0.002430133657351154,1.420237914601656
ruim,9,1,0.00998003992015968,0.002430133657351154,1.420237914601656
age,9,1,0.00998003992015968,0.002430133657351154,1.420237914601656
confirmado,9,1,0.00998003992015968,0.002430133657351154,1.420237914601656
odio,9,1,0.00998003992015968,0.002430133657351154,1.420237914601656
sociais,107,23,0.10778443113772455,0.02916160388821385,1.3917325673690346
esposa,41,8,0.041916167664670656,0.010935601458080195,1.3754721224878073
verdadeiro,13,2,0.013972055888223553,0.0036452004860267314,1.3540666834575799
declara,13,2,0.013972055888223553,0.0036452004860267314,1.3540666834575799
mala,13,2,0.013972055888223553,0.0036452004860267314,1.3540666834575799
tamanho,13,2,0.013972055888223553,0.0036452004860267314,1.3540666834575799
encerrou,13,2,0.013972055888223553,0.0036452004860267314,1.3540666834575799
breve,13,2,0.013972055888223553,0.0036452004860267314,1.3540666834575799
mil reais,13,2,0.013972055888223553,0.0036452004860267314,1.3540666834575799
caos,13,2,0.013972055888223553,0.0036452004860267314,1.3540666834575799
conhece,13,2,0.013972055888223553,0.0036452004860267314,1.3540666834575799
milhoes dolares,13,2,0.013972055888223553,0.0036452004860267314,1.3540666834575799
sabemos,13,2,0.013972055888223553,0.0036452004860267314,1.3540666834575799
comentou,22,4,0.022954091816367265,0.006075334143377886,1.3463869975672864
dolares,22,4,0.022954091816367265,0.006075334143377886,1.3463869975672864
possuem,22,4,0.022954091816367265,0.006075334143377886,1.3463869975672864
claro,39,8,0.03992015968063872,0.010935601458080195,1.3246007921145506
limites,17,3,0.017964071856287425,0.004860267314702308,1.3205355835770902
particular,17,3,0.017964071856287425,0.004860267314702308,1.3205355835770902
relato,17,3,0.017964071856287425,0.004860267314702308,1.3205355835770902
pastor,17,3,0.017964071856287425,0.004860267314702308,1.3205355835770902
revista,43,9,0.043912175648702596,0.012150668286755772,1.3174878725011658
ironia,8,1,0.008982035928143712,0.002430133657351154,1.3138698421835304
recusa,8,1,0.008982035928143712,0.002430133657351154,1.3138698421835304
pau,8,1,0.008982035928143712,0.002430133657351154,1.3138698421835304
esquemas,8,1,0.008982035928143712,0.002430133657351154,1.3138698421835304
corpo bombeiros,8,1,0.008982035928143712,0.002430133657351154,1.3138698421835304
ler,8,1,0.008982035928143712,0.002430133657351154,1.3138698421835304
dessa vez,8,1,0.008982035928143712,0.002430133657351154,1.3138698421835304
livrar,8,1,0.008982035928143712,0.002430133657351154,1.3138698421835304
postagens,8,1,0.008982035928143712,0.002430133657351154,1.3138698421835304
golpista,8,1,0.008982035928143712,0.002430133657351154,1.3138698421835304
neste momento,8,1,0.008982035928143712,0.002430133657351154,1.3138698421835304
chamando,8,1,0.008982035928143712,0.002430133657351154,1.3138698421835304
tiro,8,1,0.008982035928143712,0.002430133657351154,1.3138698421835304
paranaense,8,1,0.008982035928143712,0.002430133657351154,1.3138698421835304
beneficiario,8,1,0.008982035928143712,0.002430133657351154,1.3138698421835304
correio,8,1,0.008982035928143712,0.002430133657351154,1.3138698421835304
trabalhador,8,1,0.008982035928143712,0.002430133657351154,1.3138698421835304
seguro,8,1,0.008982035928143712,0.002430133657351154,1.3138698421835304
inteligente,8,1,0.008982035928143712,0.002430133657351154,1.3138698421835304
absurdo,8,1,0.008982035928143712,0.002430133657351154,1.3138698421835304
kcna,12,2,0.012974051896207584,0.0036452004860267314,1.278947077429014
roubar,12,2,0.012974051896207584,0.0036452004860267314,1.278947077429014
libanes,12,2,0.012974051896207584,0.0036452004860267314,1.278947077429014
encerrar,12,2,0.012974051896207584,0.0036452004860267314,1.278947077429014
sirio libanes,12,2,0.012974051896207584,0.0036452004860267314,1.278947077429014
ganha,12,2,0.012974051896207584,0.0036452004860267314,1.278947077429014
desculpas,16,3,0.016966067864271458,0.004860267314702308,1.2623614256173061
nunes,16,3,0.016966067864271458,0.004860267314702308,1.2623614256173061
cima,16,3,0.016966067864271458,0.004860267314702308,1.2623614256173061
senhora,16,3,0.016966067864271458,0.004860267314702308,1.2623614256173061
video,145,37,0.14570858283433133,0.046172539489671933,1.259433803622617
colunista,28,6,0.028942115768463075,0.00850546780072904,1.2454159537092622
atacar,28,6,0.028942115768463075,0.00850546780072904,1.2454159537092622
usou,32,7,0.03293413173652695,0.009720534629404616,1.2439895211367409
seguinte,36,8,0.036926147704590816,0.010935601458080195,1.243525599971559
coisa,73,18,0.07385229540918163,0.023086269744835967,1.2161936504304949
sou,31,7,0.031936127744510975,0.009720534629404616,1.2121864028633245
midia,31,7,0.031936127744510975,0.009720534629404616,1.2121864028633245
provavelmente,27,6,0.027944111776447105,0.00850546780072904,1.2092974124414622
maos,27,6,0.027944111776447105,0.00850546780072904,1.2092974124414622
dizia,23,5,0.023952095808383235,0.007290400972053463,1.2064237859450762
continuou,23,5,0.023952095808383235,0.007290400972053463,1.2064237859450762
braco,15,3,0.015968063872255488,0.004860267314702308,1.2007220903703244
flagrado,15,3,0.015968063872255488,0.004860267314702308,1.2007220903703244
nobre,15,3,0.015968063872255488,0.004860267314702308,1.2007220903703244
serio,11,2,0.011976047904191617,0.0036452004860267314,1.1978937582495544
rapaz,11,2,0.011976047904191617,0.0036452004860267314,1.1978937582495544
morrer,11,2,0.011976047904191617,0.0036452004860267314,1.1978937582495544
certeza,11,2,0.011976047904191617,0.0036452004860267314,1.1978937582495544
chances,11,2,0.011976047904191617,0.0036452004860267314,1.1978937582495544
comigo,11,2,0.011976047904191617,0.0036452004860267314,1.1978937582495544
jornais,11,2,0.011976047904191617,0.0036452004860267314,1.1978937582495544
cometeu,11,2,0.011976047904191617,0.0036452004860267314,1.1978937582495544
provar,11,2,0.011976047904191617,0.0036452004860267314,1.1978937582495544
soltar,11,2,0.011976047904191617,0.0036452004860267314,1.1978937582495544
alimentos,11,2,0.011976047904191617,0.0036452004860267314,1.1978937582495544
tanta,11,2,0.011976047904191617,0.0036452004860267314,1.1978937582495544
pagas,11,2,0.011976047904191617,0.0036452004860267314,1.1978937582495544
absoluto,7,1,0.007984031936127744,0.002430133657351154,1.1950802639157452
ladrao,7,1,0.007984031936127744,0.002430133657351154,1.1950802639157452
invasao,7,1,0.007984031936127744,0.002430133657351154,1.1950802639157452
ilicito,7,1,0.007984031936127744,0.002430133657351154,1.1950802639157452
rapidamente,7,1,0.007984031936127744,0.002430133657351154,1.1950802639157452
tese,7,1,0.007984031936127744,0.002430133657351154,1.1950802639157452
exame corpo,7,1,0.007984031936127744,0.002430133657351154,1.1950802639157452
bom senso,7,1,0.007984031936127744,0.002430133657351154,1.1950802639157452
montar,7,1,0.007984031936127744,0.002430133657351154,1.1950802639157452
corpo delito,7,1,0.007984031936127744,0.002430133657351154,1.1950802639157452
transportar,7,1,0.007984031936127744,0.002430133657351154,1.1950802639157452
emocional,7,1,0.007984031936127744,0.002430133657351154,1.1950802639157452
alvorada,7,1,0.007984031936127744,0.002430133657351154,1.1950802639157452
medicamentos,7,1,0.007984031936127744,0.002430133657351154,1.1950802639157452
competentes,7,1,0.007984031936127744,0.002430133657351154,1.1950802639157452
comandada,7,1,0.007984031936127744,0.002430133657351154,1.1950802639157452
pmdb psdb,7,1,0.007984031936127744,0.002430133657351154,1.1950802639157452
jbs-friboi,7,1,0.007984031936127744,0.002430133657351154,1.1950802639157452
edir,7,1,0.007984031936127744,0.002430133657351154,1.1950802639157452
face,7,1,0.007984031936127744,0.002430133657351154,1.1950802639157452
edir macedo,7,1,0.007984031936127744,0.002430133657351154,1.1950802639157452
respectivos,7,1,0.007984031936127744,0.002430133657351154,1.1950802639157452
esperava,7,1,0.007984031936127744,0.002430133657351154,1.1950802639157452
dao conta,7,1,0.007984031936127744,0.002430133657351154,1.1950802639157452
visualizacoes,7,1,0.007984031936127744,0.002430133657351154,1.1950802639157452
tivemos,7,1,0.007984031936127744,0.002430133657351154,1.1950802639157452
leitao,7,1,0.007984031936127744,0.002430133657351154,1.1950802639157452
encerra,7,1,0.007984031936127744,0.002430133657351154,1.1950802639157452
entraram,7,1,0.007984031936127744,0.002430133657351154,1.1950802639157452
armados,7,1,0.007984031936127744,0.002430133657351154,1.1950802639157452
gostou,7,1,0.007984031936127744,0.002430133657351154,1.1950802639157452
jon,7,1,0.007984031936127744,0.002430133657351154,1.1950802639157452
cantora,7,1,0.007984031936127744,0.002430133657351154,1.1950802639157452
grau,7,1,0.007984031936127744,0.002430133657351154,1.1950802639157452
frota,7,1,0.007984031936127744,0.002430133657351154,1.1950802639157452
fronteiras,7,1,0.007984031936127744,0.002430133657351154,1.1950802639157452
definitivamente,7,1,0.007984031936127744,0.002430133657351154,1.1950802639157452
milionario,7,1,0.007984031936127744,0.002430133657351154,1.1950802639157452
publicou,53,13,0.05389221556886228,0.01701093560145808,1.191371131752486
sim,41,10,0.041916167664670656,0.013365735115431349,1.1723414011847937
criminoso,18,4,0.018962075848303395,0.006075334143377886,1.151254283187921
provavel,18,4,0.018962075848303395,0.006075334143377886,1.151254283187921
globo,89,24,0.08982035928143713,0.030376670716889428,1.1474024528375417
hoje,195,58,0.19560878243512975,0.07168894289185905,1.14706126198469
aproximadamente,14,3,0.014970059880239521,0.004860267314702308,1.1351698844019076
dilma temer,14,3,0.014970059880239521,0.004860267314702308,1.1351698844019076
usando,25,6,0.02594810379241517,0.00850546780072904,1.133138157517183
tentou,43,11,0.043912175648702596,0.014580801944106925,1.132703260274813
aqueles,21,5,0.021956087824351298,0.007290400972053463,1.117369507325646
manda,21,5,0.021956087824351298,0.007290400972053463,1.117369507325646
estamos,49,13,0.0499001996007984,0.01701093560145808,1.110199558080014
meios,10,2,0.010978043912175649,0.0036452004860267314,1.1098727900585716
obvio,10,2,0.010978043912175649,0.0036452004860267314,1.1098727900585716
cela,10,2,0.010978043912175649,0.0036452004860267314,1.1098727900585716
vinson,10,2,0.010978043912175649,0.0036452004860267314,1.1098727900585716
carl,10,2,0.010978043912175649,0.0036452004860267314,1.1098727900585716
assassinado,10,2,0.010978043912175649,0.0036452004860267314,1.1098727900585716
disparou,10,2,0.010978043912175649,0.0036452004860267314,1.1098727900585716
ultima quinta-feira,10,2,0.010978043912175649,0.0036452004860267314,1.1098727900585716
corre risco,10,2,0.010978043912175649,0.0036452004860267314,1.1098727900585716
demonstra,10,2,0.010978043912175649,0.0036452004860267314,1.1098727900585716
ultima terca-feira,10,2,0.010978043912175649,0.0036452004860267314,1.1098727900585716
estariam,10,2,0.010978043912175649,0.0036452004860267314,1.1098727900585716
california,10,2,0.010978043912175649,0.0036452004860267314,1.1098727900585716
delito,10,2,0.010978043912175649,0.0036452004860267314,1.1098727900585716
sugere,10,2,0.010978043912175649,0.0036452004860267314,1.1098727900585716
atual presidente,10,2,0.010978043912175649,0.0036452004860267314,1.1098727900585716
trabalhando,10,2,0.010978043912175649,0.0036452004860267314,1.1098727900585716
carl vinson,10,2,0.010978043912175649,0.0036452004860267314,1.1098727900585716
presidente trump,10,2,0.010978043912175649,0.0036452004860267314,1.1098727900585716
aconteceu,62,17,0.06287425149700598,0.02187120291616039,1.0987897667056683
coragem,17,4,0.017964071856287425,0.006075334143377886,1.0961702850125583
nacao,17,4,0.017964071856287425,0.006075334143377886,1.0961702850125583
revelou,24,6,0.0249500998003992,0.00850546780072904,1.0928933787342112
podera,78,22,0.07884231536926148,0.027946537059538274,1.0909361297029467
ira,64,18,0.06487025948103792,0.023086269744835967,1.0768642776697406
instituicoes,20,5,0.020958083832335328,0.007290400972053463,1.0698296037900077
chamar,20,5,0.020958083832335328,0.007290400972053463,1.0698296037900077
deputado jair,13,3,0.013972055888223553,0.004860267314702308,1.0651643546005696
salvar,13,3,0.013972055888223553,0.004860267314702308,1.0651643546005696
acusou,13,3,0.013972055888223553,0.004860267314702308,1.0651643546005696
video mostra,13,3,0.013972055888223553,0.004860267314702308,1.0651643546005696
tropas,13,3,0.013972055888223553,0.004860267314702308,1.0651643546005696
bilhao,13,3,0.013972055888223553,0.004860267314702308,1.0651643546005696
forca aerea,13,3,0.013972055888223553,0.004860267314702308,1.0651643546005696
autoria,13,3,0.013972055888223553,0.004860267314702308,1.0651643546005696
claramente,13,3,0.013972055888223553,0.004860267314702308,1.0651643546005696
qualquer momento,13,3,0.013972055888223553,0.004860267314702308,1.0651643546005696
dama,13,3,0.013972055888223553,0.004860267314702308,1.0651643546005696
primeiro mandato,6,1,0.006986027944111776,0.002430133657351154,1.060543340789204
pensando,6,1,0.006986027944111776,0.002430133657351154,1.060543340789204
pedia,6,1,0.006986027944111776,0.002430133657351154,1.060543340789204
computadores,6,1,0.006986027944111776,0.002430133657351154,1.060543340789204
sentir,6,1,0.006986027944111776,0.002430133657351154,1.060543340789204
air,6,1,0.006986027944111776,0.002430133657351154,1.060543340789204
pedi,6,1,0.006986027944111776,0.002430133657351154,1.060543340789204
publicidade,6,1,0.006986027944111776,0.002430133657351154,1.060543340789204
mayer,6,1,0.006986027944111776,0.002430133657351154,1.060543340789204
shopping,6,1,0.006986027944111776,0.002430133657351154,1.060543340789204
mesada,6,1,0.006986027944111776,0.002430133657351154,1.060543340789204
bem claro,6,1,0.006986027944111776,0.002430133657351154,1.060543340789204
amaral,6,1,0.006986027944111776,0.002430133657351154,1.060543340789204
amorim,6,1,0.006986027944111776,0.002430133657351154,1.060543340789204
juntamente,6,1,0.006986027944111776,0.002430133657351154,1.060543340789204
prontidao,6,1,0.006986027944111776,0.002430133657351154,1.060543340789204
aviso,6,1,0.006986027944111776,0.002430133657351154,1.060543340789204
arquivo,6,1,0.006986027944111776,0.002430133657351154,1.060543340789204
chamou atencao,6,1,0.006986027944111776,0.002430133657351154,1.060543340789204
chefao,6,1,0.006986027944111776,0.002430133657351154,1.060543340789204
causando,6,1,0.006986027944111776,0.002430133657351154,1.060543340789204
gostaria,6,1,0.006986027944111776,0.002430133657351154,1.060543340789204
copa mundo,6,1,0.006986027944111776,0.002430133657351154,1.060543340789204
tomou conta,6,1,0.006986027944111776,0.002430133657351154,1.060543340789204
retornar,6,1,0.006986027944111776,0.002430133657351154,1.060543340789204
necessariamente,6,1,0.006986027944111776,0.002430133657351154,1.060543340789204
receber propina,6,1,0.006986027944111776,0.002430133657351154,1.060543340789204
costuma,6,1,0.006986027944111776,0.002430133657351154,1.060543340789204
descoberto,6,1,0.006986027944111776,0.002430133657351154,1.060543340789204
atracao,6,1,0.006986027944111776,0.002430133657351154,1.060543340789204
querer,6,1,0.006986027944111776,0.002430133657351154,1.060543340789204
bombardeiros,6,1,0.006986027944111776,0.002430133657351154,1.060543340789204
senado federal,6,1,0.006986027944111776,0.002430133657351154,1.060543340789204
trump declarou,6,1,0.006986027944111776,0.002430133657351154,1.060543340789204
vera,6,1,0.006986027944111776,0.002430133657351154,1.060543340789204
natural,6,1,0.006986027944111776,0.002430133657351154,1.060543340789204
envia,6,1,0.006986027944111776,0.002430133657351154,1.060543340789204
contendo,6,1,0.006986027944111776,0.002430133657351154,1.060543340789204
provocar,6,1,0.006986027944111776,0.002430133657351154,1.060543340789204
dividas,6,1,0.006986027944111776,0.002430133657351154,1.060543340789204
referia,6,1,0.006986027944111776,0.002430133657351154,1.060543340789204
passa bem,6,1,0.006986027944111776,0.002430133657351154,1.060543340789204
faziam,6,1,0.006986027944111776,0.002430133657351154,1.060543340789204
magalhaes,6,1,0.006986027944111776,0.002430133657351154,1.060543340789204
tentativa homicidio,6,1,0.006986027944111776,0.002430133657351154,1.060543340789204
chineses,6,1,0.006986027944111776,0.002430133657351154,1.060543340789204
respeita,6,1,0.006986027944111776,0.002430133657351154,1.060543340789204
ouca,6,1,0.006986027944111776,0.002430133657351154,1.060543340789204
doou,6,1,0.006986027944111776,0.002430133657351154,1.060543340789204
clientes,6,1,0.006986027944111776,0.002430133657351154,1.060543340789204
cnn,6,1,0.006986027944111776,0.002430133657351154,1.060543340789204
vermelha,6,1,0.006986027944111776,0.002430133657351154,1.060543340789204
historia deste,6,1,0.006986027944111776,0.002430133657351154,1.060543340789204
papuda,6,1,0.006986027944111776,0.002430133657351154,1.060543340789204
palhaco,6,1,0.006986027944111776,0.002430133657351154,1.060543340789204
escarpas lago,6,1,0.006986027944111776,0.002430133657351154,1.060543340789204
escarpas,6,1,0.006986027944111776,0.002430133657351154,1.060543340789204
mst,6,1,0.006986027944111776,0.002430133657351154,1.060543340789204
escrito,6,1,0.006986027944111776,0.002430133657351154,1.060543340789204
mentiroso,6,1,0.006986027944111776,0.002430133657351154,1.060543340789204
ultrapassou,6,1,0.006986027944111776,0.002430133657351154,1.060543340789204
vai pedir,6,1,0.006986027944111776,0.002430133657351154,1.060543340789204
expor,6,1,0.006986027944111776,0.002430133657351154,1.060543340789204
vale pena,6,1,0.006986027944111776,0.002430133657351154,1.060543340789204
honestidade,6,1,0.006986027944111776,0.002430133657351154,1.060543340789204
constrangimento,6,1,0.006986027944111776,0.002430133657351154,1.060543340789204
voltamos,6,1,0.006986027944111776,0.002430133657351154,1.060543340789204
william,6,1,0.006986027944111776,0.002430133657351154,1.060543340789204
dentes,6,1,0.006986027944111776,0.002430133657351154,1.060543340789204
absoluta,6,1,0.006986027944111776,0.002430133657351154,1.060543340789204
preventivo,6,1,0.006986027944111776,0.002430133657351154,1.060543340789204
norte-americano,23,6,0.023952095808383235,0.00850546780072904,1.0510483662219219
motivo,33,9,0.033932135728542916,0.012150668286755772,1.0492744538933496
palavras,33,9,0.033932135728542916,0.012150668286755772,1.0492744538933496
vamos,62,18,0.06287425149700598,0.023086269744835967,1.0434795371957954
alertou,16,4,0.016966067864271458,0.006075334143377886,1.0379961270527742
devido,26,7,0.02694610778443114,0.009720534629404616,1.0371459665675085
folha,45,13,0.04590818363273453,0.01701093560145808,1.022625070880927
golpe,19,5,0.01996007984031936,0.007290400972053463,1.0200205908314728
amor,19,5,0.01996007984031936,0.007290400972053463,1.0200205908314728
inteiro,19,5,0.01996007984031936,0.007290400972053463,1.0200205908314728
acaba,19,5,0.01996007984031936,0.007290400972053463,1.0200205908314728
papa,9,2,0.00998003992015968,0.0036452004860267314,1.0135540372993619
invadir,9,2,0.00998003992015968,0.0036452004860267314,1.0135540372993619
bispo,9,2,0.00998003992015968,0.0036452004860267314,1.0135540372993619
digamos,9,2,0.00998003992015968,0.0036452004860267314,1.0135540372993619
partiu,9,2,0.00998003992015968,0.0036452004860267314,1.0135540372993619
jogada,9,2,0.00998003992015968,0.0036452004860267314,1.0135540372993619
politica brasileira,9,2,0.00998003992015968,0.0036452004860267314,1.0135540372993619
publicamente,9,2,0.00998003992015968,0.0036452004860267314,1.0135540372993619
fria,9,2,0.00998003992015968,0.0036452004860267314,1.0135540372993619
falando,9,2,0.00998003992015968,0.0036452004860267314,1.0135540372993619
guerra mundial,9,2,0.00998003992015968,0.0036452004860267314,1.0135540372993619
denunciar,9,2,0.00998003992015968,0.0036452004860267314,1.0135540372993619
ocorrer,9,2,0.00998003992015968,0.0036452004860267314,1.0135540372993619
oportunidade,9,2,0.00998003992015968,0.0036452004860267314,1.0135540372993619
araujo,9,2,0.00998003992015968,0.0036452004860267314,1.0135540372993619
moeda,9,2,0.00998003992015968,0.0036452004860267314,1.0135540372993619
bandidos,9,2,0.00998003992015968,0.0036452004860267314,1.0135540372993619
famosos,9,2,0.00998003992015968,0.0036452004860267314,1.0135540372993619
tomando,9,2,0.00998003992015968,0.0036452004860267314,1.0135540372993619
ataca,9,2,0.00998003992015968,0.0036452004860267314,1.0135540372993619
vivo,35,10,0.03592814371257485,0.013365735115431349,1.011960171606899
marina,12,3,0.012974051896207584,0.004860267314702308,0.9900447485720036
lembrar,12,3,0.012974051896207584,0.004860267314702308,0.9900447485720036
ex-primeira,12,3,0.012974051896207584,0.004860267314702308,0.9900447485720036
facil,12,3,0.012974051896207584,0.004860267314702308,0.9900447485720036
emprestimos,12,3,0.012974051896207584,0.004860267314702308,0.9900447485720036
gerar,12,3,0.012974051896207584,0.004860267314702308,0.9900447485720036
possam,12,3,0.012974051896207584,0.004860267314702308,0.9900447485720036
assista,31,9,0.031936127744510975,0.012150668286755772,0.986585847856063
nada,79,25,0.07984031936127745,0.031591737545565005,0.9782395518860207
jose serra,15,4,0.015968063872255488,0.006075334143377886,0.9763567918057925
precisamos,15,4,0.015968063872255488,0.006075334143377886,0.9763567918057925
faca,15,4,0.015968063872255488,0.006075334143377886,0.9763567918057925
porem,73,23,0.07385229540918163,0.02916160388821385,0.9763404758362983
acabou,43,13,0.043912175648702596,0.01701093560145808,0.976083443390634
pinheiro,18,5,0.018962075848303395,0.007290400972053463,0.9677094846512215
realmente,18,5,0.018962075848303395,0.007290400972053463,0.9677094846512215
leis,21,6,0.021956087824351298,0.00850546780072904,0.9619940876024917
petistas,30,9,0.03093812375249501,0.012150668286755772,0.9538067527475866
desses,30,9,0.03093812375249501,0.012150668286755772,0.9538067527475866
destacou,30,9,0.03093812375249501,0.012150668286755772,0.9538067527475866
sabe,51,16,0.05189620758483034,0.020656136087484813,0.9536521324372531
pois,45,14,0.04590818363273453,0.018226002430133656,0.9523953408565791
fazendo,39,12,0.03992015968063872,0.015795868772782502,0.9519498936531776
leia,84,28,0.08483033932135728,0.03523693803159174,0.9313314154945131
vou,35,11,0.03592814371257485,0.014580801944106925,0.9237165085710042
perdeu,29,9,0.029940119760479042,0.012150668286755772,0.9199875937554816
razao,23,7,0.023952095808383235,0.009720534629404616,0.9162907318741551
pergunta,20,6,0.020958083832335328,0.00850546780072904,0.9144541840668534
praticamente,20,6,0.020958083832335328,0.00850546780072904,0.9144541840668534
celular,20,6,0.020958083832335328,0.00850546780072904,0.9144541840668534
explicar,17,5,0.017964071856287425,0.007290400972053463,0.912625486475859
irma,17,5,0.017964071856287425,0.007290400972053463,0.912625486475859
avioes,17,5,0.017964071856287425,0.007290400972053463,0.912625486475859
espirito santo,17,5,0.017964071856287425,0.007290400972053463,0.912625486475859
figura,14,4,0.014970059880239521,0.006075334143377886,0.9108045858373757
qualidade,14,4,0.014970059880239521,0.006075334143377886,0.9108045858373757
venezuela,14,4,0.014970059880239521,0.006075334143377886,0.9108045858373757
serao,46,15,0.046906187624750496,0.019441069258809233,0.909171207259496
perceber,11,3,0.011976047904191617,0.004860267314702308,0.9089914293925441
produto,11,3,0.011976047904191617,0.004860267314702308,0.9089914293925441
citar,11,3,0.011976047904191617,0.004860267314702308,0.9089914293925441
marina silva,11,3,0.011976047904191617,0.004860267314702308,0.9089914293925441
morre,11,3,0.011976047904191617,0.004860267314702308,0.9089914293925441
sugeriu,11,3,0.011976047904191617,0.004860267314702308,0.9089914293925441
verdadeira,11,3,0.011976047904191617,0.004860267314702308,0.9089914293925441
jeito,11,3,0.011976047904191617,0.004860267314702308,0.9089914293925441
temer pmdb,11,3,0.011976047904191617,0.004860267314702308,0.9089914293925441
ex-primeira dama,11,3,0.011976047904191617,0.004860267314702308,0.9089914293925441
bombardear,8,2,0.008982035928143712,0.0036452004860267314,0.9071859648812364
vossa,8,2,0.008982035928143712,0.0036452004860267314,0.9071859648812364
triste,8,2,0.008982035928143712,0.0036452004860267314,0.9071859648812364
lei abuso,8,2,0.008982035928143712,0.0036452004860267314,0.9071859648812364
ministro justica,8,2,0.008982035928143712,0.0036452004860267314,0.9071859648812364
pensam,8,2,0.008982035928143712,0.0036452004860267314,0.9071859648812364
fatima,8,2,0.008982035928143712,0.0036452004860267314,0.9071859648812364
uss carl,8,2,0.008982035928143712,0.0036452004860267314,0.9071859648812364
surpreendeu,8,2,0.008982035928143712,0.0036452004860267314,0.9071859648812364
advertencia,8,2,0.008982035928143712,0.0036452004860267314,0.9071859648812364
velorio,8,2,0.008982035928143712,0.0036452004860267314,0.9071859648812364
noite hoje,8,2,0.008982035928143712,0.0036452004860267314,0.9071859648812364
questionou,8,2,0.008982035928143712,0.0036452004860267314,0.9071859648812364
acham,8,2,0.008982035928143712,0.0036452004860267314,0.9071859648812364
mineiro,8,2,0.008982035928143712,0.0036452004860267314,0.9071859648812364
quebrou,8,2,0.008982035928143712,0.0036452004860267314,0.9071859648812364
conduta,8,2,0.008982035928143712,0.0036452004860267314,0.9071859648812364
vossa excelencia,8,2,0.008982035928143712,0.0036452004860267314,0.9071859648812364
tentando,8,2,0.008982035928143712,0.0036452004860267314,0.9071859648812364
aparelho,8,2,0.008982035928143712,0.0036452004860267314,0.9071859648812364
macedo,8,2,0.008982035928143712,0.0036452004860267314,0.9071859648812364
baixo,8,2,0.008982035928143712,0.0036452004860267314,0.9071859648812364
lista janot,8,2,0.008982035928143712,0.0036452004860267314,0.9071859648812364
agressivo,5,1,0.005988023952095809,0.002430133657351154,0.9053881405359405
chorou,5,1,0.005988023952095809,0.002430133657351154,0.9053881405359405
escandalos corrupcao,5,1,0.005988023952095809,0.002430133657351154,0.9053881405359405
muro,5,1,0.005988023952095809,0.002430133657351154,0.9053881405359405
unica coisa,5,1,0.005988023952095809,0.002430133657351154,0.9053881405359405
altera,5,1,0.005988023952095809,0.002430133657351154,0.9053881405359405
universal,5,1,0.005988023952095809,0.002430133657351154,0.9053881405359405
foguetes,5,1,0.005988023952095809,0.002430133657351154,0.9053881405359405
gastar,5,1,0.005988023952095809,0.002430133657351154,0.9053881405359405
gelo,5,1,0.005988023952095809,0.002430133657351154,0.9053881405359405
diabo,5,1,0.005988023952095809,0.002430133657351154,0.9053881405359405
pensava,5,1,0.005988023952095809,0.002430133657351154,0.9053881405359405
composta,5,1,0.005988023952095809,0.002430133657351154,0.9053881405359405
saem,5,1,0.005988023952095809,0.002430133657351154,0.9053881405359405
alto escalao,5,1,0.005988023952095809,0.002430133657351154,0.9053881405359405
dores,5,1,0.005988023952095809,0.002430133657351154,0.9053881405359405
video feito,5,1,0.005988023952095809,0.002430133657351154,0.9053881405359405
viagens,5,1,0.005988023952095809,0.002430133657351154,0.9053881405359405
pega,5,1,0.005988023952095809,0.002430133657351154,0.9053881405359405
pessimo,5,1,0.005988023952095809,0.002430133657351154,0.9053881405359405
acordo delator,5,1,0.005988023952095809,0.002430133657351154,0.9053881405359405
instagram,5,1,0.005988023952095809,0.002430133657351154,0.9053881405359405
america sul,5,1,0.005988023952095809,0.002430133657351154,0.9053881405359405
acalmar,5,1,0.005988023952095809,0.002430133657351154,0.9053881405359405
surto,5,1,0.005988023952095809,0.002430133657351154,0.9053881405359405
acontecido,5,1,0.005988023952095809,0.002430133657351154,0.9053881405359405
correto,5,1,0.005988023952095809,0.002430133657351154,0.9053881405359405
correta,5,1,0.005988023952095809,0.002430133657351154,0.9053881405359405
presidente teria,5,1,0.005988023952095809,0.002430133657351154,0.9053881405359405
jose mayer,5,1,0.005988023952095809,0.002430133657351154,0.9053881405359405
cinzas,5,1,0.005988023952095809,0.002430133657351154,0.9053881405359405
requiao,5,1,0.005988023952095809,0.002430133657351154,0.9053881405359405
chave,5,1,0.005988023952095809,0.002430133657351154,0.9053881405359405
clamor,5,1,0.005988023952095809,0.002430133657351154,0.9053881405359405
lauro jardim,5,1,0.005988023952095809,0.002430133657351154,0.9053881405359405
esquema criminoso,5,1,0.005988023952095809,0.002430133657351154,0.9053881405359405
desabafo,5,1,0.005988023952095809,0.002430133657351154,0.9053881405359405
pensou,5,1,0.005988023952095809,0.002430133657351154,0.9053881405359405
queira,5,1,0.005988023952095809,0.002430133657351154,0.9053881405359405
desobediencia,5,1,0.005988023952095809,0.002430133657351154,0.9053881405359405
estranho,5,1,0.005988023952095809,0.002430133657351154,0.9053881405359405
convocar,5,1,0.005988023952095809,0.002430133657351154,0.9053881405359405
dinheiro propina,5,1,0.005988023952095809,0.002430133657351154,0.9053881405359405
fox,5,1,0.005988023952095809,0.002430133657351154,0.9053881405359405
homologar,5,1,0.005988023952095809,0.002430133657351154,0.9053881405359405
collor,5,1,0.005988023952095809,0.002430133657351154,0.9053881405359405
patria,5,1,0.005988023952095809,0.002430133657351154,0.9053881405359405
reclusao,5,1,0.005988023952095809,0.002430133657351154,0.9053881405359405
capital coreia,5,1,0.005988023952095809,0.002430133657351154,0.9053881405359405
cargo publico,5,1,0.005988023952095809,0.002430133657351154,0.9053881405359405
delcidio,5,1,0.005988023952095809,0.002430133657351154,0.9053881405359405
tailandia,5,1,0.005988023952095809,0.002430133657351154,0.9053881405359405
participava,5,1,0.005988023952095809,0.002430133657351154,0.9053881405359405
participando,5,1,0.005988023952095809,0.002430133657351154,0.9053881405359405
capitao,5,1,0.005988023952095809,0.002430133657351154,0.9053881405359405
sofrida,5,1,0.005988023952095809,0.002430133657351154,0.9053881405359405
delcidio amaral,5,1,0.005988023952095809,0.002430133657351154,0.9053881405359405
stf edson,5,1,0.005988023952095809,0.002430133657351154,0.9053881405359405
bimotor,5,1,0.005988023952095809,0.002430133657351154,0.9053881405359405
poderosas,5,1,0.005988023952095809,0.002430133657351154,0.9053881405359405
risco morte,5,1,0.005988023952095809,0.002430133657351154,0.9053881405359405
partir minuto,5,1,0.005988023952095809,0.002430133657351154,0.9053881405359405
varias pessoas,5,1,0.005988023952095809,0.002430133657351154,0.9053881405359405
alheia,5,1,0.005988023952095809,0.002430133657351154,0.9053881405359405
mensais,5,1,0.005988023952095809,0.002430133657351154,0.9053881405359405
bilionarios,5,1,0.005988023952095809,0.002430133657351154,0.9053881405359405
alegria,5,1,0.005988023952095809,0.002430133657351154,0.9053881405359405
flagrados,5,1,0.005988023952095809,0.002430133657351154,0.9053881405359405
joga,5,1,0.005988023952095809,0.002430133657351154,0.9053881405359405
particulares,5,1,0.005988023952095809,0.002430133657351154,0.9053881405359405
poco,5,1,0.005988023952095809,0.002430133657351154,0.9053881405359405
vagabundos,5,1,0.005988023952095809,0.002430133657351154,0.9053881405359405
king air,5,1,0.005988023952095809,0.002430133657351154,0.9053881405359405
lamia,5,1,0.005988023952095809,0.002430133657351154,0.9053881405359405
situado,5,1,0.005988023952095809,0.002430133657351154,0.9053881405359405
especifica,5,1,0.005988023952095809,0.002430133657351154,0.9053881405359405
nasa,5,1,0.005988023952095809,0.002430133657351154,0.9053881405359405
figuras,5,1,0.005988023952095809,0.002430133657351154,0.9053881405359405
fixado,5,1,0.005988023952095809,0.002430133657351154,0.9053881405359405
deixando,5,1,0.005988023952095809,0.002430133657351154,0.9053881405359405
tragico,5,1,0.005988023952095809,0.002430133657351154,0.9053881405359405
formalmente,5,1,0.005988023952095809,0.002430133657351154,0.9053881405359405
apenas tres,5,1,0.005988023952095809,0.002430133657351154,0.9053881405359405
imprudente,5,1,0.005988023952095809,0.002430133657351154,0.9053881405359405
custa,5,1,0.005988023952095809,0.002430133657351154,0.9053881405359405
vila,5,1,0.005988023952095809,0.002430133657351154,0.9053881405359405
liderada,5,1,0.005988023952095809,0.002430133657351154,0.9053881405359405
nuclear eua,5,1,0.005988023952095809,0.002430133657351154,0.9053881405359405
celulares,5,1,0.005988023952095809,0.002430133657351154,0.9053881405359405
icbm,5,1,0.005988023952095809,0.002430133657351154,0.9053881405359405
familia lula,5,1,0.005988023952095809,0.002430133657351154,0.9053881405359405
divulgou video,5,1,0.005988023952095809,0.002430133657351154,0.9053881405359405
padilha moreira,5,1,0.005988023952095809,0.002430133657351154,0.9053881405359405
investigando,5,1,0.005988023952095809,0.002430133657351154,0.9053881405359405
roberto requiao,5,1,0.005988023952095809,0.002430133657351154,0.9053881405359405
audios,5,1,0.005988023952095809,0.002430133657351154,0.9053881405359405
roma,5,1,0.005988023952095809,0.002430133657351154,0.9053881405359405
novas eleicoes,5,1,0.005988023952095809,0.002430133657351154,0.9053881405359405
punido,5,1,0.005988023952095809,0.002430133657351154,0.9053881405359405
previsoes,5,1,0.005988023952095809,0.002430133657351154,0.9053881405359405
estima,5,1,0.005988023952095809,0.002430133657351154,0.9053881405359405
preocupados,5,1,0.005988023952095809,0.002430133657351154,0.9053881405359405
indios,5,1,0.005988023952095809,0.002430133657351154,0.9053881405359405
presos mortos,5,1,0.005988023952095809,0.002430133657351154,0.9053881405359405
acionada,5,1,0.005988023952095809,0.002430133657351154,0.9053881405359405
abastecer,5,1,0.005988023952095809,0.002430133657351154,0.9053881405359405
conhecem,5,1,0.005988023952095809,0.002430133657351154,0.9053881405359405
preparado,5,1,0.005988023952095809,0.002430133657351154,0.9053881405359405
conseguem,5,1,0.005988023952095809,0.002430133657351154,0.9053881405359405
senti,5,1,0.005988023952095809,0.002430133657351154,0.9053881405359405
feio,5,1,0.005988023952095809,0.002430133657351154,0.9053881405359405
sentimento,5,1,0.005988023952095809,0.002430133657351154,0.9053881405359405
ministerio relacoes,5,1,0.005988023952095809,0.002430133657351154,0.9053881405359405
fernando collor,5,1,0.005988023952095809,0.002430133657351154,0.9053881405359405
temos,37,12,0.03792415169660679,0.015795868772782502,0.8985797553207879
declarou,62,21,0.06287425149700598,0.026731470230862697,0.8931377408933128
somente,53,18,0.05389221556886228,0.023086269744835967,0.8797898343217785
ambos,25,8,0.02594810379241517,0.010935601458080195,0.8793697402747105
homem,66,23,0.06686626746506986,0.02916160388821385,0.8694532055206081
medicos,19,6,0.01996007984031936,0.00850546780072904,0.8646451711083185
basta,19,6,0.01996007984031936,0.00850546780072904,0.8646451711083185
emissora,19,6,0.01996007984031936,0.00850546780072904,0.8646451711083185
chegaram,19,6,0.01996007984031936,0.00850546780072904,0.8646451711083185
confira,44,15,0.04491017964071856,0.019441069258809233,0.8635940443475327
simplesmente,16,5,0.016966067864271458,0.007290400972053463,0.8544513285160749
quis,16,5,0.016966067864271458,0.007290400972053463,0.8544513285160749
igreja,27,9,0.027944111776447105,0.012150668286755772,0.8489392230864339
funcionarios,27,9,0.027944111776447105,0.012150668286755772,0.8489392230864339
madrugada,27,9,0.027944111776447105,0.012150668286755772,0.8489392230864339
possa,35,12,0.03592814371257485,0.015795868772782502,0.8424399944485397
eliseu padilha,13,4,0.013972055888223553,0.006075334143377886,0.8407990560360377
coordenador,13,4,0.013972055888223553,0.006075334143377886,0.8407990560360377
eliseu,13,4,0.013972055888223553,0.006075334143377886,0.8407990560360377
pegar,13,4,0.013972055888223553,0.006075334143377886,0.8407990560360377
cameras,13,4,0.013972055888223553,0.006075334143377886,0.8407990560360377
posso,13,4,0.013972055888223553,0.006075334143377886,0.8407990560360377
havera,13,4,0.013972055888223553,0.006075334143377886,0.8407990560360377
prometeu,13,4,0.013972055888223553,0.006075334143377886,0.8407990560360377
incluindo,43,15,0.043912175648702596,0.019441069258809233,0.8400768019775682
entrar,24,8,0.0249500998003992,0.010935601458080195,0.8391249614917387
francisco,21,7,0.021956087824351298,0.009720534629404616,0.827236453254725
dessas,21,7,0.021956087824351298,0.009720534629404616,0.827236453254725
espirito,21,7,0.021956087824351298,0.009720534629404616,0.827236453254725
tera,45,16,0.04590818363273453,0.020656136087484813,0.8247538818881059
amigo,29,10,0.029940119760479042,0.013365735115431349,0.8234466445650237
leo,29,10,0.029940119760479042,0.013365735115431349,0.8234466445650237
alguem,37,13,0.03792415169660679,0.01701093560145808,0.8232364525590734
humano,10,3,0.010978043912175649,0.004860267314702308,0.8209704612015614
baixa,10,3,0.010978043912175649,0.004860267314702308,0.8209704612015614
combater,10,3,0.010978043912175649,0.004860267314702308,0.8209704612015614
andrea,10,3,0.010978043912175649,0.004860267314702308,0.8209704612015614
esconder,10,3,0.010978043912175649,0.004860267314702308,0.8209704612015614
aquilo,10,3,0.010978043912175649,0.004860267314702308,0.8209704612015614
juizo,10,3,0.010978043912175649,0.004860267314702308,0.8209704612015614
rumo,10,3,0.010978043912175649,0.004860267314702308,0.8209704612015614
impossivel,10,3,0.010978043912175649,0.004860267314702308,0.8209704612015614
virar,10,3,0.010978043912175649,0.004860267314702308,0.8209704612015614
navios,10,3,0.010978043912175649,0.004860267314702308,0.8209704612015614
assessor,10,3,0.010978043912175649,0.004860267314702308,0.8209704612015614
mandar,10,3,0.010978043912175649,0.004860267314702308,0.8209704612015614
ciro,10,3,0.010978043912175649,0.004860267314702308,0.8209704612015614
centenas,18,6,0.018962075848303395,0.00850546780072904,0.8123340649280673
significa,18,6,0.018962075848303395,0.00850546780072904,0.8123340649280673
proteger,18,6,0.018962075848303395,0.00850546780072904,0.8123340649280673
petista,107,41,0.10778443113772455,0.05103280680437424,0.809330983507023
tudo,118,46,0.1187624750499002,0.05710814094775213,0.7998032109807296
confirmou,49,18,0.0499001996007984,0.023086269744835967,0.7986182606493064
usado,23,8,0.023952095808383235,0.010935601458080195,0.7972799489794493
opiniao,23,8,0.023952095808383235,0.010935601458080195,0.7972799489794493
caiu,36,13,0.036926147704590816,0.01701093560145808,0.7955313987484716
coisas,36,13,0.036926147704590816,0.01701093560145808,0.7955313987484716
precisava,15,5,0.015968063872255488,0.007290400972053463,0.7928119932690931
agir,15,5,0.015968063872255488,0.007290400972053463,0.7928119932690931
conseguiram,15,5,0.015968063872255488,0.007290400972053463,0.7928119932690931
comportamento,15,5,0.015968063872255488,0.007290400972053463,0.7928119932690931
america,28,10,0.028942115768463075,0.013365735115431349,0.788516815163776
dai,7,2,0.007984031936127744,0.0036452004860267314,0.7883963866134511
curto,7,2,0.007984031936127744,0.0036452004860267314,0.7883963866134511
conheco,7,2,0.007984031936127744,0.0036452004860267314,0.7883963866134511
lingua,7,2,0.007984031936127744,0.0036452004860267314,0.7883963866134511
leite,7,2,0.007984031936127744,0.0036452004860267314,0.7883963866134511
falsa,7,2,0.007984031936127744,0.0036452004860267314,0.7883963866134511
categoria,7,2,0.007984031936127744,0.0036452004860267314,0.7883963866134511
prefeito paulo,7,2,0.007984031936127744,0.0036452004860267314,0.7883963866134511
preparando,7,2,0.007984031936127744,0.0036452004860267314,0.7883963866134511
tomahawk,7,2,0.007984031936127744,0.0036452004860267314,0.7883963866134511
impede,7,2,0.007984031936127744,0.0036452004860267314,0.7883963866134511
certas,7,2,0.007984031936127744,0.0036452004860267314,0.7883963866134511
revelado,7,2,0.007984031936127744,0.0036452004860267314,0.7883963866134511
emendas,7,2,0.007984031936127744,0.0036452004860267314,0.7883963866134511
tanques,7,2,0.007984031936127744,0.0036452004860267314,0.7883963866134511
barra,7,2,0.007984031936127744,0.0036452004860267314,0.7883963866134511
evangelica,7,2,0.007984031936127744,0.0036452004860267314,0.7883963866134511
negro,7,2,0.007984031936127744,0.0036452004860267314,0.7883963866134511
codigo penal,7,2,0.007984031936127744,0.0036452004860267314,0.7883963866134511
colocaram,7,2,0.007984031936127744,0.0036452004860267314,0.7883963866134511
dormir,7,2,0.007984031936127744,0.0036452004860267314,0.7883963866134511
invadiram,7,2,0.007984031936127744,0.0036452004860267314,0.7883963866134511
mataram,7,2,0.007984031936127744,0.0036452004860267314,0.7883963866134511
vai dar,7,2,0.007984031936127744,0.0036452004860267314,0.7883963866134511
jogou,7,2,0.007984031936127744,0.0036452004860267314,0.7883963866134511
provocou,7,2,0.007984031936127744,0.0036452004860267314,0.7883963866134511
membro,7,2,0.007984031936127744,0.0036452004860267314,0.7883963866134511
juntar,7,2,0.007984031936127744,0.0036452004860267314,0.7883963866134511
mentiras,7,2,0.007984031936127744,0.0036452004860267314,0.7883963866134511
g20,7,2,0.007984031936127744,0.0036452004860267314,0.7883963866134511
campanha presidencial,7,2,0.007984031936127744,0.0036452004860267314,0.7883963866134511
peito,7,2,0.007984031936127744,0.0036452004860267314,0.7883963866134511
leu,7,2,0.007984031936127744,0.0036452004860267314,0.7883963866134511
garoto,7,2,0.007984031936127744,0.0036452004860267314,0.7883963866134511
capazes,7,2,0.007984031936127744,0.0036452004860267314,0.7883963866134511
supermercado,7,2,0.007984031936127744,0.0036452004860267314,0.7883963866134511
governo michel,7,2,0.007984031936127744,0.0036452004860267314,0.7883963866134511
provocacao,7,2,0.007984031936127744,0.0036452004860267314,0.7883963866134511
registrados,7,2,0.007984031936127744,0.0036452004860267314,0.7883963866134511
queixa,7,2,0.007984031936127744,0.0036452004860267314,0.7883963866134511
senso,7,2,0.007984031936127744,0.0036452004860267314,0.7883963866134511
farias,7,2,0.007984031936127744,0.0036452004860267314,0.7883963866134511
raciocinio,7,2,0.007984031936127744,0.0036452004860267314,0.7883963866134511
possuia,7,2,0.007984031936127744,0.0036452004860267314,0.7883963866134511
descobriu,7,2,0.007984031936127744,0.0036452004860267314,0.7883963866134511
pronta,7,2,0.007984031936127744,0.0036452004860267314,0.7883963866134511
igual,7,2,0.007984031936127744,0.0036452004860267314,0.7883963866134511
varios,51,19,0.05189620758483034,0.024301336573511544,0.7874041743796116
teria,112,44,0.11277445109780439,0.054678007290400975,0.7873546176065074
ver,43,16,0.043912175648702596,0.020656136087484813,0.7782122543978129
agua,25,9,0.02594810379241517,0.012150668286755772,0.7727799681621548
marido,25,9,0.02594810379241517,0.012150668286755772,0.7727799681621548
cadeia,35,13,0.03592814371257485,0.01701093560145808,0.7670966916868251
claudio,35,13,0.03592814371257485,0.01701093560145808,0.7670966916868251
quer,84,33,0.08483033932135728,0.041312272174969626,0.7659495804635643
escandalo,12,4,0.012974051896207584,0.006075334143377886,0.7656794500074717
ministros stf,12,4,0.012974051896207584,0.006075334143377886,0.7656794500074717
alegando,12,4,0.012974051896207584,0.006075334143377886,0.7656794500074717
comida,12,4,0.012974051896207584,0.006075334143377886,0.7656794500074717
escandalos,12,4,0.012974051896207584,0.006075334143377886,0.7656794500074717
leo pinheiro,12,4,0.012974051896207584,0.006075334143377886,0.7656794500074717
limite,12,4,0.012974051896207584,0.006075334143377886,0.7656794500074717
resolveu,12,4,0.012974051896207584,0.006075334143377886,0.7656794500074717
publicos,47,18,0.04790419161676647,0.023086269744835967,0.7556976294721305
carvalho,22,8,0.022954091816367265,0.010935601458080195,0.7536983620649602
relatou,37,14,0.03792415169660679,0.018226002430133656,0.7530067225347254
assunto,37,14,0.03792415169660679,0.018226002430133656,0.7530067225347254
poderao,27,10,0.027944111776447105,0.013365735115431349,0.752398273895976
novamente,27,10,0.027944111776447105,0.013365735115431349,0.752398273895976
vale,32,12,0.03293413173652695,0.015795868772782502,0.7523278397806621
dessa,32,12,0.03293413173652695,0.015795868772782502,0.7523278397806621
via,29,11,0.029940119760479042,0.014580801944106925,0.7352029815291288
juca,24,9,0.0249500998003992,0.012150668286755772,0.7325351893791829
destruir,19,7,0.01996007984031936,0.009720534629404616,0.7298875367605517
famoso,19,7,0.01996007984031936,0.009720534629404616,0.7298875367605517
visto,14,5,0.014970059880239521,0.007290400972053463,0.7272597873006763
construir,14,5,0.014970059880239521,0.007290400972053463,0.7272597873006763
internado,14,5,0.014970059880239521,0.007290400972053463,0.7272597873006763
dito,14,5,0.014970059880239521,0.007290400972053463,0.7272597873006763
comentarios,14,5,0.014970059880239521,0.007290400972053463,0.7272597873006763
nossos,14,5,0.014970059880239521,0.007290400972053463,0.7272597873006763
ultima,81,33,0.08183632734530938,0.041312272174969626,0.7267513734508797
ricardo,36,14,0.036926147704590816,0.018226002430133656,0.7253016687241236
desse,36,14,0.036926147704590816,0.018226002430133656,0.7253016687241236
organizacoes,9,3,0.00998003992015968,0.004860267314702308,0.7246517084423516
deputados federais,9,3,0.00998003992015968,0.004860267314702308,0.7246517084423516
prever,9,3,0.00998003992015968,0.004860267314702308,0.7246517084423516
ciro gomes,9,3,0.00998003992015968,0.004860267314702308,0.7246517084423516
conspiracao,9,3,0.00998003992015968,0.004860267314702308,0.7246517084423516
calar,9,3,0.00998003992015968,0.004860267314702308,0.7246517084423516
temporariamente,9,3,0.00998003992015968,0.004860267314702308,0.7246517084423516
suicidio,9,3,0.00998003992015968,0.004860267314702308,0.7246517084423516
grande parte,9,3,0.00998003992015968,0.004860267314702308,0.7246517084423516
sites,9,3,0.00998003992015968,0.004860267314702308,0.7246517084423516
excelencia,9,3,0.00998003992015968,0.004860267314702308,0.7246517084423516
assista video,9,3,0.00998003992015968,0.004860267314702308,0.7246517084423516
advogado lula,9,3,0.00998003992015968,0.004860267314702308,0.7246517084423516
fortuna,9,3,0.00998003992015968,0.004860267314702308,0.7246517084423516
divulga,9,3,0.00998003992015968,0.004860267314702308,0.7246517084423516
neves psdb,9,3,0.00998003992015968,0.004860267314702308,0.7246517084423516
chance,9,3,0.00998003992015968,0.004860267314702308,0.7246517084423516
primo,9,3,0.00998003992015968,0.004860267314702308,0.7246517084423516
ataque nuclear,9,3,0.00998003992015968,0.004860267314702308,0.7246517084423516
indicou,9,3,0.00998003992015968,0.004860267314702308,0.7246517084423516
uss,9,3,0.00998003992015968,0.004860267314702308,0.7246517084423516
youtube,9,3,0.00998003992015968,0.004860267314702308,0.7246517084423516
ninguem,55,22,0.05588822355289421,0.027946537059538274,0.7222266334220486
idosa,4,1,0.00499001996007984,0.002430133657351154,0.7220630713647456
ilicitas,4,1,0.00499001996007984,0.002430133657351154,0.7220630713647456
violento,4,1,0.00499001996007984,0.002430133657351154,0.7220630713647456
prega,4,1,0.00499001996007984,0.002430133657351154,0.7220630713647456
curiosidade,4,1,0.00499001996007984,0.002430133657351154,0.7220630713647456
primeiro lugar,4,1,0.00499001996007984,0.002430133657351154,0.7220630713647456
quer saber,4,1,0.00499001996007984,0.002430133657351154,0.7220630713647456
pyongyang capital,4,1,0.00499001996007984,0.002430133657351154,0.7220630713647456
confuso,4,1,0.00499001996007984,0.002430133657351154,0.7220630713647456
yunes,4,1,0.00499001996007984,0.002430133657351154,0.7220630713647456
yunes amigo,4,1,0.00499001996007984,0.002430133657351154,0.7220630713647456
voz prisao,4,1,0.00499001996007984,0.002430133657351154,0.7220630713647456
vitimou,4,1,0.00499001996007984,0.002430133657351154,0.7220630713647456
acidente aviao,4,1,0.00499001996007984,0.002430133657351154,0.7220630713647456
acidente carro,4,1,0.00499001996007984,0.002430133657351154,0.7220630713647456
absolutamente nada,4,1,0.00499001996007984,0.002430133657351154,0.7220630713647456
aconteceram,4,1,0.00499001996007984,0.002430133657351154,0.7220630713647456
votada,4,1,0.00499001996007984,0.002430133657351154,0.7220630713647456
presidentes camara,4,1,0.00499001996007984,0.002430133657351154,0.7220630713647456
camisa,4,1,0.00499001996007984,0.002430133657351154,0.7220630713647456
capa,4,1,0.00499001996007984,0.002430133657351154,0.7220630713647456
fracassado,4,1,0.00499001996007984,0.002430133657351154,0.7220630713647456
fofocas,4,1,0.00499001996007984,0.002430133657351154,0.7220630713647456
ex-ministro stf,4,1,0.00499001996007984,0.002430133657351154,0.7220630713647456
microcefalia,4,1,0.00499001996007984,0.002430133657351154,0.7220630713647456
microfone,4,1,0.00499001996007984,0.002430133657351154,0.7220630713647456
huck,4,1,0.00499001996007984,0.002430133657351154,0.7220630713647456
cabelo,4,1,0.00499001996007984,0.002430133657351154,0.7220630713647456
fere,4,1,0.00499001996007984,0.002430133657351154,0.7220630713647456
luis inacio,4,1,0.00499001996007984,0.002430133657351154,0.7220630713647456
luciana,4,1,0.00499001996007984,0.002430133657351154,0.7220630713647456
atendimento medico,4,1,0.00499001996007984,0.002430133657351154,0.7220630713647456
teologia,4,1,0.00499001996007984,0.002430133657351154,0.7220630713647456
acusar,4,1,0.00499001996007984,0.002430133657351154,0.7220630713647456
esperando,4,1,0.00499001996007984,0.002430133657351154,0.7220630713647456
estado grave,4,1,0.00499001996007984,0.002430133657351154,0.7220630713647456
estimado,4,1,0.00499001996007984,0.002430133657351154,0.7220630713647456
milionarios,4,1,0.00499001996007984,0.002430133657351154,0.7220630713647456
eua presidente,4,1,0.00499001996007984,0.002430133657351154,0.7220630713647456
lado fora,4,1,0.00499001996007984,0.002430133657351154,0.7220630713647456
louca,4,1,0.00499001996007984,0.002430133657351154,0.7220630713647456
possuir,4,1,0.00499001996007984,0.002430133657351154,0.7220630713647456
crises,4,1,0.00499001996007984,0.002430133657351154,0.7220630713647456
cuspir,4,1,0.00499001996007984,0.002430133657351154,0.7220630713647456
filhas,4,1,0.00499001996007984,0.002430133657351154,0.7220630713647456
decretar,4,1,0.00499001996007984,0.002430133657351154,0.7220630713647456
tinhamos,4,1,0.00499001996007984,0.002430133657351154,0.7220630713647456
bilhoes bilhoes,4,1,0.00499001996007984,0.002430133657351154,0.7220630713647456
simpatico,4,1,0.00499001996007984,0.002430133657351154,0.7220630713647456
jose yunes,4,1,0.00499001996007984,0.002430133657351154,0.7220630713647456
justa,4,1,0.00499001996007984,0.002430133657351154,0.7220630713647456
eletronicas,4,1,0.00499001996007984,0.002430133657351154,0.7220630713647456
negros,4,1,0.00499001996007984,0.002430133657351154,0.7220630713647456
nascida,4,1,0.00499001996007984,0.002430133657351154,0.7220630713647456
carta aberta,4,1,0.00499001996007984,0.002430133657351154,0.7220630713647456
normais,4,1,0.00499001996007984,0.002430133657351154,0.7220630713647456
censura,4,1,0.00499001996007984,0.002430133657351154,0.7220630713647456
agradeceu,4,1,0.00499001996007984,0.002430133657351154,0.7220630713647456
ventilador,4,1,0.00499001996007984,0.002430133657351154,0.7220630713647456
faturamento,4,1,0.00499001996007984,0.002430133657351154,0.7220630713647456
limitada,4,1,0.00499001996007984,0.002430133657351154,0.7220630713647456
bando,4,1,0.00499001996007984,0.002430133657351154,0.7220630713647456
angustiado,4,1,0.00499001996007984,0.002430133657351154,0.7220630713647456
usou redes,4,1,0.00499001996007984,0.002430133657351154,0.7220630713647456
usp,4,1,0.00499001996007984,0.002430133657351154,0.7220630713647456
pais inteiro,4,1,0.00499001996007984,0.002430133657351154,0.7220630713647456
investigada,4,1,0.00499001996007984,0.002430133657351154,0.7220630713647456
invadiu,4,1,0.00499001996007984,0.002430133657351154,0.7220630713647456
delegados,4,1,0.00499001996007984,0.002430133657351154,0.7220630713647456
veracidade,4,1,0.00499001996007984,0.002430133657351154,0.7220630713647456
aleluia,4,1,0.00499001996007984,0.002430133657351154,0.7220630713647456
vamos ver,4,1,0.00499001996007984,0.002430133657351154,0.7220630713647456
vandalos,4,1,0.00499001996007984,0.002430133657351154,0.7220630713647456
getulio,4,1,0.00499001996007984,0.002430133657351154,0.7220630713647456
gil,4,1,0.00499001996007984,0.002430133657351154,0.7220630713647456
jogadores,4,1,0.00499001996007984,0.002430133657351154,0.7220630713647456
mencao,4,1,0.00499001996007984,0.002430133657351154,0.7220630713647456
transmitir,4,1,0.00499001996007984,0.002430133657351154,0.7220630713647456
maquina,4,1,0.00499001996007984,0.002430133657351154,0.7220630713647456
stf gilmar,4,1,0.00499001996007984,0.002430133657351154,0.7220630713647456
falo,4,1,0.00499001996007984,0.002430133657351154,0.7220630713647456
mantendo,4,1,0.00499001996007984,0.002430133657351154,0.7220630713647456
delegacia mulher,4,1,0.00499001996007984,0.002430133657351154,0.7220630713647456
intervencao militar,4,1,0.00499001996007984,0.002430133657351154,0.7220630713647456
invade,4,1,0.00499001996007984,0.002430133657351154,0.7220630713647456
revista istoe,4,1,0.00499001996007984,0.002430133657351154,0.7220630713647456
cautela,4,1,0.00499001996007984,0.002430133657351154,0.7220630713647456
entrando,4,1,0.00499001996007984,0.002430133657351154,0.7220630713647456
capital paranaense,4,1,0.00499001996007984,0.002430133657351154,0.7220630713647456
capitolio,4,1,0.00499001996007984,0.002430133657351154,0.7220630713647456
sujeito,4,1,0.00499001996007984,0.002430133657351154,0.7220630713647456
base militar,4,1,0.00499001996007984,0.002430133657351154,0.7220630713647456
soberania,4,1,0.00499001996007984,0.002430133657351154,0.7220630713647456
sobreviver,4,1,0.00499001996007984,0.002430133657351154,0.7220630713647456
sistemica,4,1,0.00499001996007984,0.002430133657351154,0.7220630713647456
sofreu acidente,4,1,0.00499001996007984,0.002430133657351154,0.7220630713647456
mero,4,1,0.00499001996007984,0.002430133657351154,0.7220630713647456
espiritual,4,1,0.00499001996007984,0.002430133657351154,0.7220630713647456
bloqueou,4,1,0.00499001996007984,0.002430133657351154,0.7220630713647456
pec fim,4,1,0.00499001996007984,0.002430133657351154,0.7220630713647456
companheiro,4,1,0.00499001996007984,0.002430133657351154,0.7220630713647456
paulo joao,4,1,0.00499001996007984,0.002430133657351154,0.7220630713647456
filmada,4,1,0.00499001996007984,0.002430133657351154,0.7220630713647456
fila,4,1,0.00499001996007984,0.002430133657351154,0.7220630713647456
terrivel,4,1,0.00499001996007984,0.002430133657351154,0.7220630713647456
filho ministro,4,1,0.00499001996007984,0.002430133657351154,0.7220630713647456
jorge viana,4,1,0.00499001996007984,0.002430133657351154,0.7220630713647456
algumas pessoas,4,1,0.00499001996007984,0.002430133657351154,0.7220630713647456
vazamentos,4,1,0.00499001996007984,0.002430133657351154,0.7220630713647456
passe,4,1,0.00499001996007984,0.002430133657351154,0.7220630713647456
partir agora,4,1,0.00499001996007984,0.002430133657351154,0.7220630713647456
delacao claudio,4,1,0.00499001996007984,0.002430133657351154,0.7220630713647456
deixaria,4,1,0.00499001996007984,0.002430133657351154,0.7220630713647456
joaquim barbosa,4,1,0.00499001996007984,0.002430133657351154,0.7220630713647456
proximo presidente,4,1,0.00499001996007984,0.002430133657351154,0.7220630713647456
executivo jbs,4,1,0.00499001996007984,0.002430133657351154,0.7220630713647456
distintos,4,1,0.00499001996007984,0.002430133657351154,0.7220630713647456
transportava,4,1,0.00499001996007984,0.002430133657351154,0.7220630713647456
tratada,4,1,0.00499001996007984,0.002430133657351154,0.7220630713647456
foro especial,4,1,0.00499001996007984,0.002430133657351154,0.7220630713647456
entrevistou,4,1,0.00499001996007984,0.002430133657351154,0.7220630713647456
musico,4,1,0.00499001996007984,0.002430133657351154,0.7220630713647456
porta-avioes americano,4,1,0.00499001996007984,0.002430133657351154,0.7220630713647456
poderosos,4,1,0.00499001996007984,0.002430133657351154,0.7220630713647456
reinaldo azevedo,4,1,0.00499001996007984,0.002430133657351154,0.7220630713647456
interpretacao,4,1,0.00499001996007984,0.002430133657351154,0.7220630713647456
viana,4,1,0.00499001996007984,0.002430133657351154,0.7220630713647456
vestindo,4,1,0.00499001996007984,0.002430133657351154,0.7220630713647456
vezes maior,4,1,0.00499001996007984,0.002430133657351154,0.7220630713647456
politica brasil,4,1,0.00499001996007984,0.002430133657351154,0.7220630713647456
favores,4,1,0.00499001996007984,0.002430133657351154,0.7220630713647456
companheiros,4,1,0.00499001996007984,0.002430133657351154,0.7220630713647456
diplomata,4,1,0.00499001996007984,0.002430133657351154,0.7220630713647456
patrimonio publico,4,1,0.00499001996007984,0.002430133657351154,0.7220630713647456
comentarista,4,1,0.00499001996007984,0.002430133657351154,0.7220630713647456
cometeu crime,4,1,0.00499001996007984,0.002430133657351154,0.7220630713647456
excesso,4,1,0.00499001996007984,0.002430133657351154,0.7220630713647456
arts,4,1,0.00499001996007984,0.002430133657351154,0.7220630713647456
assessoria comunicacao,4,1,0.00499001996007984,0.002430133657351154,0.7220630713647456
tentara,4,1,0.00499001996007984,0.002430133657351154,0.7220630713647456
lutando,4,1,0.00499001996007984,0.002430133657351154,0.7220630713647456
equivale,4,1,0.00499001996007984,0.002430133657351154,0.7220630713647456
saudaveis,4,1,0.00499001996007984,0.002430133657351154,0.7220630713647456
morar,4,1,0.00499001996007984,0.002430133657351154,0.7220630713647456
nada nem,4,1,0.00499001996007984,0.002430133657351154,0.7220630713647456
narrou,4,1,0.00499001996007984,0.002430133657351154,0.7220630713647456
futuras,4,1,0.00499001996007984,0.002430133657351154,0.7220630713647456
apareceram,4,1,0.00499001996007984,0.002430133657351154,0.7220630713647456
excecao,4,1,0.00499001996007984,0.002430133657351154,0.7220630713647456
japao coreia,4,1,0.00499001996007984,0.002430133657351154,0.7220630713647456
desse total,4,1,0.00499001996007984,0.002430133657351154,0.7220630713647456
ajudando,4,1,0.00499001996007984,0.002430133657351154,0.7220630713647456
alcunha,4,1,0.00499001996007984,0.002430133657351154,0.7220630713647456
alcancou,4,1,0.00499001996007984,0.002430133657351154,0.7220630713647456
ivan,4,1,0.00499001996007984,0.002430133657351154,0.7220630713647456
destruiu,4,1,0.00499001996007984,0.002430133657351154,0.7220630713647456
senador petista,4,1,0.00499001996007984,0.002430133657351154,0.7220630713647456
bruto,4,1,0.00499001996007984,0.002430133657351154,0.7220630713647456
buarque,4,1,0.00499001996007984,0.002430133657351154,0.7220630713647456
cachorro,4,1,0.00499001996007984,0.002430133657351154,0.7220630713647456
caciques pmdb,4,1,0.00499001996007984,0.002430133657351154,0.7220630713647456
autoria senador,4,1,0.00499001996007984,0.002430133657351154,0.7220630713647456
cade,4,1,0.00499001996007984,0.002430133657351154,0.7220630713647456
confundir,4,1,0.00499001996007984,0.002430133657351154,0.7220630713647456
corrupcao brasil,4,1,0.00499001996007984,0.002430133657351154,0.7220630713647456
concreto,4,1,0.00499001996007984,0.002430133657351154,0.7220630713647456
feminina,4,1,0.00499001996007984,0.002430133657351154,0.7220630713647456
turistas,4,1,0.00499001996007984,0.002430133657351154,0.7220630713647456
cabeleireiro,4,1,0.00499001996007984,0.002430133657351154,0.7220630713647456
institucionais odebrecht,4,1,0.00499001996007984,0.002430133657351154,0.7220630713647456
investiu,4,1,0.00499001996007984,0.002430133657351154,0.7220630713647456
vasto,4,1,0.00499001996007984,0.002430133657351154,0.7220630713647456
desesperado,4,1,0.00499001996007984,0.002430133657351154,0.7220630713647456
pesquisa realizada,4,1,0.00499001996007984,0.002430133657351154,0.7220630713647456
pessima,4,1,0.00499001996007984,0.002430133657351154,0.7220630713647456
restringe,4,1,0.00499001996007984,0.002430133657351154,0.7220630713647456
neves irma,4,1,0.00499001996007984,0.002430133657351154,0.7220630713647456
ironizou,4,1,0.00499001996007984,0.002430133657351154,0.7220630713647456
rigor,4,1,0.00499001996007984,0.002430133657351154,0.7220630713647456
neymar,4,1,0.00499001996007984,0.002430133657351154,0.7220630713647456
desviou,4,1,0.00499001996007984,0.002430133657351154,0.7220630713647456
percentual,4,1,0.00499001996007984,0.002430133657351154,0.7220630713647456
concedeu entrevista,4,1,0.00499001996007984,0.002430133657351154,0.7220630713647456
pediu ajuda,4,1,0.00499001996007984,0.002430133657351154,0.7220630713647456
reconhecido,4,1,0.00499001996007984,0.002430133657351154,0.7220630713647456
devemos,4,1,0.00499001996007984,0.002430133657351154,0.7220630713647456
leandro,4,1,0.00499001996007984,0.002430133657351154,0.7220630713647456
essencial,4,1,0.00499001996007984,0.002430133657351154,0.7220630713647456
sabiam,4,1,0.00499001996007984,0.002430133657351154,0.7220630713647456
saco,4,1,0.00499001996007984,0.002430133657351154,0.7220630713647456
john,4,1,0.00499001996007984,0.002430133657351154,0.7220630713647456
seguira,4,1,0.00499001996007984,0.002430133657351154,0.7220630713647456
segunda guerra,4,1,0.00499001996007984,0.002430133657351154,0.7220630713647456
minutos depois,4,1,0.00499001996007984,0.002430133657351154,0.7220630713647456
caindo,4,1,0.00499001996007984,0.002430133657351154,0.7220630713647456
camera,4,1,0.00499001996007984,0.002430133657351154,0.7220630713647456
legitima,4,1,0.00499001996007984,0.002430133657351154,0.7220630713647456
petrolao,4,1,0.00499001996007984,0.002430133657351154,0.7220630713647456
quarteis,4,1,0.00499001996007984,0.002430133657351154,0.7220630713647456
consideravel,4,1,0.00499001996007984,0.002430133657351154,0.7220630713647456
queixa marido,4,1,0.00499001996007984,0.002430133657351154,0.7220630713647456
avaliado,4,1,0.00499001996007984,0.002430133657351154,0.7220630713647456
louco,4,1,0.00499001996007984,0.002430133657351154,0.7220630713647456
circulacao,4,1,0.00499001996007984,0.002430133657351154,0.7220630713647456
pao,4,1,0.00499001996007984,0.002430133657351154,0.7220630713647456
inteira,4,1,0.00499001996007984,0.002430133657351154,0.7220630713647456
colapso,4,1,0.00499001996007984,0.002430133657351154,0.7220630713647456
interferir,4,1,0.00499001996007984,0.002430133657351154,0.7220630713647456
financiar,4,1,0.00499001996007984,0.002430133657351154,0.7220630713647456
finalizar,4,1,0.00499001996007984,0.002430133657351154,0.7220630713647456
chapeu,4,1,0.00499001996007984,0.002430133657351154,0.7220630713647456
interessa,4,1,0.00499001996007984,0.002430133657351154,0.7220630713647456
remuneracao,4,1,0.00499001996007984,0.002430133657351154,0.7220630713647456
informando,4,1,0.00499001996007984,0.002430133657351154,0.7220630713647456
cifra,4,1,0.00499001996007984,0.002430133657351154,0.7220630713647456
resolver problema,4,1,0.00499001996007984,0.002430133657351154,0.7220630713647456
influentes,4,1,0.00499001996007984,0.002430133657351154,0.7220630713647456
alto comando,4,1,0.00499001996007984,0.002430133657351154,0.7220630713647456
aves,4,1,0.00499001996007984,0.002430133657351154,0.7220630713647456
propinas pagas,4,1,0.00499001996007984,0.002430133657351154,0.7220630713647456
pouco mil,4,1,0.00499001996007984,0.002430133657351154,0.7220630713647456
prometem,4,1,0.00499001996007984,0.002430133657351154,0.7220630713647456
proposta seja,4,1,0.00499001996007984,0.002430133657351154,0.7220630713647456
postos,4,1,0.00499001996007984,0.002430133657351154,0.7220630713647456
acordo globo,4,1,0.00499001996007984,0.002430133657351154,0.7220630713647456
eleicoes diretas,4,1,0.00499001996007984,0.002430133657351154,0.7220630713647456
facebook,31,12,0.031936127744510975,0.015795868772782502,0.7205247215072457
santo,26,10,0.02694610778443114,0.013365735115431349,0.7150044623697891
tomou,26,10,0.02694610778443114,0.013365735115431349,0.7150044623697891
estadao,21,8,0.021956087824351298,0.010935601458080195,0.7082256703600192
atitude,21,8,0.021956087824351298,0.010935601458080195,0.7082256703600192
podemos,33,13,0.033932135728542916,0.01701093560145808,0.7078700247828178
conhecido,40,16,0.04091816367265469,0.020656136087484813,0.7044680561844276
hora,47,19,0.04790419161676647,0.024301336573511544,0.7031597798523754
gilmar,28,11,0.028942115768463075,0.014580801944106925,0.7002731521278811
melo filho,16,6,0.016966067864271458,0.00850546780072904,0.6990759087929206
parar,16,6,0.016966067864271458,0.00850546780072904,0.6990759087929206
interesses,16,6,0.016966067864271458,0.00850546780072904,0.6990759087929206
ficara,16,6,0.016966067864271458,0.00850546780072904,0.6990759087929206
aviao,35,14,0.03592814371257485,0.018226002430133656,0.6968669616624772
romero,23,9,0.023952095808383235,0.012150668286755772,0.6906901768668936
alguma,23,9,0.023952095808383235,0.012150668286755772,0.6906901768668936
acordo,238,111,0.23852295409181637,0.13608748481166463,0.6873790791552001
institucionais,11,4,0.011976047904191617,0.006075334143377886,0.6846261308280122
rapido,11,4,0.011976047904191617,0.006075334143377886,0.6846261308280122
quantidade,11,4,0.011976047904191617,0.006075334143377886,0.6846261308280122
precisou,11,4,0.011976047904191617,0.006075334143377886,0.6846261308280122
dao,11,4,0.011976047904191617,0.006075334143377886,0.6846261308280122
europa,11,4,0.011976047904191617,0.006075334143377886,0.6846261308280122
homenagem,11,4,0.011976047904191617,0.006075334143377886,0.6846261308280122
seriam,11,4,0.011976047904191617,0.006075334143377886,0.6846261308280122
direto,11,4,0.011976047904191617,0.006075334143377886,0.6846261308280122
localizada,11,4,0.011976047904191617,0.006075334143377886,0.6846261308280122
tivesse,11,4,0.011976047904191617,0.006075334143377886,0.6846261308280122
federal jair,11,4,0.011976047904191617,0.006075334143377886,0.6846261308280122
extremamente,11,4,0.011976047904191617,0.006075334143377886,0.6846261308280122
oficial,55,23,0.05588822355289421,0.02916160388821385,0.6784162371016005
governo temer,18,7,0.018962075848303395,0.009720534629404616,0.6775764305803005
produtos,18,7,0.018962075848303395,0.009720534629404616,0.6775764305803005
estou,25,10,0.02594810379241517,0.013365735115431349,0.6762390189716969
algumas,50,21,0.05089820359281437,0.026731470230862697,0.6691300638889786
senhor,27,11,0.027944111776447105,0.014580801944106925,0.6641546108600811
ministro stf,27,11,0.027944111776447105,0.014580801944106925,0.6641546108600811
teria recebido,13,5,0.013972055888223553,0.007290400972053463,0.6572542574993383
partido trabalhadores,13,5,0.013972055888223553,0.007290400972053463,0.6572542574993383
decide,13,5,0.013972055888223553,0.007290400972053463,0.6572542574993383
fontes,13,5,0.013972055888223553,0.007290400972053463,0.6572542574993383
estado saude,13,5,0.013972055888223553,0.007290400972053463,0.6572542574993383
fhc,13,5,0.013972055888223553,0.007290400972053463,0.6572542574993383
putin,13,5,0.013972055888223553,0.007290400972053463,0.6572542574993383
pescoco,6,2,0.006986027944111776,0.0036452004860267314,0.6538594634869099
hospital sirio,6,2,0.006986027944111776,0.0036452004860267314,0.6538594634869099
altura,6,2,0.006986027944111776,0.0036452004860267314,0.6538594634869099
randolfe,6,2,0.006986027944111776,0.0036452004860267314,0.6538594634869099
limpo,6,2,0.006986027944111776,0.0036452004860267314,0.6538594634869099
preocupar,6,2,0.006986027944111776,0.0036452004860267314,0.6538594634869099
perderam,6,2,0.006986027944111776,0.0036452004860267314,0.6538594634869099
dependencias,6,2,0.006986027944111776,0.0036452004860267314,0.6538594634869099
conjuntos,6,2,0.006986027944111776,0.0036452004860267314,0.6538594634869099
presidente instituto,6,2,0.006986027944111776,0.0036452004860267314,0.6538594634869099
viralizou,6,2,0.006986027944111776,0.0036452004860267314,0.6538594634869099
aeronaves,6,2,0.006986027944111776,0.0036452004860267314,0.6538594634869099
feliz,6,2,0.006986027944111776,0.0036452004860267314,0.6538594634869099
mandatos,6,2,0.006986027944111776,0.0036452004860267314,0.6538594634869099
artilharia,6,2,0.006986027944111776,0.0036452004860267314,0.6538594634869099
bate,6,2,0.006986027944111776,0.0036452004860267314,0.6538594634869099
transpetro,6,2,0.006986027944111776,0.0036452004860267314,0.6538594634869099
mauricio,6,2,0.006986027944111776,0.0036452004860267314,0.6538594634869099
solidariedade,6,2,0.006986027944111776,0.0036452004860267314,0.6538594634869099
proibe,6,2,0.006986027944111776,0.0036452004860267314,0.6538594634869099
assinar,6,2,0.006986027944111776,0.0036452004860267314,0.6538594634869099
linguagem,6,2,0.006986027944111776,0.0036452004860267314,0.6538594634869099
sozinha,6,2,0.006986027944111776,0.0036452004860267314,0.6538594634869099
atuava,6,2,0.006986027944111776,0.0036452004860267314,0.6538594634869099
cortar,6,2,0.006986027944111776,0.0036452004860267314,0.6538594634869099
soube,6,2,0.006986027944111776,0.0036452004860267314,0.6538594634869099
trio,6,2,0.006986027944111776,0.0036452004860267314,0.6538594634869099
capital federal,6,2,0.006986027944111776,0.0036452004860267314,0.6538594634869099
sabatina,6,2,0.006986027944111776,0.0036452004860267314,0.6538594634869099
misseis nucleares,6,2,0.006986027944111776,0.0036452004860267314,0.6538594634869099
vendo,6,2,0.006986027944111776,0.0036452004860267314,0.6538594634869099
recusou,6,2,0.006986027944111776,0.0036452004860267314,0.6538594634869099
jean,6,2,0.006986027944111776,0.0036452004860267314,0.6538594634869099
colunista globo,6,2,0.006986027944111776,0.0036452004860267314,0.6538594634869099
randolfe rodrigues,6,2,0.006986027944111776,0.0036452004860267314,0.6538594634869099
perigoso,6,2,0.006986027944111776,0.0036452004860267314,0.6538594634869099
penas,6,2,0.006986027944111776,0.0036452004860267314,0.6538594634869099
comprovar,6,2,0.006986027944111776,0.0036452004860267314,0.6538594634869099
descartada,6,2,0.006986027944111776,0.0036452004860267314,0.6538594634869099
nisso,6,2,0.006986027944111776,0.0036452004860267314,0.6538594634869099
carregando,6,2,0.006986027944111776,0.0036452004860267314,0.6538594634869099
dois meses,6,2,0.006986027944111776,0.0036452004860267314,0.6538594634869099
milhoes pessoas,6,2,0.006986027944111776,0.0036452004860267314,0.6538594634869099
video divulgado,6,2,0.006986027944111776,0.0036452004860267314,0.6538594634869099
decretou,6,2,0.006986027944111776,0.0036452004860267314,0.6538594634869099
bomba nuclear,6,2,0.006986027944111776,0.0036452004860267314,0.6538594634869099
sergio machado,6,2,0.006986027944111776,0.0036452004860267314,0.6538594634869099
avaliar,6,2,0.006986027944111776,0.0036452004860267314,0.6538594634869099
marketing,6,2,0.006986027944111776,0.0036452004860267314,0.6538594634869099
convidados,6,2,0.006986027944111776,0.0036452004860267314,0.6538594634869099
tortura,6,2,0.006986027944111776,0.0036452004860267314,0.6538594634869099
filmado,6,2,0.006986027944111776,0.0036452004860267314,0.6538594634869099
lados,6,2,0.006986027944111776,0.0036452004860267314,0.6538594634869099
revista epoca,6,2,0.006986027944111776,0.0036452004860267314,0.6538594634869099
norte-coreanas,6,2,0.006986027944111776,0.0036452004860267314,0.6538594634869099
nesses,6,2,0.006986027944111776,0.0036452004860267314,0.6538594634869099
obstruir,6,2,0.006986027944111776,0.0036452004860267314,0.6538594634869099
aparentemente,6,2,0.006986027944111776,0.0036452004860267314,0.6538594634869099
nesse caso,6,2,0.006986027944111776,0.0036452004860267314,0.6538594634869099
proxima semana,6,2,0.006986027944111776,0.0036452004860267314,0.6538594634869099
coincidencia,6,2,0.006986027944111776,0.0036452004860267314,0.6538594634869099
onda,6,2,0.006986027944111776,0.0036452004860267314,0.6538594634869099
caciques,6,2,0.006986027944111776,0.0036452004860267314,0.6538594634869099
misseis tomahawk,6,2,0.006986027944111776,0.0036452004860267314,0.6538594634869099
tao,38,16,0.038922155688622756,0.020656136087484813,0.6523786327819332
situacao,71,31,0.0718562874251497,0.038882138517618466,0.6490435978366809
turma,22,9,0.022954091816367265,0.012150668286755772,0.6471085899524045
romero juca,22,9,0.022954091816367265,0.012150668286755772,0.6471085899524045
sofreu,22,9,0.022954091816367265,0.012150668286755772,0.6471085899524045
mendes,31,13,0.031936127744510975,0.01701093560145808,0.6451814187455311
favor,33,14,0.033932135728542916,0.018226002430133656,0.6376402947584698
claudio melo,15,6,0.015968063872255488,0.00850546780072904,0.6374365735459389
explicou,15,6,0.015968063872255488,0.00850546780072904,0.6374365735459389
quebra,15,6,0.015968063872255488,0.00850546780072904,0.6374365735459389
eike,15,6,0.015968063872255488,0.00850546780072904,0.6374365735459389
oficialmente,24,10,0.0249500998003992,0.013365735115431349,0.6359942401887251
fato,72,32,0.07285429141716566,0.040097205346294046,0.631876086329139
acusado,46,20,0.046906187624750496,0.02551640340218712,0.6310224313724202
questao,48,21,0.04890219560878244,0.026731470230862697,0.6270238881664674
gilmar mendes,26,11,0.02694610778443114,0.014580801944106925,0.6267607993338942
atencao,26,11,0.02694610778443114,0.014580801944106925,0.6267607993338942
varias,37,16,0.03792415169660679,0.020656136087484813,0.6253652635662523
russia,37,16,0.03792415169660679,0.020656136087484813,0.6253652635662523
envolvidos,17,7,0.017964071856287425,0.009720534629404616,0.6224924324049379
locais,17,7,0.017964071856287425,0.009720534629404616,0.6224924324049379
cedo,17,7,0.017964071856287425,0.009720534629404616,0.6224924324049379
conhecimento,17,7,0.017964071856287425,0.009720534629404616,0.6224924324049379
respondeu,28,12,0.028942115768463075,0.015795868772782502,0.6189966380054166
doente,8,3,0.008982035928143712,0.004860267314702308,0.6182836360242261
culto,8,3,0.008982035928143712,0.004860267314702308,0.6182836360242261
beneficiarios,8,3,0.008982035928143712,0.004860267314702308,0.6182836360242261
tiver,8,3,0.008982035928143712,0.004860267314702308,0.6182836360242261
fieis,8,3,0.008982035928143712,0.004860267314702308,0.6182836360242261
teixeira,8,3,0.008982035928143712,0.004860267314702308,0.6182836360242261
lula ex-presidente,8,3,0.008982035928143712,0.004860267314702308,0.6182836360242261
copa,8,3,0.008982035928143712,0.004860267314702308,0.6182836360242261
daria,8,3,0.008982035928143712,0.004860267314702308,0.6182836360242261
costas,8,3,0.008982035928143712,0.004860267314702308,0.6182836360242261
recentes,8,3,0.008982035928143712,0.004860267314702308,0.6182836360242261
alegam,8,3,0.008982035928143712,0.004860267314702308,0.6182836360242261
utilizar,8,3,0.008982035928143712,0.004860267314702308,0.6182836360242261
velha,8,3,0.008982035928143712,0.004860267314702308,0.6182836360242261
zeze,8,3,0.008982035928143712,0.004860267314702308,0.6182836360242261
requerimento,8,3,0.008982035928143712,0.004860267314702308,0.6182836360242261
necessarias,8,3,0.008982035928143712,0.004860267314702308,0.6182836360242261
estado paulo,8,3,0.008982035928143712,0.004860267314702308,0.6182836360242261
ficava,8,3,0.008982035928143712,0.004860267314702308,0.6182836360242261
encaminhado,8,3,0.008982035928143712,0.004860267314702308,0.6182836360242261
andrea neves,8,3,0.008982035928143712,0.004860267314702308,0.6182836360242261
gas,8,3,0.008982035928143712,0.004860267314702308,0.6182836360242261
seguidores,8,3,0.008982035928143712,0.004860267314702308,0.6182836360242261
estilo,8,3,0.008982035928143712,0.004860267314702308,0.6182836360242261
frequencia,8,3,0.008982035928143712,0.004860267314702308,0.6182836360242261
mexico,8,3,0.008982035928143712,0.004860267314702308,0.6182836360242261
legais,8,3,0.008982035928143712,0.004860267314702308,0.6182836360242261
apenas,96,44,0.0968063872255489,0.054678007290400975,0.6168400692115283
fica,30,13,0.03093812375249501,0.01701093560145808,0.6124023236370548
filhos,19,8,0.01996007984031936,0.010935601458080195,0.610876753865846
sei,19,8,0.01996007984031936,0.010935601458080195,0.610876753865846
mensagem,32,14,0.03293413173652695,0.018226002430133656,0.6067548069945996
maneira,32,14,0.03293413173652695,0.018226002430133656,0.6067548069945996
china,34,15,0.03493013972055888,0.019441069258809233,0.6018845120662868
protecao,10,4,0.010978043912175649,0.006075334143377886,0.5966051626370295
relatorios,10,4,0.010978043912175649,0.006075334143377886,0.5966051626370295
alberto,10,4,0.010978043912175649,0.006075334143377886,0.5966051626370295
comprou,10,4,0.010978043912175649,0.006075334143377886,0.5966051626370295
registradas,10,4,0.010978043912175649,0.006075334143377886,0.5966051626370295
gritos,10,4,0.010978043912175649,0.006075334143377886,0.5966051626370295
dignidade,10,4,0.010978043912175649,0.006075334143377886,0.5966051626370295
vontade,10,4,0.010978043912175649,0.006075334143377886,0.5966051626370295
daqui,10,4,0.010978043912175649,0.006075334143377886,0.5966051626370295
fortes,10,4,0.010978043912175649,0.006075334143377886,0.5966051626370295
segundos,10,4,0.010978043912175649,0.006075334143377886,0.5966051626370295
anunciado,10,4,0.010978043912175649,0.006075334143377886,0.5966051626370295
bem,96,45,0.0968063872255489,0.05589307411907655,0.5935749886820094
pessoa,63,29,0.06387225548902195,0.03645200486026731,0.58975897432614
cabeca,25,11,0.02594810379241517,0.014580801944106925,0.587995355935802
levar,25,11,0.02594810379241517,0.014580801944106925,0.587995355935802
alguns,79,37,0.07984031936127745,0.046172539489671933,0.5835789691733102
tenta,27,12,0.027944111776447105,0.015795868772782502,0.5828780967376166
vira,12,5,0.012974051896207584,0.007290400972053463,0.5821346514707724
parou,12,5,0.012974051896207584,0.007290400972053463,0.5821346514707724
classe,12,5,0.012974051896207584,0.007290400972053463,0.5821346514707724
enviados,12,5,0.012974051896207584,0.007290400972053463,0.5821346514707724
preocupado,12,5,0.012974051896207584,0.007290400972053463,0.5821346514707724
futebol,12,5,0.012974051896207584,0.007290400972053463,0.5821346514707724
alvaro,12,5,0.012974051896207584,0.007290400972053463,0.5821346514707724
relata,12,5,0.012974051896207584,0.007290400972053463,0.5821346514707724
verdade,29,13,0.029940119760479042,0.01701093560145808,0.5785831646449497
conseguiu,29,13,0.029940119760479042,0.01701093560145808,0.5785831646449497
existe,29,13,0.029940119760479042,0.01701093560145808,0.5785831646449497
epoca,52,24,0.05289421157684631,0.030376670716889428,0.5781158875238019
dizer,64,30,0.06487025948103792,0.03766707168894289,0.5722781749864945
consegue,14,6,0.014970059880239521,0.00850546780072904,0.571884367577522
detentos,14,6,0.014970059880239521,0.00850546780072904,0.571884367577522
eike batista,14,6,0.014970059880239521,0.00850546780072904,0.571884367577522
profissional,14,6,0.014970059880239521,0.00850546780072904,0.571884367577522
sequer,14,6,0.014970059880239521,0.00850546780072904,0.571884367577522
pior,14,6,0.014970059880239521,0.00850546780072904,0.571884367577522
prender,14,6,0.014970059880239521,0.00850546780072904,0.571884367577522
porta,14,6,0.014970059880239521,0.00850546780072904,0.571884367577522
chegar,33,15,0.033932135728542916,0.019441069258809233,0.571863383369752
faz,82,39,0.08283433133732535,0.04860267314702309,0.569807727317778
nucleares,35,16,0.03592814371257485,0.020656136087484813,0.5692255026940041
diversos,37,17,0.03792415169660679,0.02187120291616039,0.5669653846382388
padilha,16,7,0.016966067864271458,0.009720534629404616,0.5643182744451538
voz,16,7,0.016966067864271458,0.009720534629404616,0.5643182744451538
brasil,233,121,0.23353293413173654,0.14823815309842042,0.5600182245113625
comunicacao,18,8,0.018962075848303395,0.010935601458080195,0.5585656476855947
recebe,18,8,0.018962075848303395,0.010935601458080195,0.5585656476855947
entregar,18,8,0.018962075848303395,0.010935601458080195,0.5585656476855947
cerca milhoes,18,8,0.018962075848303395,0.010935601458080195,0.5585656476855947
exterior,18,8,0.018962075848303395,0.010935601458080195,0.5585656476855947
preciso,20,9,0.020958083832335328,0.012150668286755772,0.5540959947118251
dialogo,20,9,0.020958083832335328,0.012150668286755772,0.5540959947118251
colocar,24,11,0.0249500998003992,0.014580801944106925,0.5477505771528302
aerea,24,11,0.0249500998003992,0.014580801944106925,0.5477505771528302
mudar,24,11,0.0249500998003992,0.014580801944106925,0.5477505771528302
internet,28,13,0.028942115768463075,0.01701093560145808,0.5436533352437021
dizendo,32,15,0.03293413173652695,0.019441069258809233,0.5409778956058817
logo,34,16,0.03493013972055888,0.020656136087484813,0.5400199644865316
nosso,46,22,0.046906187624750496,0.027946537059538274,0.5375537729681059
dinheiro,137,70,0.1377245508982036,0.08626974483596597,0.5257373632616735
lula,210,112,0.21057884231536927,0.13730255164034022,0.5164373170314331
populacao,47,23,0.04790419161676647,0.02916160388821385,0.515844454877934
exercito,35,17,0.03592814371257485,0.02187120291616039,0.5108256237659905
alerta,35,17,0.03592814371257485,0.02187120291616039,0.5108256237659905
problema,35,17,0.03592814371257485,0.02187120291616039,0.5108256237659905
pagar,33,16,0.033932135728542916,0.020656136087484813,0.5099988357899967
respeito,31,15,0.031936127744510975,0.019441069258809233,0.5091747773324653
especie,29,14,0.029940119760479042,0.018226002430133656,0.5083534346206018
continua,27,13,0.027944111776447105,0.01701093560145808,0.5075347939759021
forte,25,12,0.02594810379241517,0.015795868772782502,0.5067188418133375
casal,23,11,0.023952095808383235,0.014580801944106925,0.5059055646405408
brasileiro,62,31,0.06287425149700598,0.038882138517618466,0.5058813121511969
capacidade,21,10,0.021956087824351298,0.013365735115431349,0.5050949490570056
instituto lula,19,9,0.01996007984031936,0.012150668286755772,0.5042869817532902
reporter,17,8,0.017964071856287425,0.010935601458080195,0.5034816495102321
presidente temer,17,8,0.017964071856287425,0.010935601458080195,0.5034816495102321
melo,17,8,0.017964071856287425,0.010935601458080195,0.5034816495102321
familiares,17,8,0.017964071856287425,0.010935601458080195,0.5034816495102321
usa,15,7,0.015968063872255488,0.009720534629404616,0.5026789391981721
confianca,15,7,0.015968063872255488,0.009720534629404616,0.5026789391981721
coreana,15,7,0.015968063872255488,0.009720534629404616,0.5026789391981721
general,15,7,0.015968063872255488,0.009720534629404616,0.5026789391981721
codigo,13,6,0.013972055888223553,0.00850546780072904,0.501878837776184
prestes,13,6,0.013972055888223553,0.00850546780072904,0.501878837776184
moral,13,6,0.013972055888223553,0.00850546780072904,0.501878837776184
modo,13,6,0.013972055888223553,0.00850546780072904,0.501878837776184
delacao odebrecht,13,6,0.013972055888223553,0.00850546780072904,0.501878837776184
contrato,13,6,0.013972055888223553,0.00850546780072904,0.501878837776184
pequeno,13,6,0.013972055888223553,0.00850546780072904,0.501878837776184
recebendo,13,6,0.013972055888223553,0.00850546780072904,0.501878837776184
resolver,13,6,0.013972055888223553,0.00850546780072904,0.501878837776184
nosso pais,13,6,0.013972055888223553,0.00850546780072904,0.501878837776184
bancos,11,5,0.011976047904191617,0.007290400972053463,0.5010813322913128
colega,11,5,0.011976047904191617,0.007290400972053463,0.5010813322913128
ilegais,11,5,0.011976047904191617,0.007290400972053463,0.5010813322913128
informaram,11,5,0.011976047904191617,0.007290400972053463,0.5010813322913128
manifestou,11,5,0.011976047904191617,0.007290400972053463,0.5010813322913128
hotel,11,5,0.011976047904191617,0.007290400972053463,0.5010813322913128
arma,11,5,0.011976047904191617,0.007290400972053463,0.5010813322913128
absolutamente,11,5,0.011976047904191617,0.007290400972053463,0.5010813322913128
concluiu,11,5,0.011976047904191617,0.007290400972053463,0.5010813322913128
passando,11,5,0.011976047904191617,0.007290400972053463,0.5010813322913128
agressao,11,5,0.011976047904191617,0.007290400972053463,0.5010813322913128
corporacao,9,4,0.00998003992015968,0.006075334143377886,0.5002864098778197
prerrogativa,9,4,0.00998003992015968,0.006075334143377886,0.5002864098778197
colombia,9,4,0.00998003992015968,0.006075334143377886,0.5002864098778197
cliente,9,4,0.00998003992015968,0.006075334143377886,0.5002864098778197
choque,9,4,0.00998003992015968,0.006075334143377886,0.5002864098778197
primeiras,9,4,0.00998003992015968,0.006075334143377886,0.5002864098778197
infelizmente,9,4,0.00998003992015968,0.006075334143377886,0.5002864098778197
bombeiros,9,4,0.00998003992015968,0.006075334143377886,0.5002864098778197
trabalhou,9,4,0.00998003992015968,0.006075334143377886,0.5002864098778197
foco,9,4,0.00998003992015968,0.006075334143377886,0.5002864098778197
fuga,9,4,0.00998003992015968,0.006075334143377886,0.5002864098778197
encontra,9,4,0.00998003992015968,0.006075334143377886,0.5002864098778197
chapa dilma,9,4,0.00998003992015968,0.006075334143377886,0.5002864098778197
gilberto,9,4,0.00998003992015968,0.006075334143377886,0.5002864098778197
pimentel,9,4,0.00998003992015968,0.006075334143377886,0.5002864098778197
guerra nuclear,9,4,0.00998003992015968,0.006075334143377886,0.5002864098778197
pmdb-rr,9,4,0.00998003992015968,0.006075334143377886,0.5002864098778197
juca pmdb-rr,9,4,0.00998003992015968,0.006075334143377886,0.5002864098778197
jose dirceu,9,4,0.00998003992015968,0.006075334143377886,0.5002864098778197
custo,9,4,0.00998003992015968,0.006075334143377886,0.5002864098778197
especialmente,9,4,0.00998003992015968,0.006075334143377886,0.5002864098778197
equipamentos,9,4,0.00998003992015968,0.006075334143377886,0.5002864098778197
inimigo,9,4,0.00998003992015968,0.006075334143377886,0.5002864098778197
mpf,54,27,0.054890219560878244,0.03402187120291616,0.5001716965255203
igrejas,7,3,0.007984031936127744,0.004860267314702308,0.49949405775644085
viva,7,3,0.007984031936127744,0.004860267314702308,0.49949405775644085
culpado,7,3,0.007984031936127744,0.004860267314702308,0.49949405775644085
inocente,7,3,0.007984031936127744,0.004860267314702308,0.49949405775644085
bracos,7,3,0.007984031936127744,0.004860267314702308,0.49949405775644085
reunioes,7,3,0.007984031936127744,0.004860267314702308,0.49949405775644085
marques,7,3,0.007984031936127744,0.004860267314702308,0.49949405775644085
duro,7,3,0.007984031936127744,0.004860267314702308,0.49949405775644085
antigo,7,3,0.007984031936127744,0.004860267314702308,0.49949405775644085
planilhas,7,3,0.007984031936127744,0.004860267314702308,0.49949405775644085
andar,7,3,0.007984031936127744,0.004860267314702308,0.49949405775644085
rico,7,3,0.007984031936127744,0.004860267314702308,0.49949405775644085
aguas,7,3,0.007984031936127744,0.004860267314702308,0.49949405775644085
defesa petista,7,3,0.007984031936127744,0.004860267314702308,0.49949405775644085
norte-americana,7,3,0.007984031936127744,0.004860267314702308,0.49949405775644085
alguma coisa,7,3,0.007984031936127744,0.004860267314702308,0.49949405775644085
refere,7,3,0.007984031936127744,0.004860267314702308,0.49949405775644085
caso aconteceu,7,3,0.007984031936127744,0.004860267314702308,0.49949405775644085
discursos,7,3,0.007984031936127744,0.004860267314702308,0.49949405775644085
vladimir,7,3,0.007984031936127744,0.004860267314702308,0.49949405775644085
estadio,7,3,0.007984031936127744,0.004860267314702308,0.49949405775644085
sinal,7,3,0.007984031936127744,0.004860267314702308,0.49949405775644085
armado,7,3,0.007984031936127744,0.004860267314702308,0.49949405775644085
faco,7,3,0.007984031936127744,0.004860267314702308,0.49949405775644085
internos,7,3,0.007984031936127744,0.004860267314702308,0.49949405775644085
atacou,7,3,0.007984031936127744,0.004860267314702308,0.49949405775644085
manifestar,7,3,0.007984031936127744,0.004860267314702308,0.49949405775644085
instancias,7,3,0.007984031936127744,0.004860267314702308,0.49949405775644085
procurador republica,7,3,0.007984031936127744,0.004860267314702308,0.49949405775644085
adiante,7,3,0.007984031936127744,0.004860267314702308,0.49949405775644085
daqueles,7,3,0.007984031936127744,0.004860267314702308,0.49949405775644085
especificamente,7,3,0.007984031936127744,0.004860267314702308,0.49949405775644085
pagos,7,3,0.007984031936127744,0.004860267314702308,0.49949405775644085
interrompeu,7,3,0.007984031936127744,0.004860267314702308,0.49949405775644085
errado,7,3,0.007984031936127744,0.004860267314702308,0.49949405775644085
pronto,7,3,0.007984031936127744,0.004860267314702308,0.49949405775644085
natureza,7,3,0.007984031936127744,0.004860267314702308,0.49949405775644085
recebeu milhoes,7,3,0.007984031936127744,0.004860267314702308,0.49949405775644085
ex-presidente fernando,7,3,0.007984031936127744,0.004860267314702308,0.49949405775644085
embaixador,7,3,0.007984031936127744,0.004860267314702308,0.49949405775644085
leia abaixo,7,3,0.007984031936127744,0.004860267314702308,0.49949405775644085
desespero,7,3,0.007984031936127744,0.004860267314702308,0.49949405775644085
pensao,7,3,0.007984031936127744,0.004860267314702308,0.49949405775644085
catolica,5,2,0.005988023952095809,0.0036452004860267314,0.49870426323364647
continente,5,2,0.005988023952095809,0.0036452004860267314,0.49870426323364647
integridade,5,2,0.005988023952095809,0.0036452004860267314,0.49870426323364647
voos,5,2,0.005988023952095809,0.0036452004860267314,0.49870426323364647
igreja catolica,5,2,0.005988023952095809,0.0036452004860267314,0.49870426323364647
wyllys,5,2,0.005988023952095809,0.0036452004860267314,0.49870426323364647
viveu,5,2,0.005988023952095809,0.0036452004860267314,0.49870426323364647
inaceitavel,5,2,0.005988023952095809,0.0036452004860267314,0.49870426323364647
voltara,5,2,0.005988023952095809,0.0036452004860267314,0.49870426323364647
lindbergh,5,2,0.005988023952095809,0.0036452004860267314,0.49870426323364647
marte,5,2,0.005988023952095809,0.0036452004860267314,0.49870426323364647
expulsa,5,2,0.005988023952095809,0.0036452004860267314,0.49870426323364647
resgate,5,2,0.005988023952095809,0.0036452004860267314,0.49870426323364647
lindbergh farias,5,2,0.005988023952095809,0.0036452004860267314,0.49870426323364647
edison lobao,5,2,0.005988023952095809,0.0036452004860267314,0.49870426323364647
extra,5,2,0.005988023952095809,0.0036452004860267314,0.49870426323364647
evidencias,5,2,0.005988023952095809,0.0036452004860267314,0.49870426323364647
bolsonaro psc,5,2,0.005988023952095809,0.0036452004860267314,0.49870426323364647
edison,5,2,0.005988023952095809,0.0036452004860267314,0.49870426323364647
hamburgo,5,2,0.005988023952095809,0.0036452004860267314,0.49870426323364647
vento,5,2,0.005988023952095809,0.0036452004860267314,0.49870426323364647
constam,5,2,0.005988023952095809,0.0036452004860267314,0.49870426323364647
uruguai,5,2,0.005988023952095809,0.0036452004860267314,0.49870426323364647
descobrir,5,2,0.005988023952095809,0.0036452004860267314,0.49870426323364647
andrade gutierrez,5,2,0.005988023952095809,0.0036452004860267314,0.49870426323364647
provincia,5,2,0.005988023952095809,0.0036452004860267314,0.49870426323364647
aerea brasileira,5,2,0.005988023952095809,0.0036452004860267314,0.49870426323364647
vai fazer,5,2,0.005988023952095809,0.0036452004860267314,0.49870426323364647
brasil mundo,5,2,0.005988023952095809,0.0036452004860267314,0.49870426323364647
resolveram,5,2,0.005988023952095809,0.0036452004860267314,0.49870426323364647
milagre,5,2,0.005988023952095809,0.0036452004860267314,0.49870426323364647
silvio,5,2,0.005988023952095809,0.0036452004860267314,0.49870426323364647
ex-executivo odebrecht,5,2,0.005988023952095809,0.0036452004860267314,0.49870426323364647
popularidade,5,2,0.005988023952095809,0.0036452004860267314,0.49870426323364647
enviadas,5,2,0.005988023952095809,0.0036452004860267314,0.49870426323364647
hoje presidente,5,2,0.005988023952095809,0.0036452004860267314,0.49870426323364647
irma aecio,5,2,0.005988023952095809,0.0036452004860267314,0.49870426323364647
ronaldo,5,2,0.005988023952095809,0.0036452004860267314,0.49870426323364647
roubados,5,2,0.005988023952095809,0.0036452004860267314,0.49870426323364647
desviado,5,2,0.005988023952095809,0.0036452004860267314,0.49870426323364647
agradecer,5,2,0.005988023952095809,0.0036452004860267314,0.49870426323364647
gutierrez,5,2,0.005988023952095809,0.0036452004860267314,0.49870426323364647
fundamento,5,2,0.005988023952095809,0.0036452004860267314,0.49870426323364647
engenheiro,5,2,0.005988023952095809,0.0036452004860267314,0.49870426323364647
negociou,5,2,0.005988023952095809,0.0036452004860267314,0.49870426323364647
dei,5,2,0.005988023952095809,0.0036452004860267314,0.49870426323364647
atores,5,2,0.005988023952095809,0.0036452004860267314,0.49870426323364647
magistrada,5,2,0.005988023952095809,0.0036452004860267314,0.49870426323364647
salva,5,2,0.005988023952095809,0.0036452004860267314,0.49870426323364647
colo,5,2,0.005988023952095809,0.0036452004860267314,0.49870426323364647
ferido,5,2,0.005988023952095809,0.0036452004860267314,0.49870426323364647
feminino,5,2,0.005988023952095809,0.0036452004860267314,0.49870426323364647
estima-se,5,2,0.005988023952095809,0.0036452004860267314,0.49870426323364647
sentia,5,2,0.005988023952095809,0.0036452004860267314,0.49870426323364647
militantes,5,2,0.005988023952095809,0.0036452004860267314,0.49870426323364647
mineira,5,2,0.005988023952095809,0.0036452004860267314,0.49870426323364647
magistratura,5,2,0.005988023952095809,0.0036452004860267314,0.49870426323364647
esplanada,5,2,0.005988023952095809,0.0036452004860267314,0.49870426323364647
deixado,5,2,0.005988023952095809,0.0036452004860267314,0.49870426323364647
conhecia,5,2,0.005988023952095809,0.0036452004860267314,0.49870426323364647
querendo,5,2,0.005988023952095809,0.0036452004860267314,0.49870426323364647
algum tipo,5,2,0.005988023952095809,0.0036452004860267314,0.49870426323364647
adquiriu,5,2,0.005988023952095809,0.0036452004860267314,0.49870426323364647
depoimento ex-presidente,5,2,0.005988023952095809,0.0036452004860267314,0.49870426323364647
garantias,5,2,0.005988023952095809,0.0036452004860267314,0.49870426323364647
primeiro-ministro,5,2,0.005988023952095809,0.0036452004860267314,0.49870426323364647
injuria,5,2,0.005988023952095809,0.0036452004860267314,0.49870426323364647
influenciar,5,2,0.005988023952095809,0.0036452004860267314,0.49870426323364647
luis claudio,5,2,0.005988023952095809,0.0036452004860267314,0.49870426323364647
atualizado,5,2,0.005988023952095809,0.0036452004860267314,0.49870426323364647
caiado,5,2,0.005988023952095809,0.0036452004860267314,0.49870426323364647
vindo,5,2,0.005988023952095809,0.0036452004860267314,0.49870426323364647
acordos delacao,5,2,0.005988023952095809,0.0036452004860267314,0.49870426323364647
presidencia camara,5,2,0.005988023952095809,0.0036452004860267314,0.49870426323364647
indio,5,2,0.005988023952095809,0.0036452004860267314,0.49870426323364647
danos morais,5,2,0.005988023952095809,0.0036452004860267314,0.49870426323364647
inocencia,5,2,0.005988023952095809,0.0036452004860267314,0.49870426323364647
prisao lula,5,2,0.005988023952095809,0.0036452004860267314,0.49870426323364647
crime corrupcao,5,2,0.005988023952095809,0.0036452004860267314,0.49870426323364647
correndo,5,2,0.005988023952095809,0.0036452004860267314,0.49870426323364647
orientou,5,2,0.005988023952095809,0.0036452004860267314,0.49870426323364647
privado,5,2,0.005988023952095809,0.0036452004860267314,0.49870426323364647
reduzido,5,2,0.005988023952095809,0.0036452004860267314,0.49870426323364647
doleiro lucio,5,2,0.005988023952095809,0.0036452004860267314,0.49870426323364647
duas pessoas,5,2,0.005988023952095809,0.0036452004860267314,0.49870426323364647
concorrer,5,2,0.005988023952095809,0.0036452004860267314,0.49870426323364647
detalhou,5,2,0.005988023952095809,0.0036452004860267314,0.49870426323364647
chines jinping,5,2,0.005988023952095809,0.0036452004860267314,0.49870426323364647
eliminar,5,2,0.005988023952095809,0.0036452004860267314,0.49870426323364647
existir,5,2,0.005988023952095809,0.0036452004860267314,0.49870426323364647
cpi,5,2,0.005988023952095809,0.0036452004860267314,0.49870426323364647
atacado,5,2,0.005988023952095809,0.0036452004860267314,0.49870426323364647
citadas,5,2,0.005988023952095809,0.0036452004860267314,0.49870426323364647
dever,5,2,0.005988023952095809,0.0036452004860267314,0.49870426323364647
jean wyllys,5,2,0.005988023952095809,0.0036452004860267314,0.49870426323364647
banho,5,2,0.005988023952095809,0.0036452004860267314,0.49870426323364647
confessou,5,2,0.005988023952095809,0.0036452004860267314,0.49870426323364647
pernas,5,2,0.005988023952095809,0.0036452004860267314,0.49870426323364647
condominio,5,2,0.005988023952095809,0.0036452004860267314,0.49870426323364647
tribuna,5,2,0.005988023952095809,0.0036452004860267314,0.49870426323364647
unem,5,2,0.005988023952095809,0.0036452004860267314,0.49870426323364647
gabriel,5,2,0.005988023952095809,0.0036452004860267314,0.49870426323364647
funciona,5,2,0.005988023952095809,0.0036452004860267314,0.49870426323364647
conduzir,5,2,0.005988023952095809,0.0036452004860267314,0.49870426323364647
reforcar,5,2,0.005988023952095809,0.0036452004860267314,0.49870426323364647
declarar,5,2,0.005988023952095809,0.0036452004860267314,0.49870426323364647
reclamou,5,2,0.005988023952095809,0.0036452004860267314,0.49870426323364647
odebrecht claudio,5,2,0.005988023952095809,0.0036452004860267314,0.49870426323364647
apoia,5,2,0.005988023952095809,0.0036452004860267314,0.49870426323364647
ronaldo caiado,5,2,0.005988023952095809,0.0036452004860267314,0.49870426323364647
mera,5,2,0.005988023952095809,0.0036452004860267314,0.49870426323364647
recebido milhoes,5,2,0.005988023952095809,0.0036452004860267314,0.49870426323364647
destroi,5,2,0.005988023952095809,0.0036452004860267314,0.49870426323364647
exclusivamente,5,2,0.005988023952095809,0.0036452004860267314,0.49870426323364647
pedra,5,2,0.005988023952095809,0.0036452004860267314,0.49870426323364647
ex-presidente petista,5,2,0.005988023952095809,0.0036452004860267314,0.49870426323364647
lider governo,5,2,0.005988023952095809,0.0036452004860267314,0.49870426323364647
renunciar,5,2,0.005988023952095809,0.0036452004860267314,0.49870426323364647
submeter,5,2,0.005988023952095809,0.0036452004860267314,0.49870426323364647
seculo,5,2,0.005988023952095809,0.0036452004860267314,0.49870426323364647
falava,5,2,0.005988023952095809,0.0036452004860267314,0.49870426323364647
trocar,5,2,0.005988023952095809,0.0036452004860267314,0.49870426323364647
pouco,59,30,0.059880239520958084,0.03766707168894289,0.48691347497501747
for,34,17,0.03493013972055888,0.02187120291616039,0.481620085558518
imagem,30,15,0.03093812375249501,0.019441069258809233,0.476395682223989
teori,28,14,0.028942115768463075,0.018226002430133656,0.4734236052193541
citado,26,13,0.02694610778443114,0.01701093560145808,0.47014098244971514
sera,148,80,0.14870259481037923,0.09842041312272175,0.4700868469487218
nunca,58,30,0.05888223552894212,0.03766707168894289,0.4690453486015418
neves,54,28,0.054890219560878244,0.03523693803159174,0.46382172330705407
chama,22,11,0.022954091816367265,0.014580801944106925,0.4623239777260517
delegacia,22,11,0.022954091816367265,0.014580801944106925,0.4623239777260517
medo,22,11,0.022954091816367265,0.014580801944106925,0.4623239777260517
foro,37,19,0.03792415169660679,0.024301336573511544,0.45911730550861085
trata,20,10,0.020958083832335328,0.013365735115431349,0.4575550455213673
aecio neves,48,25,0.04890219560878244,0.031591737545565005,0.4549635352251573
proximas,18,9,0.018962075848303395,0.012150668286755772,0.451975875573039
privilegiado,31,16,0.031936127744510975,0.020656136087484813,0.44731022975271006
passa,31,16,0.031936127744510975,0.020656136087484813,0.44731022975271006
milhares,16,8,0.016966067864271458,0.010935601458080195,0.445307491550448
proxima,29,15,0.029940119760479042,0.019441069258809233,0.4425765232318839
feita,51,27,0.05189620758483034,0.03402187120291616,0.44091933846596865
marcelo odebrecht,27,14,0.027944111776447105,0.018226002430133656,0.4373050639515541
pedindo,14,7,0.014970059880239521,0.009720534629404616,0.43712673322975526
nivel,14,7,0.014970059880239521,0.009720534629404616,0.43712673322975526
iria,14,7,0.014970059880239521,0.009720534629404616,0.43712673322975526
suficiente,14,7,0.014970059880239521,0.009720534629404616,0.43712673322975526
veiculo,14,7,0.014970059880239521,0.009720534629404616,0.43712673322975526
energia,14,7,0.014970059880239521,0.009720534629404616,0.43712673322975526
dando,14,7,0.014970059880239521,0.009720534629404616,0.43712673322975526
fosse,38,20,0.038922155688622756,0.02551640340218712,0.4360944044746127
ficar,36,19,0.036926147704590816,0.024301336573511544,0.431412251698009
bolsonaro,36,19,0.036926147704590816,0.024301336573511544,0.431412251698009
marisa,25,13,0.02594810379241517,0.01701093560145808,0.43137553905162296
planeta,12,6,0.012974051896207584,0.00850546780072904,0.4267592317476181
apontado,12,6,0.012974051896207584,0.00850546780072904,0.4267592317476181
ex-diretor,12,6,0.012974051896207584,0.00850546780072904,0.4267592317476181
interno,12,6,0.012974051896207584,0.00850546780072904,0.4267592317476181
fechado,12,6,0.012974051896207584,0.00850546780072904,0.4267592317476181
construcao,12,6,0.012974051896207584,0.00850546780072904,0.4267592317476181
mostrar,12,6,0.012974051896207584,0.00850546780072904,0.4267592317476181
mandou,12,6,0.012974051896207584,0.00850546780072904,0.4267592317476181
dirceu,12,6,0.012974051896207584,0.00850546780072904,0.4267592317476181
caixa dois,12,6,0.012974051896207584,0.00850546780072904,0.4267592317476181
idade,23,12,0.023952095808383235,0.015795868772782502,0.4246290505180763
acontecer,23,12,0.023952095808383235,0.015795868772782502,0.4246290505180763
voo,21,11,0.021956087824351298,0.014580801944106925,0.41685128602111066
dificil,21,11,0.021956087824351298,0.014580801944106925,0.41685128602111066
denuncias,21,11,0.021956087824351298,0.014580801944106925,0.41685128602111066
doria,21,11,0.021956087824351298,0.014580801944106925,0.41685128602111066
carne,21,11,0.021956087824351298,0.014580801944106925,0.41685128602111066
simples,21,11,0.021956087824351298,0.014580801944106925,0.41685128602111066
agora,116,65,0.11676646706586827,0.08019441069258809,0.41629480120084983
seria,85,47,0.08582834331337326,0.0583232077764277,0.4159929500248336
deputado federal,30,16,0.03093812375249501,0.020656136087484813,0.41453113464423375
nomes,30,16,0.03093812375249501,0.020656136087484813,0.41453113464423375
foro privilegiado,30,16,0.03093812375249501,0.020656136087484813,0.41453113464423375
aecio,55,30,0.05588822355289421,0.03766707168894289,0.4136833090125509
abaixo,90,50,0.09081836327345309,0.061968408262454436,0.41347552655734177
abre,10,5,0.010978043912175649,0.007290400972053463,0.4130603641003301
whatsapp,10,5,0.010978043912175649,0.007290400972053463,0.4130603641003301
lucio funaro,10,5,0.010978043912175649,0.007290400972053463,0.4130603641003301
distancia,10,5,0.010978043912175649,0.007290400972053463,0.4130603641003301
negocio,10,5,0.010978043912175649,0.007290400972053463,0.4130603641003301
entende,10,5,0.010978043912175649,0.007290400972053463,0.4130603641003301
cabral,10,5,0.010978043912175649,0.007290400972053463,0.4130603641003301
guarda,10,5,0.010978043912175649,0.007290400972053463,0.4130603641003301
punicao,10,5,0.010978043912175649,0.007290400972053463,0.4130603641003301
jogar,10,5,0.010978043912175649,0.007290400972053463,0.4130603641003301
poderoso,10,5,0.010978043912175649,0.007290400972053463,0.4130603641003301
elite,10,5,0.010978043912175649,0.007290400972053463,0.4130603641003301
fiz,10,5,0.010978043912175649,0.007290400972053463,0.4130603641003301
fronteira,10,5,0.010978043912175649,0.007290400972053463,0.4130603641003301
localizado,10,5,0.010978043912175649,0.007290400972053463,0.4130603641003301
sofrendo,10,5,0.010978043912175649,0.007290400972053463,0.4130603641003301
soldados,10,5,0.010978043912175649,0.007290400972053463,0.4130603641003301
patrimonio,10,5,0.010978043912175649,0.007290400972053463,0.4130603641003301
criou,10,5,0.010978043912175649,0.007290400972053463,0.4130603641003301
presa,10,5,0.010978043912175649,0.007290400972053463,0.4130603641003301
momentos,10,5,0.010978043912175649,0.007290400972053463,0.4130603641003301
sai,10,5,0.010978043912175649,0.007290400972053463,0.4130603641003301
ficou,46,25,0.046906187624750496,0.031591737545565005,0.41119440199806156
preso,81,45,0.08183632734530938,0.05589307411907655,0.4091445310997197
bom,37,20,0.03792415169660679,0.02551640340218712,0.4090810352589318
serra,19,10,0.01996007984031936,0.013365735115431349,0.4077460325628324
deveria,28,15,0.028942115768463075,0.019441069258809233,0.40764669383063623
fazer,115,65,0.1157684630738523,0.08019441069258809,0.40658175191230717
dilma,113,64,0.11377245508982035,0.07897934386391252,0.40352282114906
sejam,26,14,0.02694610778443114,0.018226002430133656,0.3999112524253672
confirma,17,9,0.017964071856287425,0.012150668286755772,0.3968918773976764
pedir,33,18,0.033932135728542916,0.023086269744835967,0.3962887273521103
presidente republica,33,18,0.033932135728542916,0.023086269744835967,0.3962887273521103
nossa,33,18,0.033932135728542916,0.023086269744835967,0.3962887273521103
eduardo cunha,40,22,0.04091816367265469,0.027946537059538274,0.39471516947279284
estava,102,58,0.1027944111776447,0.07168894289185905,0.3944762990188164
executivos odebrecht,8,4,0.008982035928143712,0.006075334143377886,0.3939183374596942
ministro relator,8,4,0.008982035928143712,0.006075334143377886,0.3939183374596942
pronunciou,8,4,0.008982035928143712,0.006075334143377886,0.3939183374596942
machado,8,4,0.008982035928143712,0.006075334143377886,0.3939183374596942
pago,8,4,0.008982035928143712,0.006075334143377886,0.3939183374596942
transformar,8,4,0.008982035928143712,0.006075334143377886,0.3939183374596942
frigorificos,8,4,0.008982035928143712,0.006075334143377886,0.3939183374596942
relacoes institucionais,8,4,0.008982035928143712,0.006075334143377886,0.3939183374596942
financeira,8,4,0.008982035928143712,0.006075334143377886,0.3939183374596942
transparencia,8,4,0.008982035928143712,0.006075334143377886,0.3939183374596942
orientacao,8,4,0.008982035928143712,0.006075334143377886,0.3939183374596942
divulgadas,8,4,0.008982035928143712,0.006075334143377886,0.3939183374596942
osmar,8,4,0.008982035928143712,0.006075334143377886,0.3939183374596942
preco,8,4,0.008982035928143712,0.006075334143377886,0.3939183374596942
indenizacao,8,4,0.008982035928143712,0.006075334143377886,0.3939183374596942
enviada,8,4,0.008982035928143712,0.006075334143377886,0.3939183374596942
ultimo fim,8,4,0.008982035928143712,0.006075334143377886,0.3939183374596942
encontrado,8,4,0.008982035928143712,0.006075334143377886,0.3939183374596942
usados,8,4,0.008982035928143712,0.006075334143377886,0.3939183374596942
pobres,8,4,0.008982035928143712,0.006075334143377886,0.3939183374596942
tentam,8,4,0.008982035928143712,0.006075334143377886,0.3939183374596942
henrique cardoso,8,4,0.008982035928143712,0.006075334143377886,0.3939183374596942
explosao,8,4,0.008982035928143712,0.006075334143377886,0.3939183374596942
ultimo domingo,8,4,0.008982035928143712,0.006075334143377886,0.3939183374596942
resultado,24,13,0.0249500998003992,0.01701093560145808,0.3911307602686511
grave,24,13,0.0249500998003992,0.01701093560145808,0.3911307602686511
renan,52,29,0.05289421157684631,0.03645200486026731,0.38950895491488646
sempre,52,29,0.05289421157684631,0.03645200486026731,0.38950895491488646
quero,15,8,0.015968063872255488,0.010935601458080195,0.3836681563034663
fazia,15,8,0.015968063872255488,0.010935601458080195,0.3836681563034663
aliado,15,8,0.015968063872255488,0.010935601458080195,0.3836681563034663
virou,15,8,0.015968063872255488,0.010935601458080195,0.3836681563034663
vitoria,15,8,0.015968063872255488,0.010935601458080195,0.3836681563034663
vai,171,101,0.17165668662674652,0.12393681652490887,0.38173510002348743
escreveu,22,12,0.022954091816367265,0.015795868772782502,0.3810474636035872
fizeram,22,12,0.022954091816367265,0.015795868772782502,0.3810474636035872
jair,29,16,0.029940119760479042,0.020656136087484813,0.38071197565212866
lucia,27,15,0.027944111776447105,0.019441069258809233,0.3715281525628362
serem,20,11,0.020958083832335328,0.014580801944106925,0.36931138248547235
canal,20,11,0.020958083832335328,0.014580801944106925,0.36931138248547235
carro,20,11,0.020958083832335328,0.014580801944106925,0.36931138248547235
milhao,20,11,0.020958083832335328,0.014580801944106925,0.36931138248547235
autoridade,20,11,0.020958083832335328,0.014580801944106925,0.36931138248547235
nenhum,39,22,0.03992015968063872,0.027946537059538274,0.3689825151870072
peninsula coreana,13,7,0.013972055888223553,0.009720534629404616,0.36712120342841725
paga,13,7,0.013972055888223553,0.009720534629404616,0.36712120342841725
parlamentar,44,25,0.04491017964071856,0.031591737545565005,0.36561723908609833
passar,32,18,0.03293413173652695,0.023086269744835967,0.36540323958824006
fugiu,6,3,0.006986027944111776,0.004860267314702308,0.36495713462989965
roraima,6,3,0.006986027944111776,0.004860267314702308,0.36495713462989965
portas,6,3,0.006986027944111776,0.004860267314702308,0.36495713462989965
defendendo,6,3,0.006986027944111776,0.004860267314702308,0.36495713462989965
promotores,6,3,0.006986027944111776,0.004860267314702308,0.36495713462989965
misseis balisticos,6,3,0.006986027944111776,0.004860267314702308,0.36495713462989965
declarado,6,3,0.006986027944111776,0.004860267314702308,0.36495713462989965
posteriormente,6,3,0.006986027944111776,0.004860267314702308,0.36495713462989965
restaurante,6,3,0.006986027944111776,0.004860267314702308,0.36495713462989965
solto,6,3,0.006986027944111776,0.004860267314702308,0.36495713462989965
elementos,6,3,0.006986027944111776,0.004860267314702308,0.36495713462989965
eleitor,6,3,0.006986027944111776,0.004860267314702308,0.36495713462989965
assinaturas,6,3,0.006986027944111776,0.004860267314702308,0.36495713462989965
agente,6,3,0.006986027944111776,0.004860267314702308,0.36495713462989965
pronunciamento,6,3,0.006986027944111776,0.004860267314702308,0.36495713462989965
circuito,6,3,0.006986027944111776,0.004860267314702308,0.36495713462989965
circula,6,3,0.006986027944111776,0.004860267314702308,0.36495713462989965
fique,6,3,0.006986027944111776,0.004860267314702308,0.36495713462989965
mau,6,3,0.006986027944111776,0.004860267314702308,0.36495713462989965
carioca,6,3,0.006986027944111776,0.004860267314702308,0.36495713462989965
russos,6,3,0.006986027944111776,0.004860267314702308,0.36495713462989965
escalao,6,3,0.006986027944111776,0.004860267314702308,0.36495713462989965
acontecera,6,3,0.006986027944111776,0.004860267314702308,0.36495713462989965
vieram,6,3,0.006986027944111776,0.004860267314702308,0.36495713462989965
vinte,6,3,0.006986027944111776,0.004860267314702308,0.36495713462989965
acompanhar,6,3,0.006986027944111776,0.004860267314702308,0.36495713462989965
corrupcao ativa,6,3,0.006986027944111776,0.004860267314702308,0.36495713462989965
palestra,6,3,0.006986027944111776,0.004860267314702308,0.36495713462989965
repassado,6,3,0.006986027944111776,0.004860267314702308,0.36495713462989965
argumentos,6,3,0.006986027944111776,0.004860267314702308,0.36495713462989965
terroristas,6,3,0.006986027944111776,0.004860267314702308,0.36495713462989965
cheio,6,3,0.006986027944111776,0.004860267314702308,0.36495713462989965
gesto,6,3,0.006986027944111776,0.004860267314702308,0.36495713462989965
continuara,6,3,0.006986027944111776,0.004860267314702308,0.36495713462989965
senador afastado,6,3,0.006986027944111776,0.004860267314702308,0.36495713462989965
explodiu,6,3,0.006986027944111776,0.004860267314702308,0.36495713462989965
operador,6,3,0.006986027944111776,0.004860267314702308,0.36495713462989965
estuda,6,3,0.006986027944111776,0.004860267314702308,0.36495713462989965
chegando,6,3,0.006986027944111776,0.004860267314702308,0.36495713462989965
aposentado,6,3,0.006986027944111776,0.004860267314702308,0.36495713462989965
lama,6,3,0.006986027944111776,0.004860267314702308,0.36495713462989965
lago,6,3,0.006986027944111776,0.004860267314702308,0.36495713462989965
proprias,6,3,0.006986027944111776,0.004860267314702308,0.36495713462989965
perdido,6,3,0.006986027944111776,0.004860267314702308,0.36495713462989965
justificar,6,3,0.006986027944111776,0.004860267314702308,0.36495713462989965
comer,6,3,0.006986027944111776,0.004860267314702308,0.36495713462989965
lobao,6,3,0.006986027944111776,0.004860267314702308,0.36495713462989965
toffoli,6,3,0.006986027944111776,0.004860267314702308,0.36495713462989965
verba,6,3,0.006986027944111776,0.004860267314702308,0.36495713462989965
grampo,6,3,0.006986027944111776,0.004860267314702308,0.36495713462989965
pinto,6,3,0.006986027944111776,0.004860267314702308,0.36495713462989965
pleno,6,3,0.006986027944111776,0.004860267314702308,0.36495713462989965
quer dizer,6,3,0.006986027944111776,0.004860267314702308,0.36495713462989965
deputado rodrigo,6,3,0.006986027944111776,0.004860267314702308,0.36495713462989965
genero,6,3,0.006986027944111776,0.004860267314702308,0.36495713462989965
demonstrar,6,3,0.006986027944111776,0.004860267314702308,0.36495713462989965
americanas,6,3,0.006986027944111776,0.004860267314702308,0.36495713462989965
espero,6,3,0.006986027944111776,0.004860267314702308,0.36495713462989965
papeis,6,3,0.006986027944111776,0.004860267314702308,0.36495713462989965
camargo,6,3,0.006986027944111776,0.004860267314702308,0.36495713462989965
seguintes,6,3,0.006986027944111776,0.004860267314702308,0.36495713462989965
advogados ex-presidente,6,3,0.006986027944111776,0.004860267314702308,0.36495713462989965
vladimir putin,6,3,0.006986027944111776,0.004860267314702308,0.36495713462989965
imagens,37,21,0.03792415169660679,0.026731470230862697,0.3613133588258832
amigos,25,14,0.02594810379241517,0.018226002430133656,0.361145809027275
proximos,25,14,0.02594810379241517,0.018226002430133656,0.361145809027275
acima,42,24,0.04291417165668663,0.030376670716889428,0.3585418133917324
mundial,42,24,0.04291417165668663,0.030376670716889428,0.3585418133917324
dar,47,27,0.04790419161676647,0.03402187120291616,0.35667494393873245
usar,30,17,0.03093812375249501,0.02187120291616039,0.3561312557162202
presente,18,10,0.018962075848303395,0.013365735115431349,0.3554349263825811
data,18,10,0.018962075848303395,0.013365735115431349,0.3554349263825811
vida,80,47,0.08083832335329341,0.0583232077764277,0.350651136862588
cerca,80,47,0.08083832335329341,0.0583232077764277,0.350651136862588
alto,23,13,0.023952095808383235,0.01701093560145808,0.3492857477563618
territorio,23,13,0.023952095808383235,0.01701093560145808,0.3492857477563618
teori zavascki,23,13,0.023952095808383235,0.01701093560145808,0.3492857477563618
zavascki,23,13,0.023952095808383235,0.01701093560145808,0.3492857477563618
fogo,28,16,0.028942115768463075,0.020656136087484813,0.345782146250881
jair bolsonaro,28,16,0.028942115768463075,0.020656136087484813,0.345782146250881
ruas,28,16,0.028942115768463075,0.020656136087484813,0.345782146250881
suprema,11,6,0.011976047904191617,0.00850546780072904,0.3457059125681585
terao,11,6,0.011976047904191617,0.00850546780072904,0.3457059125681585
citou,11,6,0.011976047904191617,0.00850546780072904,0.3457059125681585
chao,11,6,0.011976047904191617,0.00850546780072904,0.3457059125681585
artista,11,6,0.011976047904191617,0.00850546780072904,0.3457059125681585
argumentou,11,6,0.011976047904191617,0.00850546780072904,0.3457059125681585
funaro,11,6,0.011976047904191617,0.00850546780072904,0.3457059125681585
danos,11,6,0.011976047904191617,0.00850546780072904,0.3457059125681585
admitiu,11,6,0.011976047904191617,0.00850546780072904,0.3457059125681585
julgar,11,6,0.011976047904191617,0.00850546780072904,0.3457059125681585
proprios,11,6,0.011976047904191617,0.00850546780072904,0.3457059125681585
acho,11,6,0.011976047904191617,0.00850546780072904,0.3457059125681585
ordenou,11,6,0.011976047904191617,0.00850546780072904,0.3457059125681585
senador,91,54,0.09181636726546906,0.06682867557715674,0.34480052545334594
proprio,48,28,0.04890219560878244,0.03523693803159174,0.3419930257170858
peninsula,16,9,0.016966067864271458,0.012150668286755772,0.3387177194378923
mostrou,16,9,0.016966067864271458,0.012150668286755772,0.3387177194378923
salario,16,9,0.016966067864271458,0.012150668286755772,0.3387177194378923
criminosos,16,9,0.016966067864271458,0.012150668286755772,0.3387177194378923
filho,79,47,0.07984031936127745,0.0583232077764277,0.3371434295627438
cargo,56,33,0.05688622754491018,0.041312272174969626,0.3362721365705199
tenho,21,12,0.021956087824351298,0.015795868772782502,0.33557477189864615
estrategia,21,12,0.021956087824351298,0.015795868772782502,0.33557477189864615
maiores,21,12,0.021956087824351298,0.015795868772782502,0.33557477189864615
gente,51,30,0.05189620758483034,0.03766707168894289,0.3353559213161206
politicos,109,66,0.10978043912175649,0.08140947752126367,0.33036299000097413
estar,54,32,0.054890219560878244,0.040097205346294046,0.32955947604097924
ataque,62,37,0.06287425149700598,0.046172539489671933,0.3264168052392922
fez,118,72,0.1187624750499002,0.08869987849331713,0.32541205788953453
assessoria,34,20,0.03493013972055888,0.02551640340218712,0.32373573617921103
saude,52,31,0.05289421157684631,0.038882138517618466,0.3224451799101211
sergio moro,97,59,0.09780439121756487,0.07290400972053462,0.3210515873407518
inclusive,24,14,0.0249500998003992,0.018226002430133656,0.32090103024430316
unico,24,14,0.0249500998003992,0.018226002430133656,0.32090103024430316
sergio,119,73,0.11976047904191617,0.0899149453219927,0.3199735770883043
ministro teori,19,11,0.01996007984031936,0.014580801944106925,0.31950236952693745
sirio,19,11,0.01996007984031936,0.014580801944106925,0.31950236952693745
piloto,14,8,0.014970059880239521,0.010935601458080195,0.31811595033504947
terceiro,14,8,0.014970059880239521,0.010935601458080195,0.31811595033504947
responsabilidade,14,8,0.014970059880239521,0.010935601458080195,0.31811595033504947
the,14,8,0.014970059880239521,0.010935601458080195,0.31811595033504947
perante,14,8,0.014970059880239521,0.010935601458080195,0.31811595033504947
irmao,14,8,0.014970059880239521,0.010935601458080195,0.31811595033504947
informa,14,8,0.014970059880239521,0.010935601458080195,0.31811595033504947
veio,14,8,0.014970059880239521,0.010935601458080195,0.31811595033504947
decidiu,55,33,0.05588822355289421,0.041312272174969626,0.3175149179129839
fim foro,9,5,0.00998003992015968,0.007290400972053463,0.31674161134112033
viver,9,5,0.00998003992015968,0.007290400972053463,0.31674161134112033
andrade,9,5,0.00998003992015968,0.007290400972053463,0.31674161134112033
pertence,9,5,0.00998003992015968,0.007290400972053463,0.31674161134112033
comprado,9,5,0.00998003992015968,0.007290400972053463,0.31674161134112033
dor,9,5,0.00998003992015968,0.007290400972053463,0.31674161134112033
ligado,9,5,0.00998003992015968,0.007290400972053463,0.31674161134112033
duas vezes,9,5,0.00998003992015968,0.007290400972053463,0.31674161134112033
fernando henrique,9,5,0.00998003992015968,0.007290400972053463,0.31674161134112033
assessoria imprensa,9,5,0.00998003992015968,0.007290400972053463,0.31674161134112033
ministra carmen,9,5,0.00998003992015968,0.007290400972053463,0.31674161134112033
colaboradores,9,5,0.00998003992015968,0.007290400972053463,0.31674161134112033
homicidio,9,5,0.00998003992015968,0.007290400972053463,0.31674161134112033
suprema corte,9,5,0.00998003992015968,0.007290400972053463,0.31674161134112033
argumento,9,5,0.00998003992015968,0.007290400972053463,0.31674161134112033
quebra decoro,4,2,0.00499001996007984,0.0036452004860267314,0.3153791940624515
vejo,4,2,0.00499001996007984,0.0036452004860267314,0.3153791940624515
helicopteros,4,2,0.00499001996007984,0.0036452004860267314,0.3153791940624515
alimentar,4,2,0.00499001996007984,0.0036452004860267314,0.3153791940624515
delacao joesley,4,2,0.00499001996007984,0.0036452004860267314,0.3153791940624515
pesquisadores,4,2,0.00499001996007984,0.0036452004860267314,0.3153791940624515
contabilidade,4,2,0.00499001996007984,0.0036452004860267314,0.3153791940624515
pertencem,4,2,0.00499001996007984,0.0036452004860267314,0.3153791940624515
utilizacao,4,2,0.00499001996007984,0.0036452004860267314,0.3153791940624515
usava,4,2,0.00499001996007984,0.0036452004860267314,0.3153791940624515
esclareceu,4,2,0.00499001996007984,0.0036452004860267314,0.3153791940624515
seres,4,2,0.00499001996007984,0.0036452004860267314,0.3153791940624515
afundar,4,2,0.00499001996007984,0.0036452004860267314,0.3153791940624515
poder publico,4,2,0.00499001996007984,0.0036452004860267314,0.3153791940624515
continente americano,4,2,0.00499001996007984,0.0036452004860267314,0.3153791940624515
consumidor,4,2,0.00499001996007984,0.0036452004860267314,0.3153791940624515
proximo passo,4,2,0.00499001996007984,0.0036452004860267314,0.3153791940624515
provocado,4,2,0.00499001996007984,0.0036452004860267314,0.3153791940624515
indiciado,4,2,0.00499001996007984,0.0036452004860267314,0.3153791940624515
unidades saude,4,2,0.00499001996007984,0.0036452004860267314,0.3153791940624515
minima,4,2,0.00499001996007984,0.0036452004860267314,0.3153791940624515
sentindo,4,2,0.00499001996007984,0.0036452004860267314,0.3153791940624515
muita coisa,4,2,0.00499001996007984,0.0036452004860267314,0.3153791940624515
ministerio defesa,4,2,0.00499001996007984,0.0036452004860267314,0.3153791940624515
varginha,4,2,0.00499001996007984,0.0036452004860267314,0.3153791940624515
forem,4,2,0.00499001996007984,0.0036452004860267314,0.3153791940624515
lar,4,2,0.00499001996007984,0.0036452004860267314,0.3153791940624515
esforcos,4,2,0.00499001996007984,0.0036452004860267314,0.3153791940624515
crimes cometidos,4,2,0.00499001996007984,0.0036452004860267314,0.3153791940624515
cartas,4,2,0.00499001996007984,0.0036452004860267314,0.3153791940624515
ruins,4,2,0.00499001996007984,0.0036452004860267314,0.3153791940624515
roupas,4,2,0.00499001996007984,0.0036452004860267314,0.3153791940624515
visitas,4,2,0.00499001996007984,0.0036452004860267314,0.3153791940624515
ministro relacoes,4,2,0.00499001996007984,0.0036452004860267314,0.3153791940624515
essenciais,4,2,0.00499001996007984,0.0036452004860267314,0.3153791940624515
estabilidade,4,2,0.00499001996007984,0.0036452004860267314,0.3153791940624515
jurista,4,2,0.00499001996007984,0.0036452004860267314,0.3153791940624515
agrediu,4,2,0.00499001996007984,0.0036452004860267314,0.3153791940624515
agressoes,4,2,0.00499001996007984,0.0036452004860267314,0.3153791940624515
profundamente,4,2,0.00499001996007984,0.0036452004860267314,0.3153791940624515
estatais,4,2,0.00499001996007984,0.0036452004860267314,0.3153791940624515
esposa ex-presidente,4,2,0.00499001996007984,0.0036452004860267314,0.3153791940624515
creditos,4,2,0.00499001996007984,0.0036452004860267314,0.3153791940624515
enviando,4,2,0.00499001996007984,0.0036452004860267314,0.3153791940624515
casada,4,2,0.00499001996007984,0.0036452004860267314,0.3153791940624515
indonesia,4,2,0.00499001996007984,0.0036452004860267314,0.3153791940624515
julgara,4,2,0.00499001996007984,0.0036452004860267314,0.3153791940624515
geralmente,4,2,0.00499001996007984,0.0036452004860267314,0.3153791940624515
anual,4,2,0.00499001996007984,0.0036452004860267314,0.3153791940624515
definida,4,2,0.00499001996007984,0.0036452004860267314,0.3153791940624515
indignacao,4,2,0.00499001996007984,0.0036452004860267314,0.3153791940624515
temer pediu,4,2,0.00499001996007984,0.0036452004860267314,0.3153791940624515
dois ministros,4,2,0.00499001996007984,0.0036452004860267314,0.3153791940624515
palestras,4,2,0.00499001996007984,0.0036452004860267314,0.3153791940624515
provocando,4,2,0.00499001996007984,0.0036452004860267314,0.3153791940624515
cobrar,4,2,0.00499001996007984,0.0036452004860267314,0.3153791940624515
lutar,4,2,0.00499001996007984,0.0036452004860267314,0.3153791940624515
temer fez,4,2,0.00499001996007984,0.0036452004860267314,0.3153791940624515
telefonico,4,2,0.00499001996007984,0.0036452004860267314,0.3153791940624515
osmar serraglio,4,2,0.00499001996007984,0.0036452004860267314,0.3153791940624515
moto,4,2,0.00499001996007984,0.0036452004860267314,0.3153791940624515
equipamento,4,2,0.00499001996007984,0.0036452004860267314,0.3153791940624515
abe,4,2,0.00499001996007984,0.0036452004860267314,0.3153791940624515
dom,4,2,0.00499001996007984,0.0036452004860267314,0.3153791940624515
paciencia,4,2,0.00499001996007984,0.0036452004860267314,0.3153791940624515
facilmente,4,2,0.00499001996007984,0.0036452004860267314,0.3153791940624515
falsas,4,2,0.00499001996007984,0.0036452004860267314,0.3153791940624515
proxima quarta-feira,4,2,0.00499001996007984,0.0036452004860267314,0.3153791940624515
aereos,4,2,0.00499001996007984,0.0036452004860267314,0.3153791940624515
reporteres,4,2,0.00499001996007984,0.0036452004860267314,0.3153791940624515
agora vai,4,2,0.00499001996007984,0.0036452004860267314,0.3153791940624515
inumeras,4,2,0.00499001996007984,0.0036452004860267314,0.3153791940624515
advertiu,4,2,0.00499001996007984,0.0036452004860267314,0.3153791940624515
potencias,4,2,0.00499001996007984,0.0036452004860267314,0.3153791940624515
errou,4,2,0.00499001996007984,0.0036452004860267314,0.3153791940624515
new,4,2,0.00499001996007984,0.0036452004860267314,0.3153791940624515
salas,4,2,0.00499001996007984,0.0036452004860267314,0.3153791940624515
ferias,4,2,0.00499001996007984,0.0036452004860267314,0.3153791940624515
temer sera,4,2,0.00499001996007984,0.0036452004860267314,0.3153791940624515
atestado,4,2,0.00499001996007984,0.0036452004860267314,0.3153791940624515
pib,4,2,0.00499001996007984,0.0036452004860267314,0.3153791940624515
escondido,4,2,0.00499001996007984,0.0036452004860267314,0.3153791940624515
valer,4,2,0.00499001996007984,0.0036452004860267314,0.3153791940624515
gilberto kassab,4,2,0.00499001996007984,0.0036452004860267314,0.3153791940624515
juan,4,2,0.00499001996007984,0.0036452004860267314,0.3153791940624515
defesa civil,4,2,0.00499001996007984,0.0036452004860267314,0.3153791940624515
comandou,4,2,0.00499001996007984,0.0036452004860267314,0.3153791940624515
intermediar,4,2,0.00499001996007984,0.0036452004860267314,0.3153791940624515
fenomeno,4,2,0.00499001996007984,0.0036452004860267314,0.3153791940624515
lula moro,4,2,0.00499001996007984,0.0036452004860267314,0.3153791940624515
lula recebeu,4,2,0.00499001996007984,0.0036452004860267314,0.3153791940624515
inevitavel,4,2,0.00499001996007984,0.0036452004860267314,0.3153791940624515
aconteca,4,2,0.00499001996007984,0.0036452004860267314,0.3153791940624515
tapa,4,2,0.00499001996007984,0.0036452004860267314,0.3153791940624515
atingida,4,2,0.00499001996007984,0.0036452004860267314,0.3153791940624515
acredito,4,2,0.00499001996007984,0.0036452004860267314,0.3153791940624515
auxiliares,4,2,0.00499001996007984,0.0036452004860267314,0.3153791940624515
superintendencia,4,2,0.00499001996007984,0.0036452004860267314,0.3153791940624515
colocando,4,2,0.00499001996007984,0.0036452004860267314,0.3153791940624515
coronel,4,2,0.00499001996007984,0.0036452004860267314,0.3153791940624515
reclamar,4,2,0.00499001996007984,0.0036452004860267314,0.3153791940624515
tenso,4,2,0.00499001996007984,0.0036452004860267314,0.3153791940624515
parada cardiaca,4,2,0.00499001996007984,0.0036452004860267314,0.3153791940624515
sofrimento,4,2,0.00499001996007984,0.0036452004860267314,0.3153791940624515
sociedade brasileira,4,2,0.00499001996007984,0.0036452004860267314,0.3153791940624515
elaborar,4,2,0.00499001996007984,0.0036452004860267314,0.3153791940624515
eletrica,4,2,0.00499001996007984,0.0036452004860267314,0.3153791940624515
olhar,4,2,0.00499001996007984,0.0036452004860267314,0.3153791940624515
ofensiva,4,2,0.00499001996007984,0.0036452004860267314,0.3153791940624515
reservado,4,2,0.00499001996007984,0.0036452004860267314,0.3153791940624515
discriminacao,4,2,0.00499001996007984,0.0036452004860267314,0.3153791940624515
lancamentos misseis,4,2,0.00499001996007984,0.0036452004860267314,0.3153791940624515
india,4,2,0.00499001996007984,0.0036452004860267314,0.3153791940624515
diarias,4,2,0.00499001996007984,0.0036452004860267314,0.3153791940624515
teor,4,2,0.00499001996007984,0.0036452004860267314,0.3153791940624515
digital,4,2,0.00499001996007984,0.0036452004860267314,0.3153791940624515
loucura,4,2,0.00499001996007984,0.0036452004860267314,0.3153791940624515
suficientes,4,2,0.00499001996007984,0.0036452004860267314,0.3153791940624515
cheiro,4,2,0.00499001996007984,0.0036452004860267314,0.3153791940624515
sintomas,4,2,0.00499001996007984,0.0036452004860267314,0.3153791940624515
sul paulo,4,2,0.00499001996007984,0.0036452004860267314,0.3153791940624515
simpatia,4,2,0.00499001996007984,0.0036452004860267314,0.3153791940624515
seres humanos,4,2,0.00499001996007984,0.0036452004860267314,0.3153791940624515
classifica,4,2,0.00499001996007984,0.0036452004860267314,0.3153791940624515
comemoracao,4,2,0.00499001996007984,0.0036452004860267314,0.3153791940624515
cuba,4,2,0.00499001996007984,0.0036452004860267314,0.3153791940624515
suspensao mandato,4,2,0.00499001996007984,0.0036452004860267314,0.3153791940624515
suspendeu,4,2,0.00499001996007984,0.0036452004860267314,0.3153791940624515
aceito,4,2,0.00499001996007984,0.0036452004860267314,0.3153791940624515
cargos publicos,4,2,0.00499001996007984,0.0036452004860267314,0.3153791940624515
escolhido,4,2,0.00499001996007984,0.0036452004860267314,0.3153791940624515
sede instituto,4,2,0.00499001996007984,0.0036452004860267314,0.3153791940624515
saudavel,4,2,0.00499001996007984,0.0036452004860267314,0.3153791940624515
zanin,4,2,0.00499001996007984,0.0036452004860267314,0.3153791940624515
volte,4,2,0.00499001996007984,0.0036452004860267314,0.3153791940624515
respeitado,4,2,0.00499001996007984,0.0036452004860267314,0.3153791940624515
comparou,4,2,0.00499001996007984,0.0036452004860267314,0.3153791940624515
fisico,4,2,0.00499001996007984,0.0036452004860267314,0.3153791940624515
financeiros,4,2,0.00499001996007984,0.0036452004860267314,0.3153791940624515
fiquem,4,2,0.00499001996007984,0.0036452004860267314,0.3153791940624515
submarino,4,2,0.00499001996007984,0.0036452004860267314,0.3153791940624515
manuel,4,2,0.00499001996007984,0.0036452004860267314,0.3153791940624515
territorios,4,2,0.00499001996007984,0.0036452004860267314,0.3153791940624515
firme,4,2,0.00499001996007984,0.0036452004860267314,0.3153791940624515
circuito interno,4,2,0.00499001996007984,0.0036452004860267314,0.3153791940624515
sonhos,4,2,0.00499001996007984,0.0036452004860267314,0.3153791940624515
exclusivo,4,2,0.00499001996007984,0.0036452004860267314,0.3153791940624515
medeiros,4,2,0.00499001996007984,0.0036452004860267314,0.3153791940624515
medicas,4,2,0.00499001996007984,0.0036452004860267314,0.3153791940624515
compareceu,4,2,0.00499001996007984,0.0036452004860267314,0.3153791940624515
shinzo abe,4,2,0.00499001996007984,0.0036452004860267314,0.3153791940624515
serviu,4,2,0.00499001996007984,0.0036452004860267314,0.3153791940624515
merecem,4,2,0.00499001996007984,0.0036452004860267314,0.3153791940624515
silas,4,2,0.00499001996007984,0.0036452004860267314,0.3153791940624515
adianta,4,2,0.00499001996007984,0.0036452004860267314,0.3153791940624515
acucar,4,2,0.00499001996007984,0.0036452004860267314,0.3153791940624515
apartamento triplex,4,2,0.00499001996007984,0.0036452004860267314,0.3153791940624515
apagar,4,2,0.00499001996007984,0.0036452004860267314,0.3153791940624515
justificativa,4,2,0.00499001996007984,0.0036452004860267314,0.3153791940624515
apelido,4,2,0.00499001996007984,0.0036452004860267314,0.3153791940624515
apartamentos,4,2,0.00499001996007984,0.0036452004860267314,0.3153791940624515
ex-senador,4,2,0.00499001996007984,0.0036452004860267314,0.3153791940624515
nome presidente,4,2,0.00499001996007984,0.0036452004860267314,0.3153791940624515
cesar,4,2,0.00499001996007984,0.0036452004860267314,0.3153791940624515
apresentadora,4,2,0.00499001996007984,0.0036452004860267314,0.3153791940624515
imagens circuito,4,2,0.00499001996007984,0.0036452004860267314,0.3153791940624515
desta semana,4,2,0.00499001996007984,0.0036452004860267314,0.3153791940624515
condenada,4,2,0.00499001996007984,0.0036452004860267314,0.3153791940624515
ramo,4,2,0.00499001996007984,0.0036452004860267314,0.3153791940624515
concurso,4,2,0.00499001996007984,0.0036452004860267314,0.3153791940624515
derrubou,4,2,0.00499001996007984,0.0036452004860267314,0.3153791940624515
imaginar,4,2,0.00499001996007984,0.0036452004860267314,0.3153791940624515
serraglio,4,2,0.00499001996007984,0.0036452004860267314,0.3153791940624515
encontraram,4,2,0.00499001996007984,0.0036452004860267314,0.3153791940624515
encontrado morto,4,2,0.00499001996007984,0.0036452004860267314,0.3153791940624515
letra,4,2,0.00499001996007984,0.0036452004860267314,0.3153791940624515
licenca,4,2,0.00499001996007984,0.0036452004860267314,0.3153791940624515
toa,4,2,0.00499001996007984,0.0036452004860267314,0.3153791940624515
remedios,4,2,0.00499001996007984,0.0036452004860267314,0.3153791940624515
colisao,4,2,0.00499001996007984,0.0036452004860267314,0.3153791940624515
chegado,4,2,0.00499001996007984,0.0036452004860267314,0.3153791940624515
operacao patmos,4,2,0.00499001996007984,0.0036452004860267314,0.3153791940624515
chanceler,4,2,0.00499001996007984,0.0036452004860267314,0.3153791940624515
aprovar projeto,4,2,0.00499001996007984,0.0036452004860267314,0.3153791940624515
fomos,4,2,0.00499001996007984,0.0036452004860267314,0.3153791940624515
transmissao,4,2,0.00499001996007984,0.0036452004860267314,0.3153791940624515
pede prisao,4,2,0.00499001996007984,0.0036452004860267314,0.3153791940624515
shinzo,4,2,0.00499001996007984,0.0036452004860267314,0.3153791940624515
realizando,4,2,0.00499001996007984,0.0036452004860267314,0.3153791940624515
pediu desculpas,4,2,0.00499001996007984,0.0036452004860267314,0.3153791940624515
levantamento feito,4,2,0.00499001996007984,0.0036452004860267314,0.3153791940624515
indiciamento,4,2,0.00499001996007984,0.0036452004860267314,0.3153791940624515
artigos,4,2,0.00499001996007984,0.0036452004860267314,0.3153791940624515
administracao publica,4,2,0.00499001996007984,0.0036452004860267314,0.3153791940624515
comanda,4,2,0.00499001996007984,0.0036452004860267314,0.3153791940624515
administracao penitenciaria,4,2,0.00499001996007984,0.0036452004860267314,0.3153791940624515
aquisicao,4,2,0.00499001996007984,0.0036452004860267314,0.3153791940624515
adiar,4,2,0.00499001996007984,0.0036452004860267314,0.3153791940624515
trafico influencia,4,2,0.00499001996007984,0.0036452004860267314,0.3153791940624515
embaixo,4,2,0.00499001996007984,0.0036452004860267314,0.3153791940624515
devolver,4,2,0.00499001996007984,0.0036452004860267314,0.3153791940624515
vitima,32,19,0.03293413173652695,0.024301336573511544,0.312865389968485
moro,101,62,0.10179640718562874,0.07654921020656136,0.31276175684880414
advogados,40,24,0.04091816367265469,0.030376670716889428,0.3088304303156235
mundo,113,70,0.11377245508982035,0.08626974483596597,0.3072831523108501
querem,22,13,0.022954091816367265,0.01701093560145808,0.3057041608418727
carmen,22,13,0.022954091816367265,0.01701093560145808,0.3057041608418727
carmen lucia,22,13,0.022954091816367265,0.01701093560145808,0.3057041608418727
pessoal,22,13,0.022954091816367265,0.01701093560145808,0.3057041608418727
considerado,22,13,0.022954091816367265,0.01701093560145808,0.3057041608418727
atras,22,13,0.022954091816367265,0.01701093560145808,0.3057041608418727
melhor,35,21,0.03592814371257485,0.026731470230862697,0.30517359795363497
roberto,35,21,0.03592814371257485,0.026731470230862697,0.30517359795363497
ultimo,75,46,0.07584830339321358,0.05710814094775213,0.30386402411331215
chamou,30,18,0.03093812375249501,0.023086269744835967,0.3008210262063473
relacoes,30,18,0.03093812375249501,0.023086269744835967,0.3008210262063473
inqueritos,17,10,0.017964071856287425,0.013365735115431349,0.30035092820721854
intencao,25,15,0.02594810379241517,0.019441069258809233,0.2953688976385571
seja,93,58,0.09381237524950099,0.07168894289185905,0.2930807489295115
faz parte,12,7,0.012974051896207584,0.009720534629404616,0.2920015973998513
exercicios,12,7,0.012974051896207584,0.009720534629404616,0.2920015973998513
ex-presidente camara,12,7,0.012974051896207584,0.009720534629404616,0.2920015973998513
sabem,12,7,0.012974051896207584,0.009720534629404616,0.2920015973998513
aparecem,12,7,0.012974051896207584,0.009720534629404616,0.2920015973998513
coluna,12,7,0.012974051896207584,0.009720534629404616,0.2920015973998513
sabia,20,12,0.020958083832335328,0.015795868772782502,0.28803486836300785
comprar,20,12,0.020958083832335328,0.015795868772782502,0.28803486836300785
corpo,28,17,0.028942115768463075,0.02187120291616039,0.2873822673228674
ajuda,28,17,0.028942115768463075,0.02187120291616039,0.2873822673228674
algum,28,17,0.028942115768463075,0.02187120291616039,0.2873822673228674
nuclear,47,29,0.04790419161676647,0.03645200486026731,0.2851631794322973
objetivo,39,24,0.03992015968063872,0.030376670716889428,0.2830977760298379
estavam,39,24,0.03992015968063872,0.030376670716889428,0.2830977760298379
eduardo,61,38,0.06187624750499002,0.04738760631834751,0.28210188400180325
importante,23,14,0.023952095808383235,0.018226002430133656,0.27905601773201383
delacao,104,66,0.10479041916167664,0.08140947752126367,0.2782532448872943
quadro,15,9,0.015968063872255488,0.012150668286755772,0.2770783841909106
mim,15,9,0.015968063872255488,0.012150668286755772,0.2770783841909106
enviou,15,9,0.015968063872255488,0.012150668286755772,0.2770783841909106
citados,15,9,0.015968063872255488,0.012150668286755772,0.2770783841909106
ator,15,9,0.015968063872255488,0.012150668286755772,0.2770783841909106
pec,15,9,0.015968063872255488,0.012150668286755772,0.2770783841909106
encontrar,15,9,0.015968063872255488,0.012150668286755772,0.2770783841909106
joao doria,15,9,0.015968063872255488,0.012150668286755772,0.2770783841909106
armas nucleares,15,9,0.015968063872255488,0.012150668286755772,0.2770783841909106
mostra,45,28,0.04590818363273453,0.03523693803159174,0.27567111469835526
wagner,7,4,0.007984031936127744,0.006075334143377886,0.27512875919190893
nele,7,4,0.007984031936127744,0.006075334143377886,0.27512875919190893
presidente chines,7,4,0.007984031936127744,0.006075334143377886,0.27512875919190893
pouco tempo,7,4,0.007984031936127744,0.006075334143377886,0.27512875919190893
multa,7,4,0.007984031936127744,0.006075334143377886,0.27512875919190893
procurou,7,4,0.007984031936127744,0.006075334143377886,0.27512875919190893
acreditar,7,4,0.007984031936127744,0.006075334143377886,0.27512875919190893
cuidados,7,4,0.007984031936127744,0.006075334143377886,0.27512875919190893
formado,7,4,0.007984031936127744,0.006075334143377886,0.27512875919190893
fundacao,7,4,0.007984031936127744,0.006075334143377886,0.27512875919190893
complexo penitenciario,7,4,0.007984031936127744,0.006075334143377886,0.27512875919190893
cabo,7,4,0.007984031936127744,0.006075334143377886,0.27512875919190893
plateia,7,4,0.007984031936127744,0.006075334143377886,0.27512875919190893
governadores,7,4,0.007984031936127744,0.006075334143377886,0.27512875919190893
panico,7,4,0.007984031936127744,0.006075334143377886,0.27512875919190893
google,7,4,0.007984031936127744,0.006075334143377886,0.27512875919190893
decoro,7,4,0.007984031936127744,0.006075334143377886,0.27512875919190893
conversar,7,4,0.007984031936127744,0.006075334143377886,0.27512875919190893
controlar,7,4,0.007984031936127744,0.006075334143377886,0.27512875919190893
termos,7,4,0.007984031936127744,0.006075334143377886,0.27512875919190893
fab,7,4,0.007984031936127744,0.006075334143377886,0.27512875919190893
doleiro,7,4,0.007984031936127744,0.006075334143377886,0.27512875919190893
grupo jbs,7,4,0.007984031936127744,0.006075334143377886,0.27512875919190893
teme,7,4,0.007984031936127744,0.006075334143377886,0.27512875919190893
consciencia,7,4,0.007984031936127744,0.006075334143377886,0.27512875919190893
rapida,7,4,0.007984031936127744,0.006075334143377886,0.27512875919190893
indicar,7,4,0.007984031936127744,0.006075334143377886,0.27512875919190893
normalmente,7,4,0.007984031936127744,0.006075334143377886,0.27512875919190893
tucanos,7,4,0.007984031936127744,0.006075334143377886,0.27512875919190893
vir,7,4,0.007984031936127744,0.006075334143377886,0.27512875919190893
intuito,7,4,0.007984031936127744,0.006075334143377886,0.27512875919190893
sertanejo,7,4,0.007984031936127744,0.006075334143377886,0.27512875919190893
desta vez,7,4,0.007984031936127744,0.006075334143377886,0.27512875919190893
kalil,7,4,0.007984031936127744,0.006075334143377886,0.27512875919190893
momento,93,59,0.09381237524950099,0.07290400972053462,0.27496387273106704
vezes,48,30,0.04890219560878244,0.03766707168894289,0.27277958178570394
falar,48,30,0.04890219560878244,0.03766707168894289,0.27277958178570394
nem,62,39,0.06287425149700598,0.04860267314702309,0.27257248906013665
sociedade,26,16,0.02694610778443114,0.020656136087484813,0.27226979345689406
liberdade,26,16,0.02694610778443114,0.020656136087484813,0.27226979345689406
guerra,54,34,0.054890219560878244,0.0425273390036452,0.26818412041485784
atingir,18,11,0.018962075848303395,0.014580801944106925,0.2671912633466862
pressao,18,11,0.018962075848303395,0.014580801944106925,0.2671912633466862
provas,29,18,0.029940119760479042,0.023086269744835967,0.26700186721424224
brasileira,57,36,0.05788423153692615,0.04495747266099635,0.2663557241859009
queria,21,13,0.021956087824351298,0.01701093560145808,0.2602314691369316
japao,21,13,0.021956087824351298,0.01701093560145808,0.2602314691369316
mar,21,13,0.021956087824351298,0.01701093560145808,0.2602314691369316
tomar,21,13,0.021956087824351298,0.01701093560145808,0.2602314691369316
lista,35,22,0.03592814371257485,0.027946537059538274,0.25947261598236926
instituto,35,22,0.03592814371257485,0.027946537059538274,0.25947261598236926
morador,10,6,0.010978043912175649,0.00850546780072904,0.2576849443771758
melhores,10,6,0.010978043912175649,0.00850546780072904,0.2576849443771758
irregularidades,10,6,0.010978043912175649,0.00850546780072904,0.2576849443771758
luz,10,6,0.010978043912175649,0.00850546780072904,0.2576849443771758
classificou,10,6,0.010978043912175649,0.00850546780072904,0.2576849443771758
russo,10,6,0.010978043912175649,0.00850546780072904,0.2576849443771758
renuncia,10,6,0.010978043912175649,0.00850546780072904,0.2576849443771758
cardoso,10,6,0.010978043912175649,0.00850546780072904,0.2576849443771758
curso,10,6,0.010978043912175649,0.00850546780072904,0.2576849443771758
gastos,10,6,0.010978043912175649,0.00850546780072904,0.2576849443771758
detido,10,6,0.010978043912175649,0.00850546780072904,0.2576849443771758
concedeu,10,6,0.010978043912175649,0.00850546780072904,0.2576849443771758
beneficios,10,6,0.010978043912175649,0.00850546780072904,0.2576849443771758
sozinho,10,6,0.010978043912175649,0.00850546780072904,0.2576849443771758
porta-avioes,10,6,0.010978043912175649,0.00850546780072904,0.2576849443771758
apoiar,10,6,0.010978043912175649,0.00850546780072904,0.2576849443771758
receberam,10,6,0.010978043912175649,0.00850546780072904,0.2576849443771758
derrubar,10,6,0.010978043912175649,0.00850546780072904,0.2576849443771758
deputados senadores,10,6,0.010978043912175649,0.00850546780072904,0.2576849443771758
pessoalmente,10,6,0.010978043912175649,0.00850546780072904,0.2576849443771758
consequencias,10,6,0.010978043912175649,0.00850546780072904,0.2576849443771758
acidente,38,24,0.038922155688622756,0.030376670716889428,0.25674100691312907
fala,44,28,0.04491017964071856,0.03523693803159174,0.2526467295780268
presidencial,27,17,0.027944111776447105,0.02187120291616039,0.2512637260550674
imprensa,47,30,0.04790419161676647,0.03766707168894289,0.2511115267888844
principal,30,19,0.03093812375249501,0.024301336573511544,0.24828317658659227
salarios,13,8,0.013972055888223553,0.010935601458080195,0.24811042053371146
jogo,13,8,0.013972055888223553,0.010935601458080195,0.24811042053371146
clima,13,8,0.013972055888223553,0.010935601458080195,0.24811042053371146
tragedia,13,8,0.013972055888223553,0.010935601458080195,0.24811042053371146
conter,13,8,0.013972055888223553,0.010935601458080195,0.24811042053371146
cerebral,13,8,0.013972055888223553,0.010935601458080195,0.24811042053371146
frase,13,8,0.013972055888223553,0.010935601458080195,0.24811042053371146
exame,13,8,0.013972055888223553,0.010935601458080195,0.24811042053371146
bancada,13,8,0.013972055888223553,0.010935601458080195,0.24811042053371146
impeachment dilma,13,8,0.013972055888223553,0.010935601458080195,0.24811042053371146
abrir,13,8,0.013972055888223553,0.010935601458080195,0.24811042053371146
vao,33,21,0.033932135728542916,0.026731470230862697,0.24594693104962762
local,68,44,0.0688622754491018,0.054678007290400975,0.2457653381579874
jovem,36,23,0.036926147704590816,0.02916160388821385,0.24409692672356753
hospital,39,25,0.03992015968063872,0.031591737545565005,0.24262314421696285
divulgou,39,25,0.03992015968063872,0.031591737545565005,0.24262314421696285
comum,16,10,0.016966067864271458,0.013365735115431349,0.24217677024743445
repasses,16,10,0.016966067864271458,0.013365735115431349,0.24217677024743445
parte,121,80,0.1217564870259481,0.09842041312272175,0.23899922575594612
disseram,19,12,0.01996007984031936,0.015795868772782502,0.23822585540447294
conflito,19,12,0.01996007984031936,0.015795868772782502,0.23822585540447294
dentro,63,41,0.06387225548902195,0.05103280680437424,0.23803866590976508
familia,63,41,0.06387225548902195,0.05103280680437424,0.23803866590976508
ex-deputado,25,16,0.02594810379241517,0.020656136087484813,0.23350435005880188
pessoas,145,97,0.14570858283433133,0.11907654921020656,0.23254042175069722
possivel,43,28,0.043912175648702596,0.03523693803159174,0.22912948720806225
poder,65,43,0.0658682634730539,0.053462940461725394,0.22186067750132077
cunha,44,29,0.04491017964071856,0.03645200486026731,0.21748493829005788
calheiros,44,29,0.04491017964071856,0.03645200486026731,0.21748493829005788
curitiba,41,27,0.041916167664670656,0.03402187120291616,0.2168739383006142
senadores,38,25,0.038922155688622756,0.031591737545565005,0.21626637510025404
tentar,32,21,0.03293413173652695,0.026731470230862697,0.21506144328575738
parece,32,21,0.03293413173652695,0.026731470230862697,0.21506144328575738
recebido,29,19,0.029940119760479042,0.024301336573511544,0.2144640175944872
contas,29,19,0.029940119760479042,0.024301336573511544,0.2144640175944872
cantor,26,17,0.02694610778443114,0.02187120291616039,0.2138699145288805
servicos,20,13,0.020958083832335328,0.01701093560145808,0.21269156560129332
popular,17,11,0.017964071856287425,0.014580801944106925,0.2121072651713236
atualmente,17,11,0.017964071856287425,0.014580801944106925,0.2121072651713236
helicoptero,14,9,0.014970059880239521,0.012150668286755772,0.21152617822249375
aeroporto,14,9,0.014970059880239521,0.012150668286755772,0.21152617822249375
alega,14,9,0.014970059880239521,0.012150668286755772,0.21152617822249375
principalmente,14,9,0.014970059880239521,0.012150668286755772,0.21152617822249375
tratamento,14,9,0.014970059880239521,0.012150668286755772,0.21152617822249375
fotos,14,9,0.014970059880239521,0.012150668286755772,0.21152617822249375
totalmente,14,9,0.014970059880239521,0.012150668286755772,0.21152617822249375
trecho,14,9,0.014970059880239521,0.012150668286755772,0.21152617822249375
duvida,11,7,0.011976047904191617,0.009720534629404616,0.21094827822039175
exteriores,11,7,0.011976047904191617,0.009720534629404616,0.21094827822039175
testemunha,11,7,0.011976047904191617,0.009720534629404616,0.21094827822039175
alemanha,11,7,0.011976047904191617,0.009720534629404616,0.21094827822039175
minimo,11,7,0.011976047904191617,0.009720534629404616,0.21094827822039175
indicios,11,7,0.011976047904191617,0.009720534629404616,0.21094827822039175
divulgar,11,7,0.011976047904191617,0.009720534629404616,0.21094827822039175
telefone,11,7,0.011976047904191617,0.009720534629404616,0.21094827822039175
fara,11,7,0.011976047904191617,0.009720534629404616,0.21094827822039175
relacoes exteriores,11,7,0.011976047904191617,0.009720534629404616,0.21094827822039175
ativa,11,7,0.011976047904191617,0.009720534629404616,0.21094827822039175
propriedade,11,7,0.011976047904191617,0.009720534629404616,0.21094827822039175
aviao caiu,8,5,0.008982035928143712,0.007290400972053463,0.21037353892299482
recuperacao,8,5,0.008982035928143712,0.007290400972053463,0.21037353892299482
escapar,8,5,0.008982035928143712,0.007290400972053463,0.21037353892299482
pacote,8,5,0.008982035928143712,0.007290400972053463,0.21037353892299482
movimentos,8,5,0.008982035928143712,0.007290400972053463,0.21037353892299482
aceitar,8,5,0.008982035928143712,0.007290400972053463,0.21037353892299482
presidente stf,8,5,0.008982035928143712,0.007290400972053463,0.21037353892299482
votado,8,5,0.008982035928143712,0.007290400972053463,0.21037353892299482
aumentou,8,5,0.008982035928143712,0.007290400972053463,0.21037353892299482
tensoes,8,5,0.008982035928143712,0.007290400972053463,0.21037353892299482
clube,8,5,0.008982035928143712,0.007290400972053463,0.21037353892299482
oferecer,8,5,0.008982035928143712,0.007290400972053463,0.21037353892299482
combate corrupcao,8,5,0.008982035928143712,0.007290400972053463,0.21037353892299482
bashar,8,5,0.008982035928143712,0.007290400972053463,0.21037353892299482
ordens,8,5,0.008982035928143712,0.007290400972053463,0.21037353892299482
assistir,8,5,0.008982035928143712,0.007290400972053463,0.21037353892299482
exatamente,8,5,0.008982035928143712,0.007290400972053463,0.21037353892299482
enfrentar,8,5,0.008982035928143712,0.007290400972053463,0.21037353892299482
toma,8,5,0.008982035928143712,0.007290400972053463,0.21037353892299482
afirmar,8,5,0.008982035928143712,0.007290400972053463,0.21037353892299482
comentar,8,5,0.008982035928143712,0.007290400972053463,0.21037353892299482
crescer,8,5,0.008982035928143712,0.007290400972053463,0.21037353892299482
enorme,8,5,0.008982035928143712,0.007290400972053463,0.21037353892299482
midia estatal,5,3,0.005988023952095809,0.004860267314702308,0.2098019343766362
prestados,5,3,0.005988023952095809,0.004860267314702308,0.2098019343766362
equipes,5,3,0.005988023952095809,0.004860267314702308,0.2098019343766362
vivem,5,3,0.005988023952095809,0.004860267314702308,0.2098019343766362
vizinhos,5,3,0.005988023952095809,0.004860267314702308,0.2098019343766362
cargo ministro,5,3,0.005988023952095809,0.004860267314702308,0.2098019343766362
azevedo,5,3,0.005988023952095809,0.004860267314702308,0.2098019343766362
atuais,5,3,0.005988023952095809,0.004860267314702308,0.2098019343766362
falha,5,3,0.005988023952095809,0.004860267314702308,0.2098019343766362
repasse,5,3,0.005988023952095809,0.004860267314702308,0.2098019343766362
zeze perrella,5,3,0.005988023952095809,0.004860267314702308,0.2098019343766362
abandonar,5,3,0.005988023952095809,0.004860267314702308,0.2098019343766362
brf,5,3,0.005988023952095809,0.004860267314702308,0.2098019343766362
brasil precisa,5,3,0.005988023952095809,0.004860267314702308,0.2098019343766362
cumprimento,5,3,0.005988023952095809,0.004860267314702308,0.2098019343766362
votaram,5,3,0.005988023952095809,0.004860267314702308,0.2098019343766362
cuida,5,3,0.005988023952095809,0.004860267314702308,0.2098019343766362
reuters,5,3,0.005988023952095809,0.004860267314702308,0.2098019343766362
retaliacao,5,3,0.005988023952095809,0.004860267314702308,0.2098019343766362
retorno,5,3,0.005988023952095809,0.004860267314702308,0.2098019343766362
perspectiva,5,3,0.005988023952095809,0.004860267314702308,0.2098019343766362
quimicos,5,3,0.005988023952095809,0.004860267314702308,0.2098019343766362
peru,5,3,0.005988023952095809,0.004860267314702308,0.2098019343766362
perrella,5,3,0.005988023952095809,0.004860267314702308,0.2098019343766362
raul,5,3,0.005988023952095809,0.004860267314702308,0.2098019343766362
servir,5,3,0.005988023952095809,0.004860267314702308,0.2098019343766362
vaga,5,3,0.005988023952095809,0.004860267314702308,0.2098019343766362
amizade,5,3,0.005988023952095809,0.004860267314702308,0.2098019343766362
jose sarney,5,3,0.005988023952095809,0.004860267314702308,0.2098019343766362
vaccari,5,3,0.005988023952095809,0.004860267314702308,0.2098019343766362
alencar,5,3,0.005988023952095809,0.004860267314702308,0.2098019343766362
consideradas,5,3,0.005988023952095809,0.004860267314702308,0.2098019343766362
anistia,5,3,0.005988023952095809,0.004860267314702308,0.2098019343766362
ana,5,3,0.005988023952095809,0.004860267314702308,0.2098019343766362
joaquim,5,3,0.005988023952095809,0.004860267314702308,0.2098019343766362
governo brasileiro,5,3,0.005988023952095809,0.004860267314702308,0.2098019343766362
tiririca,5,3,0.005988023952095809,0.004860267314702308,0.2098019343766362
detento,5,3,0.005988023952095809,0.004860267314702308,0.2098019343766362
recebimento,5,3,0.005988023952095809,0.004860267314702308,0.2098019343766362
passara,5,3,0.005988023952095809,0.004860267314702308,0.2098019343766362
loja,5,3,0.005988023952095809,0.004860267314702308,0.2098019343766362
ministro defesa,5,3,0.005988023952095809,0.004860267314702308,0.2098019343766362
comunicacoes,5,3,0.005988023952095809,0.004860267314702308,0.2098019343766362
comparacao,5,3,0.005988023952095809,0.004860267314702308,0.2098019343766362
regioes,5,3,0.005988023952095809,0.004860267314702308,0.2098019343766362
liberar,5,3,0.005988023952095809,0.004860267314702308,0.2098019343766362
metade,5,3,0.005988023952095809,0.004860267314702308,0.2098019343766362
mes janeiro,5,3,0.005988023952095809,0.004860267314702308,0.2098019343766362
perigosa,5,3,0.005988023952095809,0.004860267314702308,0.2098019343766362
freitas,5,3,0.005988023952095809,0.004860267314702308,0.2098019343766362
transmitido,5,3,0.005988023952095809,0.004860267314702308,0.2098019343766362
funcoes,5,3,0.005988023952095809,0.004860267314702308,0.2098019343766362
tropa,5,3,0.005988023952095809,0.004860267314702308,0.2098019343766362
fortaleza,5,3,0.005988023952095809,0.004860267314702308,0.2098019343766362
desviar,5,3,0.005988023952095809,0.004860267314702308,0.2098019343766362
pensar,5,3,0.005988023952095809,0.004860267314702308,0.2098019343766362
lesao,5,3,0.005988023952095809,0.004860267314702308,0.2098019343766362
leticia lula,5,3,0.005988023952095809,0.004860267314702308,0.2098019343766362
permitiu,5,3,0.005988023952095809,0.004860267314702308,0.2098019343766362
investigacoes lava,5,3,0.005988023952095809,0.004860267314702308,0.2098019343766362
correa,5,3,0.005988023952095809,0.004860267314702308,0.2098019343766362
dispositivo,5,3,0.005988023952095809,0.004860267314702308,0.2098019343766362
disputa presidencial,5,3,0.005988023952095809,0.004860267314702308,0.2098019343766362
materiais,5,3,0.005988023952095809,0.004860267314702308,0.2098019343766362
via caixa,5,3,0.005988023952095809,0.004860267314702308,0.2098019343766362
afastado aecio,5,3,0.005988023952095809,0.004860267314702308,0.2098019343766362
parceiro,5,3,0.005988023952095809,0.004860267314702308,0.2098019343766362
ciencia tecnologia,5,3,0.005988023952095809,0.004860267314702308,0.2098019343766362
passaporte,5,3,0.005988023952095809,0.004860267314702308,0.2098019343766362
diretas,5,3,0.005988023952095809,0.004860267314702308,0.2098019343766362
ocupa,5,3,0.005988023952095809,0.004860267314702308,0.2098019343766362
representar,5,3,0.005988023952095809,0.004860267314702308,0.2098019343766362
medicina,5,3,0.005988023952095809,0.004860267314702308,0.2098019343766362
festas,5,3,0.005988023952095809,0.004860267314702308,0.2098019343766362
exercicios militares,5,3,0.005988023952095809,0.004860267314702308,0.2098019343766362
negativa,5,3,0.005988023952095809,0.004860267314702308,0.2098019343766362
lutam,5,3,0.005988023952095809,0.004860267314702308,0.2098019343766362
e-mail,5,3,0.005988023952095809,0.004860267314702308,0.2098019343766362
extrema,5,3,0.005988023952095809,0.004860267314702308,0.2098019343766362
protestam,5,3,0.005988023952095809,0.004860267314702308,0.2098019343766362
guilherme,5,3,0.005988023952095809,0.004860267314702308,0.2098019343766362
habitantes,5,3,0.005988023952095809,0.004860267314702308,0.2098019343766362
vereador,5,3,0.005988023952095809,0.004860267314702308,0.2098019343766362
dura,5,3,0.005988023952095809,0.004860267314702308,0.2098019343766362
substituir,5,3,0.005988023952095809,0.004860267314702308,0.2098019343766362
divulgados,5,3,0.005988023952095809,0.004860267314702308,0.2098019343766362
aval,5,3,0.005988023952095809,0.004860267314702308,0.2098019343766362
cobranca,5,3,0.005988023952095809,0.004860267314702308,0.2098019343766362
aula,5,3,0.005988023952095809,0.004860267314702308,0.2098019343766362
fantasma,5,3,0.005988023952095809,0.004860267314702308,0.2098019343766362
politico,73,49,0.07385229540918163,0.060753341433778855,0.20928940357724501
pais,231,161,0.2315369261477046,0.1968408262454435,0.20650436143788276
chegou,55,37,0.05588822355289421,0.046172539489671933,0.20120667973929374
rede,52,35,0.05289421157684631,0.04374240583232078,0.19959242490348705
medico,30,20,0.03093812375249501,0.02551640340218712,0.19824690633691322
renan calheiros,43,29,0.043912175648702596,0.03645200486026731,0.19396769592009333
proximo,43,29,0.043912175648702596,0.03645200486026731,0.19396769592009333
procurador,24,16,0.0249500998003992,0.020656136087484813,0.19325957127583004
twitter,24,16,0.0249500998003992,0.020656136087484813,0.19325957127583004
milhoes,126,87,0.12674650698602793,0.10692588092345079,0.19249688483560679
aeronave,21,14,0.021956087824351298,0.018226002430133656,0.19000173911258367
mal,21,14,0.021956087824351298,0.018226002430133656,0.19000173911258367
oas,21,14,0.021956087824351298,0.018226002430133656,0.19000173911258367
terra,21,14,0.021956087824351298,0.018226002430133656,0.19000173911258367
crime,63,43,0.06387225548902195,0.053462940461725394,0.18895454630593456
mil,83,57,0.08383233532934131,0.07047387606318348,0.18805223150293982
kim,47,32,0.04790419161676647,0.040097205346294046,0.1860627234541914
lula dilma,18,12,0.018962075848303395,0.015795868772782502,0.1859147492242217
causa,31,21,0.031936127744510975,0.026731470230862697,0.18325832501234096
acusacoes,31,21,0.031936127744510975,0.026731470230862697,0.18325832501234096
tempos,15,10,0.015968063872255488,0.013365735115431349,0.18053743500045272
audio,15,10,0.015968063872255488,0.013365735115431349,0.18053743500045272
peemedebista,15,10,0.015968063872255488,0.013365735115431349,0.18053743500045272
parlamentares,41,28,0.041916167664670656,0.03523693803159174,0.18052396508214796
ameaca,28,19,0.028942115768463075,0.024301336573511544,0.17953418819323952
falta,28,19,0.028942115768463075,0.024301336573511544,0.17953418819323952
joesley,48,33,0.04890219560878244,0.041312272174969626,0.17661119068613695
resposta,25,17,0.02594810379241517,0.02187120291616039,0.1751044711307883
mao,25,17,0.02594810379241517,0.02187120291616039,0.1751044711307883
politica,96,67,0.0968063872255489,0.08262454434993925,0.17398607887637452
completou,12,8,0.012974051896207584,0.010935601458080195,0.17299081450514553
existem,12,8,0.012974051896207584,0.010935601458080195,0.17299081450514553
maximo,12,8,0.012974051896207584,0.010935601458080195,0.17299081450514553
marco aurelio,12,8,0.012974051896207584,0.010935601458080195,0.17299081450514553
sofrer,12,8,0.012974051896207584,0.010935601458080195,0.17299081450514553
gomes,12,8,0.012974051896207584,0.010935601458080195,0.17299081450514553
televisao,12,8,0.012974051896207584,0.010935601458080195,0.17299081450514553
impostos,12,8,0.012974051896207584,0.010935601458080195,0.17299081450514553
identificado,12,8,0.012974051896207584,0.010935601458080195,0.17299081450514553
sindicato,12,8,0.012974051896207584,0.010935601458080195,0.17299081450514553
suspensao,12,8,0.012974051896207584,0.010935601458080195,0.17299081450514553
fundamental,12,8,0.012974051896207584,0.010935601458080195,0.17299081450514553
moraes,12,8,0.012974051896207584,0.010935601458080195,0.17299081450514553
receber,32,22,0.03293413173652695,0.027946537059538274,0.16936046131449167
vem,39,27,0.03992015968063872,0.03402187120291616,0.16600260792735755
artigo,19,13,0.01996007984031936,0.01701093560145808,0.16288255264275842
ajudar,19,13,0.01996007984031936,0.01701093560145808,0.16288255264275842
marisa leticia,19,13,0.01996007984031936,0.01701093560145808,0.16288255264275842
jinping,9,6,0.00998003992015968,0.00850546780072904,0.16136619161796606
uti,9,6,0.00998003992015968,0.00850546780072904,0.16136619161796606
chines,9,6,0.00998003992015968,0.00850546780072904,0.16136619161796606
dem,9,6,0.00998003992015968,0.00850546780072904,0.16136619161796606
necessaria,9,6,0.00998003992015968,0.00850546780072904,0.16136619161796606
jardim,9,6,0.00998003992015968,0.00850546780072904,0.16136619161796606
cobra,9,6,0.00998003992015968,0.00850546780072904,0.16136619161796606
estara,9,6,0.00998003992015968,0.00850546780072904,0.16136619161796606
cena,9,6,0.00998003992015968,0.00850546780072904,0.16136619161796606
rodrigo rocha,9,6,0.00998003992015968,0.00850546780072904,0.16136619161796606
familias,9,6,0.00998003992015968,0.00850546780072904,0.16136619161796606
poderiam,9,6,0.00998003992015968,0.00850546780072904,0.16136619161796606
tive,9,6,0.00998003992015968,0.00850546780072904,0.16136619161796606
ex-deputado eduardo,9,6,0.00998003992015968,0.00850546780072904,0.16136619161796606
perde,9,6,0.00998003992015968,0.00850546780072904,0.16136619161796606
transporte,9,6,0.00998003992015968,0.00850546780072904,0.16136619161796606
promete,9,6,0.00998003992015968,0.00850546780072904,0.16136619161796606
independente,9,6,0.00998003992015968,0.00850546780072904,0.16136619161796606
revela,9,6,0.00998003992015968,0.00850546780072904,0.16136619161796606
chaves,9,6,0.00998003992015968,0.00850546780072904,0.16136619161796606
ex-executivo,9,6,0.00998003992015968,0.00850546780072904,0.16136619161796606
tecnologia,9,6,0.00998003992015968,0.00850546780072904,0.16136619161796606
qualquer,78,55,0.07884231536926148,0.06804374240583232,0.15895372859627654
teve,100,71,0.10079840319361277,0.08748481166464156,0.1563547919810011
conta,75,53,0.07584830339321358,0.06561360874848117,0.15596602858152142
marcelo,40,28,0.04091816367265469,0.03523693803159174,0.15538528899467696
misseis,40,28,0.04091816367265469,0.03523693803159174,0.15538528899467696
congresso,54,38,0.054890219560878244,0.04738760631834751,0.15488146626715382
bomba,16,11,0.016966067864271458,0.014580801944106925,0.15393310721153952
membros,16,11,0.016966067864271458,0.014580801944106925,0.15393310721153952
apontam,16,11,0.016966067864271458,0.014580801944106925,0.15393310721153952
humanos,16,11,0.016966067864271458,0.014580801944106925,0.15393310721153952
acordo delacao,23,16,0.023952095808383235,0.020656136087484813,0.1514145587635407
diante,37,26,0.03792415169660679,0.032806804374240585,0.15025718495589402
camara deputados,27,19,0.027944111776447105,0.024301336573511544,0.1434156469254395
votacao,27,19,0.027944111776447105,0.024301336573511544,0.1434156469254395
ameacas,20,14,0.020958083832335328,0.018226002430133656,0.14246183557694536
condicoes,20,14,0.020958083832335328,0.018226002430133656,0.14246183557694536
presidio,20,14,0.020958083832335328,0.018226002430133656,0.14246183557694536
longe,13,9,0.013972055888223553,0.012150668286755772,0.14152064842115575
doenca,13,9,0.013972055888223553,0.012150668286755772,0.14152064842115575
foto,13,9,0.013972055888223553,0.012150668286755772,0.14152064842115575
responder,13,9,0.013972055888223553,0.012150668286755772,0.14152064842115575
carater,13,9,0.013972055888223553,0.012150668286755772,0.14152064842115575
oficiais,13,9,0.013972055888223553,0.012150668286755772,0.14152064842115575
rodrigues,13,9,0.013972055888223553,0.012150668286755772,0.14152064842115575
referencia,13,9,0.013972055888223553,0.012150668286755772,0.14152064842115575
geddel,13,9,0.013972055888223553,0.012150668286755772,0.14152064842115575
acreditam,6,4,0.006986027944111776,0.006075334143377886,0.14059183606536774
portugal,6,4,0.006986027944111776,0.006075334143377886,0.14059183606536774
proibido,6,4,0.006986027944111776,0.006075334143377886,0.14059183606536774
aeronautica,6,4,0.006986027944111776,0.006075334143377886,0.14059183606536774
analisou,6,4,0.006986027944111776,0.006075334143377886,0.14059183606536774
cabe,6,4,0.006986027944111776,0.006075334143377886,0.14059183606536774
ex-assessor,6,4,0.006986027944111776,0.006075334143377886,0.14059183606536774
catarina,6,4,0.006986027944111776,0.006075334143377886,0.14059183606536774
vazamento,6,4,0.006986027944111776,0.006075334143377886,0.14059183606536774
fechada,6,4,0.006986027944111776,0.006075334143377886,0.14059183606536774
armada,6,4,0.006986027944111776,0.006075334143377886,0.14059183606536774
pcc,6,4,0.006986027944111776,0.006075334143377886,0.14059183606536774
cerebro,6,4,0.006986027944111776,0.006075334143377886,0.14059183606536774
penais,6,4,0.006986027944111776,0.006075334143377886,0.14059183606536774
mora,6,4,0.006986027944111776,0.006075334143377886,0.14059183606536774
erros,6,4,0.006986027944111776,0.006075334143377886,0.14059183606536774
mando,6,4,0.006986027944111776,0.006075334143377886,0.14059183606536774
cristo,6,4,0.006986027944111776,0.006075334143377886,0.14059183606536774
vermelho,6,4,0.006986027944111776,0.006075334143377886,0.14059183606536774
quantia,6,4,0.006986027944111776,0.006075334143377886,0.14059183606536774
constituicao federal,6,4,0.006986027944111776,0.006075334143377886,0.14059183606536774
administrativa,6,4,0.006986027944111776,0.006075334143377886,0.14059183606536774
santa catarina,6,4,0.006986027944111776,0.006075334143377886,0.14059183606536774
balisticos,6,4,0.006986027944111776,0.006075334143377886,0.14059183606536774
stf decidiu,6,4,0.006986027944111776,0.006075334143377886,0.14059183606536774
cacas,6,4,0.006986027944111776,0.006075334143377886,0.14059183606536774
renato,6,4,0.006986027944111776,0.006075334143377886,0.14059183606536774
rural,6,4,0.006986027944111776,0.006075334143377886,0.14059183606536774
humana,6,4,0.006986027944111776,0.006075334143377886,0.14059183606536774
armamento,6,4,0.006986027944111776,0.006075334143377886,0.14059183606536774
lauro,6,4,0.006986027944111776,0.006075334143377886,0.14059183606536774
frases,6,4,0.006986027944111776,0.006075334143377886,0.14059183606536774
pensa,6,4,0.006986027944111776,0.006075334143377886,0.14059183606536774
adotar,6,4,0.006986027944111776,0.006075334143377886,0.14059183606536774
especiais,6,4,0.006986027944111776,0.006075334143377886,0.14059183606536774
reducao,6,4,0.006986027944111776,0.006075334143377886,0.14059183606536774
reagir,6,4,0.006986027944111776,0.006075334143377886,0.14059183606536774
sergio cabral,6,4,0.006986027944111776,0.006075334143377886,0.14059183606536774
sexo,6,4,0.006986027944111776,0.006075334143377886,0.14059183606536774
turquia,6,4,0.006986027944111776,0.006075334143377886,0.14059183606536774
despesas,6,4,0.006986027944111776,0.006075334143377886,0.14059183606536774
atentado,6,4,0.006986027944111776,0.006075334143377886,0.14059183606536774
parlamento,6,4,0.006986027944111776,0.006075334143377886,0.14059183606536774
livros,6,4,0.006986027944111776,0.006075334143377886,0.14059183606536774
maxima,6,4,0.006986027944111776,0.006075334143377886,0.14059183606536774
torna,6,4,0.006986027944111776,0.006075334143377886,0.14059183606536774
cometido,6,4,0.006986027944111776,0.006075334143377886,0.14059183606536774
som,6,4,0.006986027944111776,0.006075334143377886,0.14059183606536774
liberado,6,4,0.006986027944111776,0.006075334143377886,0.14059183606536774
ocorreram,6,4,0.006986027944111776,0.006075334143377886,0.14059183606536774
direito,53,38,0.05389221556886228,0.04738760631834751,0.13547691853001398
alexandre,17,12,0.017964071856287425,0.015795868772782502,0.1308307510488591
real,17,12,0.017964071856287425,0.015795868772782502,0.1308307510488591
educacao,17,12,0.017964071856287425,0.015795868772782502,0.1308307510488591
eua,103,75,0.10379241516966067,0.09234507897934387,0.1295526756856593
senado,77,56,0.07784431137724551,0.0692588092345079,0.12612765695394845
risco,32,23,0.03293413173652695,0.02916160388821385,0.12555006499404353
vez,108,79,0.10878243512974052,0.09720534629404617,0.1254307113965223
pgr,47,34,0.04790419161676647,0.0425273390036452,0.12468736782807
militares,47,34,0.04790419161676647,0.0425273390036452,0.12468736782807
trabalhar,21,15,0.021956087824351298,0.019441069258809233,0.12422482772386578
estatal,21,15,0.021956087824351298,0.019441069258809233,0.12422482772386578
policial,21,15,0.021956087824351298,0.019441069258809233,0.12422482772386578
luta,21,15,0.021956087824351298,0.019441069258809233,0.12422482772386578
nome,66,48,0.06686626746506986,0.05953827460510328,0.12389766558137927
cirurgia,10,7,0.010978043912175649,0.009720534629404616,0.12292731002940904
transferido,10,7,0.010978043912175649,0.009720534629404616,0.12292731002940904
cerca mil,10,7,0.010978043912175649,0.009720534629404616,0.12292731002940904
metros,10,7,0.010978043912175649,0.009720534629404616,0.12292731002940904
fui,14,10,0.014970059880239521,0.013365735115431349,0.1149852290320359
orgao,14,10,0.014970059880239521,0.013365735115431349,0.1149852290320359
complexo,14,10,0.014970059880239521,0.013365735115431349,0.1149852290320359
dona marisa,14,10,0.014970059880239521,0.013365735115431349,0.1149852290320359
semanas,14,10,0.014970059880239521,0.013365735115431349,0.1149852290320359
testemunhas,14,10,0.014970059880239521,0.013365735115431349,0.1149852290320359
jamais,14,10,0.014970059880239521,0.013365735115431349,0.1149852290320359
penitenciario,14,10,0.014970059880239521,0.013365735115431349,0.1149852290320359
valores,33,24,0.033932135728542916,0.030376670716889428,0.11436120992119259
federais,18,13,0.018962075848303395,0.01701093560145808,0.11057144646250716
tipo,45,33,0.04590818363273453,0.041312272174969626,0.11028927966740643
governo federal,22,16,0.022954091816367265,0.020656136087484813,0.1078329718490516
muitos,26,19,0.02694610778443114,0.024301336573511544,0.10602183539925258
pena,30,22,0.03093812375249501,0.027946537059538274,0.10477824793259893
apartamento,30,22,0.03093812375249501,0.027946537059538274,0.10477824793259893
pai,38,28,0.038922155688622756,0.03523693803159174,0.10329586559218251
temer,165,124,0.1656686626746507,0.15188335358444716,0.10326454073191282
pmdb,74,55,0.0748502994011976,0.06804374240583232,0.10266965860256239
deu,62,46,0.06287425149700598,0.05710814094775213,0.10232416565642977
deputados,59,44,0.059880239520958084,0.054678007290400975,0.09640332205380941
brasileiros,47,35,0.04790419161676647,0.04374240583232078,0.09524664942089789
lugar,31,23,0.031936127744510975,0.02916160388821385,0.09374694672062711
aliados,19,14,0.01996007984031936,0.018226002430133656,0.09265282261841046
leticia,19,14,0.01996007984031936,0.018226002430133656,0.09265282261841046
servico,19,14,0.01996007984031936,0.018226002430133656,0.09265282261841046
presidente senado,19,14,0.01996007984031936,0.018226002430133656,0.09265282261841046
mandado,15,11,0.015968063872255488,0.014580801944106925,0.09229377196455779
votar,15,11,0.015968063872255488,0.014580801944106925,0.09229377196455779
assuntos,15,11,0.015968063872255488,0.014580801944106925,0.09229377196455779
pesquisa,15,11,0.015968063872255488,0.014580801944106925,0.09229377196455779
apresentou,15,11,0.015968063872255488,0.014580801944106925,0.09229377196455779
corre,11,8,0.011976047904191617,0.010935601458080195,0.09193749532568596
orgaos,11,8,0.011976047904191617,0.010935601458080195,0.09193749532568596
titulo,11,8,0.011976047904191617,0.010935601458080195,0.09193749532568596
moreira franco,11,8,0.011976047904191617,0.010935601458080195,0.09193749532568596
funcionario,11,8,0.011976047904191617,0.010935601458080195,0.09193749532568596
lancado,11,8,0.011976047904191617,0.010935601458080195,0.09193749532568596
conjunto,11,8,0.011976047904191617,0.010935601458080195,0.09193749532568596
pauta,11,8,0.011976047904191617,0.010935601458080195,0.09193749532568596
emilio,11,8,0.011976047904191617,0.010935601458080195,0.09193749532568596
entra,11,8,0.011976047904191617,0.010935601458080195,0.09193749532568596
perfil,11,8,0.011976047904191617,0.010935601458080195,0.09193749532568596
coloca,11,8,0.011976047904191617,0.010935601458080195,0.09193749532568596
regras,11,8,0.011976047904191617,0.010935601458080195,0.09193749532568596
direita,11,8,0.011976047904191617,0.010935601458080195,0.09193749532568596
participacao,11,8,0.011976047904191617,0.010935601458080195,0.09193749532568596
abuso autoridade,11,8,0.011976047904191617,0.010935601458080195,0.09193749532568596
medica,11,8,0.011976047904191617,0.010935601458080195,0.09193749532568596
al-assad,7,5,0.007984031936127744,0.007290400972053463,0.09158396065520957
haja,7,5,0.007984031936127744,0.007290400972053463,0.09158396065520957
acompanhado,7,5,0.007984031936127744,0.007290400972053463,0.09158396065520957
carnes,7,5,0.007984031936127744,0.007290400972053463,0.09158396065520957
autoriza,7,5,0.007984031936127744,0.007290400972053463,0.09158396065520957
doacao,7,5,0.007984031936127744,0.007290400972053463,0.09158396065520957
fas,7,5,0.007984031936127744,0.007290400972053463,0.09158396065520957
quebrar,7,5,0.007984031936127744,0.007290400972053463,0.09158396065520957
gay,7,5,0.007984031936127744,0.007290400972053463,0.09158396065520957
goncalves,7,5,0.007984031936127744,0.007290400972053463,0.09158396065520957
depor,7,5,0.007984031936127744,0.007290400972053463,0.09158396065520957
vantagem,7,5,0.007984031936127744,0.007290400972053463,0.09158396065520957
bashar al-assad,7,5,0.007984031936127744,0.007290400972053463,0.09158396065520957
causou,7,5,0.007984031936127744,0.007290400972053463,0.09158396065520957
lula vai,7,5,0.007984031936127744,0.007290400972053463,0.09158396065520957
ccj,7,5,0.007984031936127744,0.007290400972053463,0.09158396065520957
guimaraes,7,5,0.007984031936127744,0.007290400972053463,0.09158396065520957
augusto,7,5,0.007984031936127744,0.007290400972053463,0.09158396065520957
comandar,7,5,0.007984031936127744,0.007290400972053463,0.09158396065520957
resto,7,5,0.007984031936127744,0.007290400972053463,0.09158396065520957
seguido,7,5,0.007984031936127744,0.007290400972053463,0.09158396065520957
estrategias,7,5,0.007984031936127744,0.007290400972053463,0.09158396065520957
justamente,7,5,0.007984031936127744,0.007290400972053463,0.09158396065520957
ligacao,7,5,0.007984031936127744,0.007290400972053463,0.09158396065520957
fisica,7,5,0.007984031936127744,0.007290400972053463,0.09158396065520957
pediram,7,5,0.007984031936127744,0.007290400972053463,0.09158396065520957
time,7,5,0.007984031936127744,0.007290400972053463,0.09158396065520957
bolsa,7,5,0.007984031936127744,0.007290400972053463,0.09158396065520957
ministerio justica,7,5,0.007984031936127744,0.007290400972053463,0.09158396065520957
perguntou,7,5,0.007984031936127744,0.007290400972053463,0.09158396065520957
aposentadoria,7,5,0.007984031936127744,0.007290400972053463,0.09158396065520957
certamente,7,5,0.007984031936127744,0.007290400972053463,0.09158396065520957
pessoas morreram,7,5,0.007984031936127744,0.007290400972053463,0.09158396065520957
legislacao,7,5,0.007984031936127744,0.007290400972053463,0.09158396065520957
boas,7,5,0.007984031936127744,0.007290400972053463,0.09158396065520957
tira,7,5,0.007984031936127744,0.007290400972053463,0.09158396065520957
escolas,7,5,0.007984031936127744,0.007290400972053463,0.09158396065520957
intencoes,7,5,0.007984031936127744,0.007290400972053463,0.09158396065520957
virus,7,5,0.007984031936127744,0.007290400972053463,0.09158396065520957
acabam,3,2,0.003992015968063872,0.0036452004860267314,0.09123313639861586
vinicius,3,2,0.003992015968063872,0.0036452004860267314,0.09123313639861586
vigilancia,3,2,0.003992015968063872,0.0036452004860267314,0.09123313639861586
previamente,3,2,0.003992015968063872,0.0036452004860267314,0.09123313639861586
prevista,3,2,0.003992015968063872,0.0036452004860267314,0.09123313639861586
prestacao,3,2,0.003992015968063872,0.0036452004860267314,0.09123313639861586
ilegalidade,3,2,0.003992015968063872,0.0036452004860267314,0.09123313639861586
inteligencia eua,3,2,0.003992015968063872,0.0036452004860267314,0.09123313639861586
visitou,3,2,0.003992015968063872,0.0036452004860267314,0.09123313639861586
acordo colunista,3,2,0.003992015968063872,0.0036452004860267314,0.09123313639861586
acordo pgr,3,2,0.003992015968063872,0.0036452004860267314,0.09123313639861586
vencer,3,2,0.003992015968063872,0.0036452004860267314,0.09123313639861586
agredido,3,2,0.003992015968063872,0.0036452004860267314,0.09123313639861586
horizonte poliana,3,2,0.003992015968063872,0.0036452004860267314,0.09123313639861586
interrompido,3,2,0.003992015968063872,0.0036452004860267314,0.09123313639861586
corporacoes,3,2,0.003992015968063872,0.0036452004860267314,0.09123313639861586
coro,3,2,0.003992015968063872,0.0036452004860267314,0.09123313639861586
convidado,3,2,0.003992015968063872,0.0036452004860267314,0.09123313639861586
afeta,3,2,0.003992015968063872,0.0036452004860267314,0.09123313639861586
decisao judicial,3,2,0.003992015968063872,0.0036452004860267314,0.09123313639861586
propina jbs,3,2,0.003992015968063872,0.0036452004860267314,0.09123313639861586
cairam,3,2,0.003992015968063872,0.0036452004860267314,0.09123313639861586
incompetente,3,2,0.003992015968063872,0.0036452004860267314,0.09123313639861586
mostrando,3,2,0.003992015968063872,0.0036452004860267314,0.09123313639861586
viatura,3,2,0.003992015968063872,0.0036452004860267314,0.09123313639861586
vital,3,2,0.003992015968063872,0.0036452004860267314,0.09123313639861586
acionou,3,2,0.003992015968063872,0.0036452004860267314,0.09123313639861586
multidao,3,2,0.003992015968063872,0.0036452004860267314,0.09123313639861586
saude educacao,3,2,0.003992015968063872,0.0036452004860267314,0.09123313639861586
espalhou,3,2,0.003992015968063872,0.0036452004860267314,0.09123313639861586
organizacoes criminosas,3,2,0.003992015968063872,0.0036452004860267314,0.09123313639861586
atingindo,3,2,0.003992015968063872,0.0036452004860267314,0.09123313639861586
sul-coreanos,3,2,0.003992015968063872,0.0036452004860267314,0.09123313639861586
superintendente,3,2,0.003992015968063872,0.0036452004860267314,0.09123313639861586
fachin determinou,3,2,0.003992015968063872,0.0036452004860267314,0.09123313639861586
decoro parlamentar,3,2,0.003992015968063872,0.0036452004860267314,0.09123313639861586
conversando,3,2,0.003992015968063872,0.0036452004860267314,0.09123313639861586
hoje ex-presidente,3,2,0.003992015968063872,0.0036452004860267314,0.09123313639861586
monte,3,2,0.003992015968063872,0.0036452004860267314,0.09123313639861586
errada,3,2,0.003992015968063872,0.0036452004860267314,0.09123313639861586
equilibrio,3,2,0.003992015968063872,0.0036452004860267314,0.09123313639861586
san,3,2,0.003992015968063872,0.0036452004860267314,0.09123313639861586
pais grupo,3,2,0.003992015968063872,0.0036452004860267314,0.09123313639861586
ator jose,3,2,0.003992015968063872,0.0036452004860267314,0.09123313639861586
pagou propina,3,2,0.003992015968063872,0.0036452004860267314,0.09123313639861586
manchada,3,2,0.003992015968063872,0.0036452004860267314,0.09123313639861586
faz alerta,3,2,0.003992015968063872,0.0036452004860267314,0.09123313639861586
entrevista programa,3,2,0.003992015968063872,0.0036452004860267314,0.09123313639861586
ministro toffoli,3,2,0.003992015968063872,0.0036452004860267314,0.09123313639861586
caminhoes,3,2,0.003992015968063872,0.0036452004860267314,0.09123313639861586
henrique eduardo,3,2,0.003992015968063872,0.0036452004860267314,0.09123313639861586
possibilidades,3,2,0.003992015968063872,0.0036452004860267314,0.09123313639861586
declaradas,3,2,0.003992015968063872,0.0036452004860267314,0.09123313639861586
caiu paraty,3,2,0.003992015968063872,0.0036452004860267314,0.09123313639861586
missa,3,2,0.003992015968063872,0.0036452004860267314,0.09123313639861586
negou pedido,3,2,0.003992015968063872,0.0036452004860267314,0.09123313639861586
negado,3,2,0.003992015968063872,0.0036452004860267314,0.09123313639861586
segunda fase,3,2,0.003992015968063872,0.0036452004860267314,0.09123313639861586
calunia,3,2,0.003992015968063872,0.0036452004860267314,0.09123313639861586
namorada,3,2,0.003992015968063872,0.0036452004860267314,0.09123313639861586
naqueles,3,2,0.003992015968063872,0.0036452004860267314,0.09123313639861586
narrativa,3,2,0.003992015968063872,0.0036452004860267314,0.09123313639861586
envolver,3,2,0.003992015968063872,0.0036452004860267314,0.09123313639861586
quimico matou,3,2,0.003992015968063872,0.0036452004860267314,0.09123313639861586
conhecer,3,2,0.003992015968063872,0.0036452004860267314,0.09123313639861586
juiz vara,3,2,0.003992015968063872,0.0036452004860267314,0.09123313639861586
raul jungmann,3,2,0.003992015968063872,0.0036452004860267314,0.09123313639861586
raiva,3,2,0.003992015968063872,0.0036452004860267314,0.09123313639861586
funcionarios publicos,3,2,0.003992015968063872,0.0036452004860267314,0.09123313639861586
funcionou,3,2,0.003992015968063872,0.0036452004860267314,0.09123313639861586
queria falar,3,2,0.003992015968063872,0.0036452004860267314,0.09123313639861586
largo,3,2,0.003992015968063872,0.0036452004860267314,0.09123313639861586
apreendido,3,2,0.003992015968063872,0.0036452004860267314,0.09123313639861586
apontaram,3,2,0.003992015968063872,0.0036452004860267314,0.09123313639861586
tres vezes,3,2,0.003992015968063872,0.0036452004860267314,0.09123313639861586
tratados,3,2,0.003992015968063872,0.0036452004860267314,0.09123313639861586
fruto,3,2,0.003992015968063872,0.0036452004860267314,0.09123313639861586
frango,3,2,0.003992015968063872,0.0036452004860267314,0.09123313639861586
descartado,3,2,0.003992015968063872,0.0036452004860267314,0.09123313639861586
evidentemente,3,2,0.003992015968063872,0.0036452004860267314,0.09123313639861586
boa esporte,3,2,0.003992015968063872,0.0036452004860267314,0.09123313639861586
excluir,3,2,0.003992015968063872,0.0036452004860267314,0.09123313639861586
centro medico,3,2,0.003992015968063872,0.0036452004860267314,0.09123313639861586
empresaria,3,2,0.003992015968063872,0.0036452004860267314,0.09123313639861586
tudo indica,3,2,0.003992015968063872,0.0036452004860267314,0.09123313639861586
receberem,3,2,0.003992015968063872,0.0036452004860267314,0.09123313639861586
concluir,3,2,0.003992015968063872,0.0036452004860267314,0.09123313639861586
situacao pais,3,2,0.003992015968063872,0.0036452004860267314,0.09123313639861586
desviados,3,2,0.003992015968063872,0.0036452004860267314,0.09123313639861586
destacando,3,2,0.003992015968063872,0.0036452004860267314,0.09123313639861586
recebi,3,2,0.003992015968063872,0.0036452004860267314,0.09123313639861586
reunido,3,2,0.003992015968063872,0.0036452004860267314,0.09123313639861586
cerveja,3,2,0.003992015968063872,0.0036452004860267314,0.09123313639861586
cercado,3,2,0.003992015968063872,0.0036452004860267314,0.09123313639861586
ex-diretor petrobras,3,2,0.003992015968063872,0.0036452004860267314,0.09123313639861586
expedidos,3,2,0.003992015968063872,0.0036452004860267314,0.09123313639861586
compra apartamento,3,2,0.003992015968063872,0.0036452004860267314,0.09123313639861586
comunicar,3,2,0.003992015968063872,0.0036452004860267314,0.09123313639861586
compreender,3,2,0.003992015968063872,0.0036452004860267314,0.09123313639861586
pegou,3,2,0.003992015968063872,0.0036452004860267314,0.09123313639861586
pedidos abertura,3,2,0.003992015968063872,0.0036452004860267314,0.09123313639861586
comparado,3,2,0.003992015968063872,0.0036452004860267314,0.09123313639861586
deveres,3,2,0.003992015968063872,0.0036452004860267314,0.09123313639861586
elogia,3,2,0.003992015968063872,0.0036452004860267314,0.09123313639861586
exigencias,3,2,0.003992015968063872,0.0036452004860267314,0.09123313639861586
existe possibilidade,3,2,0.003992015968063872,0.0036452004860267314,0.09123313639861586
artistico,3,2,0.003992015968063872,0.0036452004860267314,0.09123313639861586
textos,3,2,0.003992015968063872,0.0036452004860267314,0.09123313639861586
odebrecht preso,3,2,0.003992015968063872,0.0036452004860267314,0.09123313639861586
bate-boca,3,2,0.003992015968063872,0.0036452004860267314,0.09123313639861586
cinismo,3,2,0.003992015968063872,0.0036452004860267314,0.09123313639861586
registrar,3,2,0.003992015968063872,0.0036452004860267314,0.09123313639861586
embaixadores,3,2,0.003992015968063872,0.0036452004860267314,0.09123313639861586
chegue,3,2,0.003992015968063872,0.0036452004860267314,0.09123313639861586
ex-procurador,3,2,0.003992015968063872,0.0036452004860267314,0.09123313639861586
nucleares coreia,3,2,0.003992015968063872,0.0036452004860267314,0.09123313639861586
novo depoimento,3,2,0.003992015968063872,0.0036452004860267314,0.09123313639861586
emissoras,3,2,0.003992015968063872,0.0036452004860267314,0.09123313639861586
emendas parlamentares,3,2,0.003992015968063872,0.0036452004860267314,0.09123313639861586
comitiva,3,2,0.003992015968063872,0.0036452004860267314,0.09123313639861586
receio,3,2,0.003992015968063872,0.0036452004860267314,0.09123313639861586
detectou,3,2,0.003992015968063872,0.0036452004860267314,0.09123313639861586
tocar,3,2,0.003992015968063872,0.0036452004860267314,0.09123313639861586
dinheiro caixa,3,2,0.003992015968063872,0.0036452004860267314,0.09123313639861586
diminuir,3,2,0.003992015968063872,0.0036452004860267314,0.09123313639861586
regular,3,2,0.003992015968063872,0.0036452004860267314,0.09123313639861586
rei,3,2,0.003992015968063872,0.0036452004860267314,0.09123313639861586
ficariam,3,2,0.003992015968063872,0.0036452004860267314,0.09123313639861586
relevancia,3,2,0.003992015968063872,0.0036452004860267314,0.09123313639861586
relatar,3,2,0.003992015968063872,0.0036452004860267314,0.09123313639861586
gasolina,3,2,0.003992015968063872,0.0036452004860267314,0.09123313639861586
cabelos,3,2,0.003992015968063872,0.0036452004860267314,0.09123313639861586
metalurgicos,3,2,0.003992015968063872,0.0036452004860267314,0.09123313639861586
ex-ministra,3,2,0.003992015968063872,0.0036452004860267314,0.09123313639861586
conservadora,3,2,0.003992015968063872,0.0036452004860267314,0.09123313639861586
testando,3,2,0.003992015968063872,0.0036452004860267314,0.09123313639861586
teria ocorrido,3,2,0.003992015968063872,0.0036452004860267314,0.09123313639861586
assume,3,2,0.003992015968063872,0.0036452004860267314,0.09123313639861586
passou mal,3,2,0.003992015968063872,0.0036452004860267314,0.09123313639861586
lobista,3,2,0.003992015968063872,0.0036452004860267314,0.09123313639861586
liquido,3,2,0.003992015968063872,0.0036452004860267314,0.09123313639861586
comecara,3,2,0.003992015968063872,0.0036452004860267314,0.09123313639861586
tomar posse,3,2,0.003992015968063872,0.0036452004860267314,0.09123313639861586
estrela,3,2,0.003992015968063872,0.0036452004860267314,0.09123313639861586
milhoes campanha,3,2,0.003992015968063872,0.0036452004860267314,0.09123313639861586
michael,3,2,0.003992015968063872,0.0036452004860267314,0.09123313639861586
disponivel,3,2,0.003992015968063872,0.0036452004860267314,0.09123313639861586
coletivo,3,2,0.003992015968063872,0.0036452004860267314,0.09123313639861586
parcela,3,2,0.003992015968063872,0.0036452004860267314,0.09123313639861586
lopes,3,2,0.003992015968063872,0.0036452004860267314,0.09123313639861586
logica,3,2,0.003992015968063872,0.0036452004860267314,0.09123313639861586
jungmann,3,2,0.003992015968063872,0.0036452004860267314,0.09123313639861586
peritos,3,2,0.003992015968063872,0.0036452004860267314,0.09123313639861586
perguntar,3,2,0.003992015968063872,0.0036452004860267314,0.09123313639861586
raramente,3,2,0.003992015968063872,0.0036452004860267314,0.09123313639861586
turma stf,3,2,0.003992015968063872,0.0036452004860267314,0.09123313639861586
entrada hospital,3,2,0.003992015968063872,0.0036452004860267314,0.09123313639861586
nervosa,3,2,0.003992015968063872,0.0036452004860267314,0.09123313639861586
nela,3,2,0.003992015968063872,0.0036452004860267314,0.09123313639861586
espetacular,3,2,0.003992015968063872,0.0036452004860267314,0.09123313639861586
estatal norte-coreana,3,2,0.003992015968063872,0.0036452004860267314,0.09123313639861586
categorias,3,2,0.003992015968063872,0.0036452004860267314,0.09123313639861586
new york,3,2,0.003992015968063872,0.0036452004860267314,0.09123313639861586
estaduais,3,2,0.003992015968063872,0.0036452004860267314,0.09123313639861586
ministro alexandre,3,2,0.003992015968063872,0.0036452004860267314,0.09123313639861586
carreira politica,3,2,0.003992015968063872,0.0036452004860267314,0.09123313639861586
rindo,3,2,0.003992015968063872,0.0036452004860267314,0.09123313639861586
juizes federais,3,2,0.003992015968063872,0.0036452004860267314,0.09123313639861586
valerio,3,2,0.003992015968063872,0.0036452004860267314,0.09123313639861586
aluguel,3,2,0.003992015968063872,0.0036452004860267314,0.09123313639861586
alterar,3,2,0.003992015968063872,0.0036452004860267314,0.09123313639861586
jornada,3,2,0.003992015968063872,0.0036452004860267314,0.09123313639861586
gosto,3,2,0.003992015968063872,0.0036452004860267314,0.09123313639861586
goleiro,3,2,0.003992015968063872,0.0036452004860267314,0.09123313639861586
brincou,3,2,0.003992015968063872,0.0036452004860267314,0.09123313639861586
alvos operacao,3,2,0.003992015968063872,0.0036452004860267314,0.09123313639861586
juan manuel,3,2,0.003992015968063872,0.0036452004860267314,0.09123313639861586
gosta,3,2,0.003992015968063872,0.0036452004860267314,0.09123313639861586
anac,3,2,0.003992015968063872,0.0036452004860267314,0.09123313639861586
goleiro bruno,3,2,0.003992015968063872,0.0036452004860267314,0.09123313639861586
gloria,3,2,0.003992015968063872,0.0036452004860267314,0.09123313639861586
ambito lava,3,2,0.003992015968063872,0.0036452004860267314,0.09123313639861586
ambulancia,3,2,0.003992015968063872,0.0036452004860267314,0.09123313639861586
julgou,3,2,0.003992015968063872,0.0036452004860267314,0.09123313639861586
gerente,3,2,0.003992015968063872,0.0036452004860267314,0.09123313639861586
george,3,2,0.003992015968063872,0.0036452004860267314,0.09123313639861586
varanda,3,2,0.003992015968063872,0.0036452004860267314,0.09123313639861586
alguns casos,3,2,0.003992015968063872,0.0036452004860267314,0.09123313639861586
algumas coisas,3,2,0.003992015968063872,0.0036452004860267314,0.09123313639861586
depositos,3,2,0.003992015968063872,0.0036452004860267314,0.09123313639861586
dentre,3,2,0.003992015968063872,0.0036452004860267314,0.09123313639861586
planetas,3,2,0.003992015968063872,0.0036452004860267314,0.09123313639861586
pinheiro oas,3,2,0.003992015968063872,0.0036452004860267314,0.09123313639861586
janot pediu,3,2,0.003992015968063872,0.0036452004860267314,0.09123313639861586
policial militar,3,2,0.003992015968063872,0.0036452004860267314,0.09123313639861586
contas bancarias,3,2,0.003992015968063872,0.0036452004860267314,0.09123313639861586
consumidores,3,2,0.003992015968063872,0.0036452004860267314,0.09123313639861586
isolamento,3,2,0.003992015968063872,0.0036452004860267314,0.09123313639861586
deixara,3,2,0.003992015968063872,0.0036452004860267314,0.09123313639861586
elegeu,3,2,0.003992015968063872,0.0036452004860267314,0.09123313639861586
observacao,3,2,0.003992015968063872,0.0036452004860267314,0.09123313639861586
gravador,3,2,0.003992015968063872,0.0036452004860267314,0.09123313639861586
graca,3,2,0.003992015968063872,0.0036452004860267314,0.09123313639861586
causados,3,2,0.003992015968063872,0.0036452004860267314,0.09123313639861586
cassar chapa,3,2,0.003992015968063872,0.0036452004860267314,0.09123313639861586
deliberacao,3,2,0.003992015968063872,0.0036452004860267314,0.09123313639861586
plena,3,2,0.003992015968063872,0.0036452004860267314,0.09123313639861586
dois campanha,3,2,0.003992015968063872,0.0036452004860267314,0.09123313639861586
resume,3,2,0.003992015968063872,0.0036452004860267314,0.09123313639861586
chuva,3,2,0.003992015968063872,0.0036452004860267314,0.09123313639861586
cidade paulo,3,2,0.003992015968063872,0.0036452004860267314,0.09123313639861586
odebrecht fez,3,2,0.003992015968063872,0.0036452004860267314,0.09123313639861586
rejeicao,3,2,0.003992015968063872,0.0036452004860267314,0.09123313639861586
sindicato metalurgicos,3,2,0.003992015968063872,0.0036452004860267314,0.09123313639861586
eletronicos,3,2,0.003992015968063872,0.0036452004860267314,0.09123313639861586
fazer politica,3,2,0.003992015968063872,0.0036452004860267314,0.09123313639861586
economia brasileira,3,2,0.003992015968063872,0.0036452004860267314,0.09123313639861586
respectivamente,3,2,0.003992015968063872,0.0036452004860267314,0.09123313639861586
citacoes,3,2,0.003992015968063872,0.0036452004860267314,0.09123313639861586
cofre,3,2,0.003992015968063872,0.0036452004860267314,0.09123313639861586
claudio lula,3,2,0.003992015968063872,0.0036452004860267314,0.09123313639861586
papai,3,2,0.003992015968063872,0.0036452004860267314,0.09123313639861586
palanque,3,2,0.003992015968063872,0.0036452004860267314,0.09123313639861586
psb,3,2,0.003992015968063872,0.0036452004860267314,0.09123313639861586
provocacoes,3,2,0.003992015968063872,0.0036452004860267314,0.09123313639861586
contido,3,2,0.003992015968063872,0.0036452004860267314,0.09123313639861586
estado eua,3,2,0.003992015968063872,0.0036452004860267314,0.09123313639861586
esquecer,3,2,0.003992015968063872,0.0036452004860267314,0.09123313639861586
semana depois,3,2,0.003992015968063872,0.0036452004860267314,0.09123313639861586
demonstrado,3,2,0.003992015968063872,0.0036452004860267314,0.09123313639861586
carteira,3,2,0.003992015968063872,0.0036452004860267314,0.09123313639861586
operadores,3,2,0.003992015968063872,0.0036452004860267314,0.09123313639861586
opiniao publica,3,2,0.003992015968063872,0.0036452004860267314,0.09123313639861586
onze,3,2,0.003992015968063872,0.0036452004860267314,0.09123313639861586
online,3,2,0.003992015968063872,0.0036452004860267314,0.09123313639861586
agiu,3,2,0.003992015968063872,0.0036452004860267314,0.09123313639861586
afronta,3,2,0.003992015968063872,0.0036452004860267314,0.09123313639861586
afetou,3,2,0.003992015968063872,0.0036452004860267314,0.09123313639861586
afora,3,2,0.003992015968063872,0.0036452004860267314,0.09123313639861586
aumentando,3,2,0.003992015968063872,0.0036452004860267314,0.09123313639861586
expresso,3,2,0.003992015968063872,0.0036452004860267314,0.09123313639861586
sobrenome,3,2,0.003992015968063872,0.0036452004860267314,0.09123313639861586
mascarenhas,3,2,0.003992015968063872,0.0036452004860267314,0.09123313639861586
marcela,3,2,0.003992015968063872,0.0036452004860267314,0.09123313639861586
bancarias,3,2,0.003992015968063872,0.0036452004860267314,0.09123313639861586
band,3,2,0.003992015968063872,0.0036452004860267314,0.09123313639861586
opositores,3,2,0.003992015968063872,0.0036452004860267314,0.09123313639861586
psol-rj,3,2,0.003992015968063872,0.0036452004860267314,0.09123313639861586
psdb-sp,3,2,0.003992015968063872,0.0036452004860267314,0.09123313639861586
alertar,3,2,0.003992015968063872,0.0036452004860267314,0.09123313639861586
febre,3,2,0.003992015968063872,0.0036452004860267314,0.09123313639861586
submarinos,3,2,0.003992015968063872,0.0036452004860267314,0.09123313639861586
substituido,3,2,0.003992015968063872,0.0036452004860267314,0.09123313639861586
stf teori,3,2,0.003992015968063872,0.0036452004860267314,0.09123313639861586
manuel santos,3,2,0.003992015968063872,0.0036452004860267314,0.09123313639861586
incompetencia,3,2,0.003992015968063872,0.0036452004860267314,0.09123313639861586
cristiano zanin,3,2,0.003992015968063872,0.0036452004860267314,0.09123313639861586
praticado,3,2,0.003992015968063872,0.0036452004860267314,0.09123313639861586
criticado,3,2,0.003992015968063872,0.0036452004860267314,0.09123313639861586
pra mim,3,2,0.003992015968063872,0.0036452004860267314,0.09123313639861586
votacao projeto,3,2,0.003992015968063872,0.0036452004860267314,0.09123313639861586
acabado,3,2,0.003992015968063872,0.0036452004860267314,0.09123313639861586
manter viu,3,2,0.003992015968063872,0.0036452004860267314,0.09123313639861586
corredores,3,2,0.003992015968063872,0.0036452004860267314,0.09123313639861586
corrupcao envolvendo,3,2,0.003992015968063872,0.0036452004860267314,0.09123313639861586
pressa,3,2,0.003992015968063872,0.0036452004860267314,0.09123313639861586
credibilidade,3,2,0.003992015968063872,0.0036452004860267314,0.09123313639861586
convite,3,2,0.003992015968063872,0.0036452004860267314,0.09123313639861586
wyllys psol-rj,3,2,0.003992015968063872,0.0036452004860267314,0.09123313639861586
prepara,3,2,0.003992015968063872,0.0036452004860267314,0.09123313639861586
potencialmente,3,2,0.003992015968063872,0.0036452004860267314,0.09123313639861586
custos,3,2,0.003992015968063872,0.0036452004860267314,0.09123313639861586
privilegiado politicos,3,2,0.003992015968063872,0.0036452004860267314,0.09123313639861586
indiretas,3,2,0.003992015968063872,0.0036452004860267314,0.09123313639861586
inicio deste,3,2,0.003992015968063872,0.0036452004860267314,0.09123313639861586
inicio noite,3,2,0.003992015968063872,0.0036452004860267314,0.09123313639861586
acertou,3,2,0.003992015968063872,0.0036452004860267314,0.09123313639861586
incapaz,3,2,0.003992015968063872,0.0036452004860267314,0.09123313639861586
instalada,3,2,0.003992015968063872,0.0036452004860267314,0.09123313639861586
venezuelano,3,2,0.003992015968063872,0.0036452004860267314,0.09123313639861586
controlado,3,2,0.003992015968063872,0.0036452004860267314,0.09123313639861586
propinas pmdb,3,2,0.003992015968063872,0.0036452004860267314,0.09123313639861586
investigue,3,2,0.003992015968063872,0.0036452004860267314,0.09123313639861586
importa,3,2,0.003992015968063872,0.0036452004860267314,0.09123313639861586
imoral,3,2,0.003992015968063872,0.0036452004860267314,0.09123313639861586
preparacao,3,2,0.003992015968063872,0.0036452004860267314,0.09123313639861586
custodia,3,2,0.003992015968063872,0.0036452004860267314,0.09123313639861586
tracar,3,2,0.003992015968063872,0.0036452004860267314,0.09123313639861586
desempregados,3,2,0.003992015968063872,0.0036452004860267314,0.09123313639861586
tratando,3,2,0.003992015968063872,0.0036452004860267314,0.09123313639861586
recebida,3,2,0.003992015968063872,0.0036452004860267314,0.09123313639861586
pequim,3,2,0.003992015968063872,0.0036452004860267314,0.09123313639861586
percebe,3,2,0.003992015968063872,0.0036452004860267314,0.09123313639861586
penitenciarias,3,2,0.003992015968063872,0.0036452004860267314,0.09123313639861586
ex-presidente acusado,3,2,0.003992015968063872,0.0036452004860267314,0.09123313639861586
foguete,3,2,0.003992015968063872,0.0036452004860267314,0.09123313639861586
tinha fazer,3,2,0.003992015968063872,0.0036452004860267314,0.09123313639861586
transformado,3,2,0.003992015968063872,0.0036452004860267314,0.09123313639861586
traficante,3,2,0.003992015968063872,0.0036452004860267314,0.09123313639861586
aproxima,3,2,0.003992015968063872,0.0036452004860267314,0.09123313639861586
lamentavel,3,2,0.003992015968063872,0.0036452004860267314,0.09123313639861586
ganhando,3,2,0.003992015968063872,0.0036452004860267314,0.09123313639861586
pena morte,3,2,0.003992015968063872,0.0036452004860267314,0.09123313639861586
tirando,3,2,0.003992015968063872,0.0036452004860267314,0.09123313639861586
arrogancia,3,2,0.003992015968063872,0.0036452004860267314,0.09123313639861586
simultaneamente,3,2,0.003992015968063872,0.0036452004860267314,0.09123313639861586
bezerra,3,2,0.003992015968063872,0.0036452004860267314,0.09123313639861586
bicho,3,2,0.003992015968063872,0.0036452004860267314,0.09123313639861586
beneficiados,3,2,0.003992015968063872,0.0036452004860267314,0.09123313639861586
beijo,3,2,0.003992015968063872,0.0036452004860267314,0.09123313639861586
lembrou,3,2,0.003992015968063872,0.0036452004860267314,0.09123313639861586
falhou,3,2,0.003992015968063872,0.0036452004860267314,0.09123313639861586
chorando,3,2,0.003992015968063872,0.0036452004860267314,0.09123313639861586
render,3,2,0.003992015968063872,0.0036452004860267314,0.09123313639861586
suposto ataque,3,2,0.003992015968063872,0.0036452004860267314,0.09123313639861586
fake,3,2,0.003992015968063872,0.0036452004860267314,0.09123313639861586
padrao,3,2,0.003992015968063872,0.0036452004860267314,0.09123313639861586
ovacionado,3,2,0.003992015968063872,0.0036452004860267314,0.09123313639861586
privatizar,3,2,0.003992015968063872,0.0036452004860267314,0.09123313639861586
assim,69,52,0.06986027944111776,0.06439854191980558,0.08726102865937513
propinas,40,30,0.04091816367265469,0.03766707168894289,0.08617184506329512
bilhoes,28,21,0.028942115768463075,0.026731470230862697,0.08173024151051189
impeachment,28,21,0.028942115768463075,0.026731470230862697,0.08173024151051189
nesse,20,15,0.020958083832335328,0.019441069258809233,0.07668492418822748
juizes,20,15,0.020958083832335328,0.019441069258809233,0.07668492418822748
condenado,37,28,0.03792415169660679,0.03523693803159174,0.07628249637650164
belo,16,12,0.016966067864271458,0.015795868772782502,0.07265659308907502
magistrado,16,12,0.016966067864271458,0.015795868772782502,0.07265659308907502
santa,16,12,0.016966067864271458,0.015795868772782502,0.07265659308907502
direcao,16,12,0.016966067864271458,0.015795868772782502,0.07265659308907502
joesley batista,38,29,0.038922155688622756,0.03645200486026731,0.06813407430421359
discurso,38,29,0.038922155688622756,0.03645200486026731,0.06813407430421359
tarde,47,36,0.04790419161676647,0.04495747266099635,0.0665762192445869
predio,12,9,0.012974051896207584,0.012150668286755772,0.06640104239258982
pagina,12,9,0.012974051896207584,0.012150668286755772,0.06640104239258982
gabinete,12,9,0.012974051896207584,0.012150668286755772,0.06640104239258982
aurelio,12,9,0.012974051896207584,0.012150668286755772,0.06640104239258982
somos,12,9,0.012974051896207584,0.012150668286755772,0.06640104239258982
pediu,56,43,0.05688622754491018,0.053462940461725394,0.06568775229329438
jose,65,50,0.0658682634730539,0.061968408262454436,0.0651981828492838
deputado,83,64,0.08383233532934131,0.07897934386391252,0.06491552396955758
ataques,21,16,0.021956087824351298,0.020656136087484813,0.06236028014411055
armas,39,30,0.03992015968063872,0.03766707168894289,0.06043919077750948
enquanto,53,41,0.05389221556886228,0.05103280680437424,0.057535075865570384
entao,53,41,0.05389221556886228,0.05103280680437424,0.057535075865570384
tempo,67,52,0.06786427145708583,0.06439854191980558,0.056129868242871694
rocha,17,13,0.017964071856287425,0.01701093560145808,0.05548744828714458
situacoes,8,6,0.008982035928143712,0.00850546780072904,0.054998119199840545
gracas,8,6,0.008982035928143712,0.00850546780072904,0.054998119199840545
enviar,8,6,0.008982035928143712,0.00850546780072904,0.054998119199840545
envolve,8,6,0.008982035928143712,0.00850546780072904,0.054998119199840545
bastante,8,6,0.008982035928143712,0.00850546780072904,0.054998119199840545
trabalhos,8,6,0.008982035928143712,0.00850546780072904,0.054998119199840545
psd,8,6,0.008982035928143712,0.00850546780072904,0.054998119199840545
ministro marco,8,6,0.008982035928143712,0.00850546780072904,0.054998119199840545
faccoes,8,6,0.008982035928143712,0.00850546780072904,0.054998119199840545
ministro gilmar,8,6,0.008982035928143712,0.00850546780072904,0.054998119199840545
sofrido,8,6,0.008982035928143712,0.00850546780072904,0.054998119199840545
motivos,8,6,0.008982035928143712,0.00850546780072904,0.054998119199840545
vender,8,6,0.008982035928143712,0.00850546780072904,0.054998119199840545
ocorrencia,8,6,0.008982035928143712,0.00850546780072904,0.054998119199840545
olhos,8,6,0.008982035928143712,0.00850546780072904,0.054998119199840545
alexandre moraes,8,6,0.008982035928143712,0.00850546780072904,0.054998119199840545
causar,8,6,0.008982035928143712,0.00850546780072904,0.054998119199840545
normal,8,6,0.008982035928143712,0.00850546780072904,0.054998119199840545
rocha loures,8,6,0.008982035928143712,0.00850546780072904,0.054998119199840545
utilizado,8,6,0.008982035928143712,0.00850546780072904,0.054998119199840545
presidenciavel,8,6,0.008982035928143712,0.00850546780072904,0.054998119199840545
clara,8,6,0.008982035928143712,0.00850546780072904,0.054998119199840545
assedio,8,6,0.008982035928143712,0.00850546780072904,0.054998119199840545
ilicitos,8,6,0.008982035928143712,0.00850546780072904,0.054998119199840545
prejuizo,8,6,0.008982035928143712,0.00850546780072904,0.054998119199840545
criminosas,8,6,0.008982035928143712,0.00850546780072904,0.054998119199840545
victor,8,6,0.008982035928143712,0.00850546780072904,0.054998119199840545
ex-presidente lula,40,31,0.04091816367265469,0.038882138517618466,0.05315972270194269
muita,22,17,0.022954091816367265,0.02187120291616039,0.049433092921038035
coreia sul,27,21,0.027944111776447105,0.026731470230862697,0.04561170024271188
forcas,27,21,0.027944111776447105,0.026731470230862697,0.04561170024271188
professor,13,10,0.013972055888223553,0.013365735115431349,0.04497969923069789
coletiva,13,10,0.013972055888223553,0.013365735115431349,0.04497969923069789
audiencia,13,10,0.013972055888223553,0.013365735115431349,0.04497969923069789
legal,13,10,0.013972055888223553,0.013365735115431349,0.04497969923069789
esperar,13,10,0.013972055888223553,0.013365735115431349,0.04497969923069789
esteve,13,10,0.013972055888223553,0.013365735115431349,0.04497969923069789
lado,51,40,0.05189620758483034,0.04981773997569866,0.04306440782784415
recebeu,56,44,0.05688622754491018,0.054678007290400975,0.04193037474887884
lei,61,48,0.06187624750499002,0.05953827460510328,0.04100608526014238
funcao,18,14,0.018962075848303395,0.018226002430133656,0.0403417164381592
troca,18,14,0.018962075848303395,0.018226002430133656,0.0403417164381592
global,18,14,0.018962075848303395,0.018226002430133656,0.0403417164381592
torno,18,14,0.018962075848303395,0.018226002430133656,0.0403417164381592
forca,42,33,0.04291417165668663,0.041312272174969626,0.039714837039837025
sistema,42,33,0.04291417165668663,0.041312272174969626,0.039714837039837025
esquema,33,26,0.033932135728542916,0.032806804374240585,0.03489075717963841
quanto,33,26,0.033932135728542916,0.032806804374240585,0.03489075717963841
projeto,48,38,0.04890219560878244,0.04738760631834751,0.03305276867718554
trabalho,44,35,0.04491017964071856,0.04374240583232078,0.027568408278658474
saber,29,23,0.029940119760479042,0.02916160388821385,0.02714869262004571
problemas,24,19,0.0249500998003992,0.024301336573511544,0.027011613218188568
declaracao,24,19,0.0249500998003992,0.024301336573511544,0.027011613218188568
henrique,24,19,0.0249500998003992,0.024301336573511544,0.027011613218188568
presenca,19,15,0.01996007984031936,0.019441069258809233,0.026875911229692573
papel,19,15,0.01996007984031936,0.019441069258809233,0.026875911229692573
livre,14,11,0.014970059880239521,0.014580801944106925,0.02674156599614097
conseguir,14,11,0.014970059880239521,0.014580801944106925,0.02674156599614097
teriam,14,11,0.014970059880239521,0.014580801944106925,0.02674156599614097
desemprego,9,7,0.00998003992015968,0.009720534629404616,0.026608557270199285
empreiteiras,9,7,0.00998003992015968,0.009720534629404616,0.026608557270199285
horario,9,7,0.00998003992015968,0.009720534629404616,0.026608557270199285
sitio,9,7,0.00998003992015968,0.009720534629404616,0.026608557270199285
tras,9,7,0.00998003992015968,0.009720534629404616,0.026608557270199285
aurelio mello,9,7,0.00998003992015968,0.009720534629404616,0.026608557270199285
orgulho,9,7,0.00998003992015968,0.009720534629404616,0.026608557270199285
certa,9,7,0.00998003992015968,0.009720534629404616,0.026608557270199285
stj,9,7,0.00998003992015968,0.009720534629404616,0.026608557270199285
divida,9,7,0.00998003992015968,0.009720534629404616,0.026608557270199285
considerada,9,7,0.00998003992015968,0.009720534629404616,0.026608557270199285
loures,9,7,0.00998003992015968,0.009720534629404616,0.026608557270199285
prisoes,9,7,0.00998003992015968,0.009720534629404616,0.026608557270199285
liberacao,9,7,0.00998003992015968,0.009720534629404616,0.026608557270199285
geddel vieira,9,7,0.00998003992015968,0.009720534629404616,0.026608557270199285
razoes,4,3,0.00499001996007984,0.004860267314702308,0.026476865205441236
perante lei,4,3,0.00499001996007984,0.004860267314702308,0.026476865205441236
verificar,4,3,0.00499001996007984,0.004860267314702308,0.026476865205441236
lugares,4,3,0.00499001996007984,0.004860267314702308,0.026476865205441236
rebateu,4,3,0.00499001996007984,0.004860267314702308,0.026476865205441236
filho ex-presidente,4,3,0.00499001996007984,0.004860267314702308,0.026476865205441236
treinamento,4,3,0.00499001996007984,0.004860267314702308,0.026476865205441236
feminista,4,3,0.00499001996007984,0.004860267314702308,0.026476865205441236
vargas,4,3,0.00499001996007984,0.004860267314702308,0.026476865205441236
coibir,4,3,0.00499001996007984,0.004860267314702308,0.026476865205441236
habitos,4,3,0.00499001996007984,0.004860267314702308,0.026476865205441236
reinaldo,4,3,0.00499001996007984,0.004860267314702308,0.026476865205441236
maduro,4,3,0.00499001996007984,0.004860267314702308,0.026476865205441236
desembarcar,4,3,0.00499001996007984,0.004860267314702308,0.026476865205441236
conseguira,4,3,0.00499001996007984,0.004860267314702308,0.026476865205441236
consorcio,4,3,0.00499001996007984,0.004860267314702308,0.026476865205441236
aguardar,4,3,0.00499001996007984,0.004860267314702308,0.026476865205441236
alegacoes,4,3,0.00499001996007984,0.004860267314702308,0.026476865205441236
pessoas proximas,4,3,0.00499001996007984,0.004860267314702308,0.026476865205441236
avancar,4,3,0.00499001996007984,0.004860267314702308,0.026476865205441236
trinta,4,3,0.00499001996007984,0.004860267314702308,0.026476865205441236
kassab,4,3,0.00499001996007984,0.004860267314702308,0.026476865205441236
exemplos,4,3,0.00499001996007984,0.004860267314702308,0.026476865205441236
depressao,4,3,0.00499001996007984,0.004860267314702308,0.026476865205441236
exibido,4,3,0.00499001996007984,0.004860267314702308,0.026476865205441236
conheceu,4,3,0.00499001996007984,0.004860267314702308,0.026476865205441236
quebra sigilo,4,3,0.00499001996007984,0.004860267314702308,0.026476865205441236
expedido,4,3,0.00499001996007984,0.004860267314702308,0.026476865205441236
lucia presidente,4,3,0.00499001996007984,0.004860267314702308,0.026476865205441236
intimidacao,4,3,0.00499001996007984,0.004860267314702308,0.026476865205441236
homens mulheres,4,3,0.00499001996007984,0.004860267314702308,0.026476865205441236
pedacos,4,3,0.00499001996007984,0.004860267314702308,0.026476865205441236
restringir,4,3,0.00499001996007984,0.004860267314702308,0.026476865205441236
chamadas,4,3,0.00499001996007984,0.004860267314702308,0.026476865205441236
reverter,4,3,0.00499001996007984,0.004860267314702308,0.026476865205441236
orbita,4,3,0.00499001996007984,0.004860267314702308,0.026476865205441236
gravidez,4,3,0.00499001996007984,0.004860267314702308,0.026476865205441236
bancarios,4,3,0.00499001996007984,0.004860267314702308,0.026476865205441236
estiveram,4,3,0.00499001996007984,0.004860267314702308,0.026476865205441236
conclui,4,3,0.00499001996007984,0.004860267314702308,0.026476865205441236
conceito,4,3,0.00499001996007984,0.004860267314702308,0.026476865205441236
reputacao,4,3,0.00499001996007984,0.004860267314702308,0.026476865205441236
residencia oficial,4,3,0.00499001996007984,0.004860267314702308,0.026476865205441236
efetivo,4,3,0.00499001996007984,0.004860267314702308,0.026476865205441236
organizar,4,3,0.00499001996007984,0.004860267314702308,0.026476865205441236
menores,4,3,0.00499001996007984,0.004860267314702308,0.026476865205441236
melhorar,4,3,0.00499001996007984,0.004860267314702308,0.026476865205441236
contas uniao,4,3,0.00499001996007984,0.004860267314702308,0.026476865205441236
providencias,4,3,0.00499001996007984,0.004860267314702308,0.026476865205441236
substituicao,4,3,0.00499001996007984,0.004860267314702308,0.026476865205441236
sorte,4,3,0.00499001996007984,0.004860267314702308,0.026476865205441236
distribuicao,4,3,0.00499001996007984,0.004860267314702308,0.026476865205441236
parado,4,3,0.00499001996007984,0.004860267314702308,0.026476865205441236
renuncia presidente,4,3,0.00499001996007984,0.004860267314702308,0.026476865205441236
ida,4,3,0.00499001996007984,0.004860267314702308,0.026476865205441236
afeganistao,4,3,0.00499001996007984,0.004860267314702308,0.026476865205441236
vesperas,4,3,0.00499001996007984,0.004860267314702308,0.026476865205441236
continuarao,4,3,0.00499001996007984,0.004860267314702308,0.026476865205441236
paralelo,4,3,0.00499001996007984,0.004860267314702308,0.026476865205441236
paciente,4,3,0.00499001996007984,0.004860267314702308,0.026476865205441236
citado delacao,4,3,0.00499001996007984,0.004860267314702308,0.026476865205441236
rurais,4,3,0.00499001996007984,0.004860267314702308,0.026476865205441236
cadeias,4,3,0.00499001996007984,0.004860267314702308,0.026476865205441236
secretaria seguranca,4,3,0.00499001996007984,0.004860267314702308,0.026476865205441236
secretaria governo,4,3,0.00499001996007984,0.004860267314702308,0.026476865205441236
moro lula,4,3,0.00499001996007984,0.004860267314702308,0.026476865205441236
sargento,4,3,0.00499001996007984,0.004860267314702308,0.026476865205441236
especulacoes,4,3,0.00499001996007984,0.004860267314702308,0.026476865205441236
esperancas,4,3,0.00499001996007984,0.004860267314702308,0.026476865205441236
morte ministro,4,3,0.00499001996007984,0.004860267314702308,0.026476865205441236
estejam,4,3,0.00499001996007984,0.004860267314702308,0.026476865205441236
recebido dinheiro,4,3,0.00499001996007984,0.004860267314702308,0.026476865205441236
compoem,4,3,0.00499001996007984,0.004860267314702308,0.026476865205441236
batalhao,4,3,0.00499001996007984,0.004860267314702308,0.026476865205441236
determinar,4,3,0.00499001996007984,0.004860267314702308,0.026476865205441236
metro,4,3,0.00499001996007984,0.004860267314702308,0.026476865205441236
simbolo,4,3,0.00499001996007984,0.004860267314702308,0.026476865205441236
patmos,4,3,0.00499001996007984,0.004860267314702308,0.026476865205441236
pagou milhoes,4,3,0.00499001996007984,0.004860267314702308,0.026476865205441236
objetivos,4,3,0.00499001996007984,0.004860267314702308,0.026476865205441236
bola,4,3,0.00499001996007984,0.004860267314702308,0.026476865205441236
envolvem,4,3,0.00499001996007984,0.004860267314702308,0.026476865205441236
cardiaca,4,3,0.00499001996007984,0.004860267314702308,0.026476865205441236
novidade,4,3,0.00499001996007984,0.004860267314702308,0.026476865205441236
carceragem,4,3,0.00499001996007984,0.004860267314702308,0.026476865205441236
ameaca nuclear,4,3,0.00499001996007984,0.004860267314702308,0.026476865205441236
irresponsavel,4,3,0.00499001996007984,0.004860267314702308,0.026476865205441236
causas,4,3,0.00499001996007984,0.004860267314702308,0.026476865205441236
governar,4,3,0.00499001996007984,0.004860267314702308,0.026476865205441236
cem,4,3,0.00499001996007984,0.004860267314702308,0.026476865205441236
objetos,4,3,0.00499001996007984,0.004860267314702308,0.026476865205441236
carne bovina,4,3,0.00499001996007984,0.004860267314702308,0.026476865205441236
roubado,4,3,0.00499001996007984,0.004860267314702308,0.026476865205441236
total milhoes,4,3,0.00499001996007984,0.004860267314702308,0.026476865205441236
acredita-se,4,3,0.00499001996007984,0.004860267314702308,0.026476865205441236
virtual,4,3,0.00499001996007984,0.004860267314702308,0.026476865205441236
vinha,4,3,0.00499001996007984,0.004860267314702308,0.026476865205441236
cachorros,4,3,0.00499001996007984,0.004860267314702308,0.026476865205441236
nessas,4,3,0.00499001996007984,0.004860267314702308,0.026476865205441236
seja for,4,3,0.00499001996007984,0.004860267314702308,0.026476865205441236
nenhum tipo,4,3,0.00499001996007984,0.004860267314702308,0.026476865205441236
jogador,4,3,0.00499001996007984,0.004860267314702308,0.026476865205441236
sequencia,4,3,0.00499001996007984,0.004860267314702308,0.026476865205441236
encontrada,4,3,0.00499001996007984,0.004860267314702308,0.026476865205441236
bovina,4,3,0.00499001996007984,0.004860267314702308,0.026476865205441236
entrevistados,4,3,0.00499001996007984,0.004860267314702308,0.026476865205441236
maes,4,3,0.00499001996007984,0.004860267314702308,0.026476865205441236
fora pais,4,3,0.00499001996007984,0.004860267314702308,0.026476865205441236
absurda,4,3,0.00499001996007984,0.004860267314702308,0.026476865205441236
magistrados,4,3,0.00499001996007984,0.004860267314702308,0.026476865205441236
fantastico,4,3,0.00499001996007984,0.004860267314702308,0.026476865205441236
mantido,4,3,0.00499001996007984,0.004860267314702308,0.026476865205441236
atingiram,4,3,0.00499001996007984,0.004860267314702308,0.026476865205441236
tarefa,4,3,0.00499001996007984,0.004860267314702308,0.026476865205441236
marqueteiro,4,3,0.00499001996007984,0.004860267314702308,0.026476865205441236
tomado,4,3,0.00499001996007984,0.004860267314702308,0.026476865205441236
ligadas,4,3,0.00499001996007984,0.004860267314702308,0.026476865205441236
fizer,4,3,0.00499001996007984,0.004860267314702308,0.026476865205441236
corporal,4,3,0.00499001996007984,0.004860267314702308,0.026476865205441236
tranquilo,4,3,0.00499001996007984,0.004860267314702308,0.026476865205441236
formada,4,3,0.00499001996007984,0.004860267314702308,0.026476865205441236
propoe,4,3,0.00499001996007984,0.004860267314702308,0.026476865205441236
inimigos,4,3,0.00499001996007984,0.004860267314702308,0.026476865205441236
impedido,4,3,0.00499001996007984,0.004860267314702308,0.026476865205441236
prefeitos,4,3,0.00499001996007984,0.004860267314702308,0.026476865205441236
defender,25,20,0.02594810379241517,0.02551640340218712,0.017220121751481354
ministra,15,12,0.015968063872255488,0.015795868772782502,0.011017257842093287
tiveram,15,12,0.015968063872255488,0.015795868772782502,0.011017257842093287
carta,15,12,0.015968063872255488,0.015795868772782502,0.011017257842093287
ex-presidente,167,136,0.16766467065868262,0.16646415552855406,0.008627278942272332
feito,64,52,0.06487025948103792,0.06439854191980558,0.007802588952822376
ocorrido,21,17,0.021956087824351298,0.02187120291616039,0.003960401216096976
bndes,10,8,0.010978043912175649,0.010935601458080195,0.0039165271347032515
sofre,10,8,0.010978043912175649,0.010935601458080195,0.0039165271347032515
visita,10,8,0.010978043912175649,0.010935601458080195,0.0039165271347032515
representa,10,8,0.010978043912175649,0.010935601458080195,0.0039165271347032515
confronto,10,8,0.010978043912175649,0.010935601458080195,0.0039165271347032515
defesa lula,10,8,0.010978043912175649,0.010935601458080195,0.0039165271347032515
procedimento,10,8,0.010978043912175649,0.010935601458080195,0.0039165271347032515
matou,10,8,0.010978043912175649,0.010935601458080195,0.0039165271347032515
esteja,10,8,0.010978043912175649,0.010935601458080195,0.0039165271347032515
prisao preventiva,10,8,0.010978043912175649,0.010935601458080195,0.0039165271347032515
alem,93,76,0.09381237524950099,0.09356014580801944,0.0029705820187877485
partir,38,31,0.038922155688622756,0.038882138517618466,0.0010702992994482408
odebrecht,94,77,0.09481037924151696,0.09477521263669501,0.0004098331753721318
evitar,22,18,0.022954091816367265,0.023086269744835967,-0.005877136588834819
advogado,45,37,0.04590818363273453,0.046172539489671933,-0.006018958506283756
tinha,68,56,0.0688622754491018,0.0692588092345079,-0.006167794344043465
equipe,34,28,0.03493013972055888,0.03523693803159174,-0.00906280270321913
intercontinental,5,4,0.005988023952095809,0.006075334143377886,-0.014563364187895722
ajudaram,5,4,0.005988023952095809,0.006075334143377886,-0.014563364187895722
afirmando,5,4,0.005988023952095809,0.006075334143377886,-0.014563364187895722
perseguicao,5,4,0.005988023952095809,0.006075334143377886,-0.014563364187895722
testemunho,5,4,0.005988023952095809,0.006075334143377886,-0.014563364187895722
relatado,5,4,0.005988023952095809,0.006075334143377886,-0.014563364187895722
suspender,5,4,0.005988023952095809,0.006075334143377886,-0.014563364187895722
katia abreu,5,4,0.005988023952095809,0.006075334143377886,-0.014563364187895722
temor,5,4,0.005988023952095809,0.006075334143377886,-0.014563364187895722
pouso,5,4,0.005988023952095809,0.006075334143377886,-0.014563364187895722
frio,5,4,0.005988023952095809,0.006075334143377886,-0.014563364187895722
ligada,5,4,0.005988023952095809,0.006075334143377886,-0.014563364187895722
temer presidente,5,4,0.005988023952095809,0.006075334143377886,-0.014563364187895722
iniciou,5,4,0.005988023952095809,0.006075334143377886,-0.014563364187895722
victor chaves,5,4,0.005988023952095809,0.006075334143377886,-0.014563364187895722
propaganda,5,4,0.005988023952095809,0.006075334143377886,-0.014563364187895722
viajou,5,4,0.005988023952095809,0.006075334143377886,-0.014563364187895722
questionada,5,4,0.005988023952095809,0.006075334143377886,-0.014563364187895722
fernando pimentel,5,4,0.005988023952095809,0.006075334143377886,-0.014563364187895722
roberto kalil,5,4,0.005988023952095809,0.006075334143377886,-0.014563364187895722
esperanca,5,4,0.005988023952095809,0.006075334143377886,-0.014563364187895722
sentiu,5,4,0.005988023952095809,0.006075334143377886,-0.014563364187895722
serve,5,4,0.005988023952095809,0.006075334143377886,-0.014563364187895722
moscou,5,4,0.005988023952095809,0.006075334143377886,-0.014563364187895722
esclarecer,5,4,0.005988023952095809,0.006075334143377886,-0.014563364187895722
sente,5,4,0.005988023952095809,0.006075334143377886,-0.014563364187895722
visao,5,4,0.005988023952095809,0.006075334143377886,-0.014563364187895722
semelhantes,5,4,0.005988023952095809,0.006075334143377886,-0.014563364187895722
usina,5,4,0.005988023952095809,0.006075334143377886,-0.014563364187895722
milhoes milhoes,5,4,0.005988023952095809,0.006075334143377886,-0.014563364187895722
superiores,5,4,0.005988023952095809,0.006075334143377886,-0.014563364187895722
comecam,5,4,0.005988023952095809,0.006075334143377886,-0.014563364187895722
fundos,5,4,0.005988023952095809,0.006075334143377886,-0.014563364187895722
doutor,5,4,0.005988023952095809,0.006075334143377886,-0.014563364187895722
retomar,5,4,0.005988023952095809,0.006075334143377886,-0.014563364187895722
almoco,5,4,0.005988023952095809,0.006075334143377886,-0.014563364187895722
regime fechado,5,4,0.005988023952095809,0.006075334143377886,-0.014563364187895722
candidatar,5,4,0.005988023952095809,0.006075334143377886,-0.014563364187895722
jose carlos,5,4,0.005988023952095809,0.006075334143377886,-0.014563364187895722
espacial,5,4,0.005988023952095809,0.006075334143377886,-0.014563364187895722
katia,5,4,0.005988023952095809,0.006075334143377886,-0.014563364187895722
conheca,5,4,0.005988023952095809,0.006075334143377886,-0.014563364187895722
experiencia,5,4,0.005988023952095809,0.006075334143377886,-0.014563364187895722
psc,5,4,0.005988023952095809,0.006075334143377886,-0.014563364187895722
pagamento propinas,5,4,0.005988023952095809,0.006075334143377886,-0.014563364187895722
estiver,5,4,0.005988023952095809,0.006075334143377886,-0.014563364187895722
conhecidos,5,4,0.005988023952095809,0.006075334143377886,-0.014563364187895722
equipe medica,5,4,0.005988023952095809,0.006075334143377886,-0.014563364187895722
especifico,5,4,0.005988023952095809,0.006075334143377886,-0.014563364187895722
numero mortos,5,4,0.005988023952095809,0.006075334143377886,-0.014563364187895722
enviado,5,4,0.005988023952095809,0.006075334143377886,-0.014563364187895722
duvidas,5,4,0.005988023952095809,0.006075334143377886,-0.014563364187895722
reino,11,9,0.011976047904191617,0.012150668286755772,-0.014652276786869756
ocupar,11,9,0.011976047904191617,0.012150668286755772,-0.014652276786869756
senadora,11,9,0.011976047904191617,0.012150668286755772,-0.014652276786869756
aberta,11,9,0.011976047904191617,0.012150668286755772,-0.014652276786869756
avc,11,9,0.011976047904191617,0.012150668286755772,-0.014652276786869756
palavra,11,9,0.011976047904191617,0.012150668286755772,-0.014652276786869756
conhecida,11,9,0.011976047904191617,0.012150668286755772,-0.014652276786869756
acredita,11,9,0.011976047904191617,0.012150668286755772,-0.014652276786869756
sentenca,11,9,0.011976047904191617,0.012150668286755772,-0.014652276786869756
grande norte,11,9,0.011976047904191617,0.012150668286755772,-0.014652276786869756
divulgada,17,14,0.017964071856287425,0.018226002430133656,-0.014742281737203378
relatorio,17,14,0.017964071856287425,0.018226002430133656,-0.014742281737203378
deles,29,24,0.029940119760479042,0.030376670716889428,-0.014925650216675468
corrupcao,97,81,0.09780439121756487,0.09963547995139732,-0.020580503689771046
penal,24,20,0.0249500998003992,0.02551640340218712,-0.02302465703149048
voltar,18,15,0.018962075848303395,0.019441069258809233,-0.02543519495055868
conversa,31,26,0.031936127744510975,0.032806804374240585,-0.027797848857648244
precisa,31,26,0.031936127744510975,0.032806804374240585,-0.027797848857648244
show,12,10,0.012974051896207584,0.013365735115431349,-0.030139906797868043
inteligencia,12,10,0.012974051896207584,0.013365735115431349,-0.030139906797868043
congresso nacional,12,10,0.012974051896207584,0.013365735115431349,-0.030139906797868043
tom,12,10,0.012974051896207584,0.013365735115431349,-0.030139906797868043
eleito,12,10,0.012974051896207584,0.013365735115431349,-0.030139906797868043
york,12,10,0.012974051896207584,0.013365735115431349,-0.030139906797868043
tratar,12,10,0.012974051896207584,0.013365735115431349,-0.030139906797868043
colocou,12,10,0.012974051896207584,0.013365735115431349,-0.030139906797868043
apontou,12,10,0.012974051896207584,0.013365735115431349,-0.030139906797868043
chamada,12,10,0.012974051896207584,0.013365735115431349,-0.030139906797868043
crianca,12,10,0.012974051896207584,0.013365735115431349,-0.030139906797868043
mulheres,25,21,0.02594810379241517,0.026731470230862697,-0.030547554681567224
dono,38,32,0.038922155688622756,0.040097205346294046,-0.030966381673892318
petrobras,45,38,0.04590818363273453,0.04738760631834751,-0.03326914234154499
pagamentos,19,16,0.01996007984031936,0.020656136087484813,-0.03498863635006266
ministros,39,33,0.03992015968063872,0.041312272174969626,-0.03572920032205751
seguranca,79,67,0.07984031936127745,0.08262454434993925,-0.03730854480979451
batista,54,46,0.054890219560878244,0.05710814094775213,-0.04196098948044735
finais,6,5,0.006986027944111776,0.007290400972053463,-0.042952962471331624
processo impeachment,6,5,0.006986027944111776,0.007290400972053463,-0.042952962471331624
criminais,6,5,0.006986027944111776,0.007290400972053463,-0.042952962471331624
armas quimicas,6,5,0.006986027944111776,0.007290400972053463,-0.042952962471331624
mantega,6,5,0.006986027944111776,0.007290400972053463,-0.042952962471331624
abreu,6,5,0.006986027944111776,0.007290400972053463,-0.042952962471331624
sol,6,5,0.006986027944111776,0.007290400972053463,-0.042952962471331624
bateu,6,5,0.006986027944111776,0.007290400972053463,-0.042952962471331624
completamente,6,5,0.006986027944111776,0.007290400972053463,-0.042952962471331624
sarney,6,5,0.006986027944111776,0.007290400972053463,-0.042952962471331624
equivalente,6,5,0.006986027944111776,0.007290400972053463,-0.042952962471331624
beneficiar,6,5,0.006986027944111776,0.007290400972053463,-0.042952962471331624
julga,6,5,0.006986027944111776,0.007290400972053463,-0.042952962471331624
camara senado,6,5,0.006986027944111776,0.007290400972053463,-0.042952962471331624
erro,6,5,0.006986027944111776,0.007290400972053463,-0.042952962471331624
cadeira,6,5,0.006986027944111776,0.007290400972053463,-0.042952962471331624
seguiu,6,5,0.006986027944111776,0.007290400972053463,-0.042952962471331624
bons,6,5,0.006986027944111776,0.007290400972053463,-0.042952962471331624
usam,6,5,0.006986027944111776,0.007290400972053463,-0.042952962471331624
guido mantega,6,5,0.006986027944111776,0.007290400972053463,-0.042952962471331624
rosa,6,5,0.006986027944111776,0.007290400972053463,-0.042952962471331624
causada,6,5,0.006986027944111776,0.007290400972053463,-0.042952962471331624
conflitos,6,5,0.006986027944111776,0.007290400972053463,-0.042952962471331624
poliana,6,5,0.006986027944111776,0.007290400972053463,-0.042952962471331624
cita,6,5,0.006986027944111776,0.007290400972053463,-0.042952962471331624
menino,6,5,0.006986027944111776,0.007290400972053463,-0.042952962471331624
bangu,6,5,0.006986027944111776,0.007290400972053463,-0.042952962471331624
execucao,6,5,0.006986027944111776,0.007290400972053463,-0.042952962471331624
advogada,6,5,0.006986027944111776,0.007290400972053463,-0.042952962471331624
diretoria,6,5,0.006986027944111776,0.007290400972053463,-0.042952962471331624
assad,6,5,0.006986027944111776,0.007290400972053463,-0.042952962471331624
confirmacao,6,5,0.006986027944111776,0.007290400972053463,-0.042952962471331624
exige,6,5,0.006986027944111776,0.007290400972053463,-0.042952962471331624
garante,6,5,0.006986027944111776,0.007290400972053463,-0.042952962471331624
apelo,6,5,0.006986027944111776,0.007290400972053463,-0.042952962471331624
lancamentos,6,5,0.006986027944111776,0.007290400972053463,-0.042952962471331624
king,6,5,0.006986027944111776,0.007290400972053463,-0.042952962471331624
moura,13,11,0.013972055888223553,0.014580801944106925,-0.04326396380519704
dezenas,13,11,0.013972055888223553,0.014580801944106925,-0.04326396380519704
atendimento,13,11,0.013972055888223553,0.014580801944106925,-0.04326396380519704
lucio,13,11,0.013972055888223553,0.014580801944106925,-0.04326396380519704
certo,13,11,0.013972055888223553,0.014580801944106925,-0.04326396380519704
vive,13,11,0.013972055888223553,0.014580801944106925,-0.04326396380519704
lima,20,17,0.020958083832335328,0.02187120291616039,-0.04357950231954133
agentes,20,17,0.020958083832335328,0.02187120291616039,-0.04357950231954133
sair,20,17,0.020958083832335328,0.02187120291616039,-0.04357950231954133
mae,28,24,0.028942115768463075,0.030376670716889428,-0.04985547961792314
delator,21,18,0.021956087824351298,0.023086269744835967,-0.05134982829377588
juiz sergio,36,31,0.036926147704590816,0.038882138517618466,-0.053648123726834474
necessario,14,12,0.014970059880239521,0.015795868772782502,-0.054534948126323535
obras,14,12,0.014970059880239521,0.015795868772782502,-0.054534948126323535
missil,22,19,0.022954091816367265,0.024301336573511544,-0.05841498620858987
janot,38,33,0.038922155688622756,0.041312272174969626,-0.06208596943876632
juiz,98,85,0.09880239520958084,0.10449574726609964,-0.062362107346567
menos,61,53,0.06187624750499002,0.06561360874848117,-0.06263856727758865
empresa,76,66,0.07684630738522955,0.08140947752126367,-0.06263955887017403
ficam,7,6,0.007984031936127744,0.00850546780072904,-0.0637914590679447
constante,7,6,0.007984031936127744,0.00850546780072904,-0.0637914590679447
confusao,7,6,0.007984031936127744,0.00850546780072904,-0.0637914590679447
empregos,7,6,0.007984031936127744,0.00850546780072904,-0.0637914590679447
consta,7,6,0.007984031936127744,0.00850546780072904,-0.0637914590679447
vidas,7,6,0.007984031936127744,0.00850546780072904,-0.0637914590679447
informar,7,6,0.007984031936127744,0.00850546780072904,-0.0637914590679447
zona sul,7,6,0.007984031936127744,0.00850546780072904,-0.0637914590679447
anunciada,7,6,0.007984031936127744,0.00850546780072904,-0.0637914590679447
usadas,7,6,0.007984031936127744,0.00850546780072904,-0.0637914590679447
cientistas,7,6,0.007984031936127744,0.00850546780072904,-0.0637914590679447
ciencia,7,6,0.007984031936127744,0.00850546780072904,-0.0637914590679447
alemao,7,6,0.007984031936127744,0.00850546780072904,-0.0637914590679447
direta,7,6,0.007984031936127744,0.00850546780072904,-0.0637914590679447
falso,7,6,0.007984031936127744,0.00850546780072904,-0.0637914590679447
cometidos,7,6,0.007984031936127744,0.00850546780072904,-0.0637914590679447
formacao,7,6,0.007984031936127744,0.00850546780072904,-0.0637914590679447
cometer,7,6,0.007984031936127744,0.00850546780072904,-0.0637914590679447
portanto,7,6,0.007984031936127744,0.00850546780072904,-0.0637914590679447
projeto lei,7,6,0.007984031936127744,0.00850546780072904,-0.0637914590679447
avo,7,6,0.007984031936127744,0.00850546780072904,-0.0637914590679447
prendeu,7,6,0.007984031936127744,0.00850546780072904,-0.0637914590679447
escrever,7,6,0.007984031936127744,0.00850546780072904,-0.0637914590679447
gravacao,15,13,0.015968063872255488,0.01701093560145808,-0.06432604491962124
moreira,15,13,0.015968063872255488,0.01701093560145808,-0.06432604491962124
autoridades,31,27,0.031936127744510975,0.03402187120291616,-0.0654225642185744
stf,116,101,0.11676646706586827,0.12393681652490887,-0.0677473862094955
fernando,32,28,0.03293413173652695,0.03523693803159174,-0.0699694191636242
policiais,32,28,0.03293413173652695,0.03523693803159174,-0.0699694191636242
frente,32,28,0.03293413173652695,0.03523693803159174,-0.0699694191636242
cupula,16,14,0.016966067864271458,0.018226002430133656,-0.07291643969698747
senador aecio,16,14,0.016966067864271458,0.018226002430133656,-0.07291643969698747
conforme,16,14,0.016966067864271458,0.018226002430133656,-0.07291643969698747
colegas,16,14,0.016966067864271458,0.018226002430133656,-0.07291643969698747
caso,128,112,0.12874251497005987,0.13730255164034022,-0.07424600015490967
combate,25,22,0.02594810379241517,0.027946537059538274,-0.07624853665283293
premiada,42,37,0.04291417165668663,0.046172539489671933,-0.07659340113385316
america latina,8,7,0.008982035928143712,0.009720534629404616,-0.07975951514792623
existencia,8,7,0.008982035928143712,0.009720534629404616,-0.07975951514792623
planos,8,7,0.008982035928143712,0.009720534629404616,-0.07975951514792623
emergencia,8,7,0.008982035928143712,0.009720534629404616,-0.07975951514792623
emilio odebrecht,8,7,0.008982035928143712,0.009720534629404616,-0.07975951514792623
manaus,8,7,0.008982035928143712,0.009720534629404616,-0.07975951514792623
celso,8,7,0.008982035928143712,0.009720534629404616,-0.07975951514792623
vara federal,8,7,0.008982035928143712,0.009720534629404616,-0.07975951514792623
morais,8,7,0.008982035928143712,0.009720534629404616,-0.07975951514792623
desvios,8,7,0.008982035928143712,0.009720534629404616,-0.07975951514792623
marinha,8,7,0.008982035928143712,0.009720534629404616,-0.07975951514792623
mata,8,7,0.008982035928143712,0.009720534629404616,-0.07975951514792623
afirmam,8,7,0.008982035928143712,0.009720534629404616,-0.07975951514792623
historia,43,38,0.043912175648702596,0.04738760631834751,-0.07981076983183799
joao,45,40,0.04590818363273453,0.04981773997569866,-0.08583384272130301
costa,18,16,0.018962075848303395,0.020656136087484813,-0.08729974253031392
tucano,18,16,0.018962075848303395,0.020656136087484813,-0.08729974253031392
voltou,18,16,0.018962075848303395,0.020656136087484813,-0.08729974253031392
levou,18,16,0.018962075848303395,0.020656136087484813,-0.08729974253031392
continuar,18,16,0.018962075848303395,0.020656136087484813,-0.08729974253031392
investigados,18,16,0.018962075848303395,0.020656136087484813,-0.08729974253031392
penitenciaria,18,16,0.018962075848303395,0.020656136087484813,-0.08729974253031392
sucesso,18,16,0.018962075848303395,0.020656136087484813,-0.08729974253031392
joao santana,9,8,0.00998003992015968,0.010935601458080195,-0.0924022256245065
sangue,9,8,0.00998003992015968,0.010935601458080195,-0.0924022256245065
bairro,9,8,0.00998003992015968,0.010935601458080195,-0.0924022256245065
mil pessoas,9,8,0.00998003992015968,0.010935601458080195,-0.0924022256245065
andamento,9,8,0.00998003992015968,0.010935601458080195,-0.0924022256245065
cruz,9,8,0.00998003992015968,0.010935601458080195,-0.0924022256245065
nova york,9,8,0.00998003992015968,0.010935601458080195,-0.0924022256245065
gravacoes,9,8,0.00998003992015968,0.010935601458080195,-0.0924022256245065
pesquisas,9,8,0.00998003992015968,0.010935601458080195,-0.0924022256245065
briga,9,8,0.00998003992015968,0.010935601458080195,-0.0924022256245065
ultimas,9,8,0.00998003992015968,0.010935601458080195,-0.0924022256245065
hipotese,9,8,0.00998003992015968,0.010935601458080195,-0.0924022256245065
divulgou nota,9,8,0.00998003992015968,0.010935601458080195,-0.0924022256245065
gravida,9,8,0.00998003992015968,0.010935601458080195,-0.0924022256245065
governo dilma,9,8,0.00998003992015968,0.010935601458080195,-0.0924022256245065
direitos humanos,9,8,0.00998003992015968,0.010935601458080195,-0.0924022256245065
judiciario,19,17,0.01996007984031936,0.02187120291616039,-0.09338851527807623
diversas,19,17,0.01996007984031936,0.02187120291616039,-0.09338851527807623
suposto,19,17,0.01996007984031936,0.02187120291616039,-0.09338851527807623
carlos,29,26,0.029940119760479042,0.032806804374240585,-0.09439610295822964
delacao premiada,39,35,0.03992015968063872,0.04374240583232078,-0.09542568659047701
luis,20,18,0.020958083832335328,0.023086269744835967,-0.09888973182941418
medio,10,9,0.010978043912175649,0.012150668286755772,-0.10267324497785246
tornou,10,9,0.010978043912175649,0.012150668286755772,-0.10267324497785246
trabalha,10,9,0.010978043912175649,0.012150668286755772,-0.10267324497785246
vieira lima,10,9,0.010978043912175649,0.012150668286755772,-0.10267324497785246
massa,10,9,0.010978043912175649,0.012150668286755772,-0.10267324497785246
destino,10,9,0.010978043912175649,0.012150668286755772,-0.10267324497785246
grosso,10,9,0.010978043912175649,0.012150668286755772,-0.10267324497785246
manifestantes,10,9,0.010978043912175649,0.012150668286755772,-0.10267324497785246
juridica,10,9,0.010978043912175649,0.012150668286755772,-0.10267324497785246
grande,72,65,0.07285429141716566,0.08019441069258809,-0.10394078625442438
valor,32,29,0.03293413173652695,0.03645200486026731,-0.10513121045159313
prefeito,22,20,0.022954091816367265,0.02551640340218712,-0.10845125645826892
primeiros,11,10,0.011976047904191617,0.013365735115431349,-0.11119322597732761
especialista,11,10,0.011976047904191617,0.013365735115431349,-0.11119322597732761
critica,11,10,0.011976047904191617,0.013365735115431349,-0.11119322597732761
media,11,10,0.011976047904191617,0.013365735115431349,-0.11119322597732761
rua,11,10,0.011976047904191617,0.013365735115431349,-0.11119322597732761
linha,11,10,0.011976047904191617,0.013365735115431349,-0.11119322597732761
ganhar,11,10,0.011976047904191617,0.013365735115431349,-0.11119322597732761
massacre,11,10,0.011976047904191617,0.013365735115431349,-0.11119322597732761
residencia,11,10,0.011976047904191617,0.013365735115431349,-0.11119322597732761
obstrucao,11,10,0.011976047904191617,0.013365735115431349,-0.11119322597732761
drogas,11,10,0.011976047904191617,0.013365735115431349,-0.11119322597732761
assumiu,11,10,0.011976047904191617,0.013365735115431349,-0.11119322597732761
dona,23,21,0.023952095808383235,0.026731470230862697,-0.1126373459768284
passou,46,42,0.046906187624750496,0.05224787363304982,-0.11346993478059675
michel,108,98,0.10878243512974052,0.12029161603888214,-0.11356715639622883
propina,57,52,0.05788423153692615,0.06439854191980558,-0.1135845543034737
morte,35,32,0.03592814371257485,0.040097205346294046,-0.11411951176182145
mandato,35,32,0.03592814371257485,0.040097205346294046,-0.11411951176182145
publico,111,101,0.11177644710578842,0.12393681652490887,-0.11705626743041297
empresario,48,44,0.04890219560878244,0.054678007290400975,-0.11773057113550411
entrada,12,11,0.012974051896207584,0.014580801944106925,-0.11838356983376297
analisar,12,11,0.012974051896207584,0.014580801944106925,-0.11838356983376297
junior,12,11,0.012974051896207584,0.014580801944106925,-0.11838356983376297
esquema corrupcao,12,11,0.012974051896207584,0.014580801944106925,-0.11838356983376297
reacao,12,11,0.012974051896207584,0.014580801944106925,-0.11838356983376297
saida,12,11,0.012974051896207584,0.014580801944106925,-0.11838356983376297
balistico,12,11,0.012974051896207584,0.014580801944106925,-0.11838356983376297
belo horizonte,12,11,0.012974051896207584,0.014580801944106925,-0.11838356983376297
contato,12,11,0.012974051896207584,0.014580801944106925,-0.11838356983376297
caixa,25,23,0.02594810379241517,0.02916160388821385,-0.12005893297328107
fora,38,35,0.038922155688622756,0.04374240583232078,-0.12178245570718582
exemplo,26,24,0.02694610778443114,0.030376670716889428,-0.12336783241191007
atual,39,36,0.03992015968063872,0.04495747266099635,-0.124096116766788
delegado,13,12,0.013972055888223553,0.015795868772782502,-0.12454047792766154
modelo,13,12,0.013972055888223553,0.015795868772782502,-0.12454047792766154
publicas,13,12,0.013972055888223553,0.015795868772782502,-0.12454047792766154
fim semana,13,12,0.013972055888223553,0.015795868772782502,-0.12454047792766154
nossas,13,12,0.013972055888223553,0.015795868772782502,-0.12454047792766154
encontrou,13,12,0.013972055888223553,0.015795868772782502,-0.12454047792766154
denunciado,13,12,0.013972055888223553,0.015795868772782502,-0.12454047792766154
forcas armadas,13,12,0.013972055888223553,0.015795868772782502,-0.12454047792766154
etica,13,12,0.013972055888223553,0.015795868772782502,-0.12454047792766154
pagou,13,12,0.013972055888223553,0.015795868772782502,-0.12454047792766154
delacoes odebrecht,13,12,0.013972055888223553,0.015795868772782502,-0.12454047792766154
nota,53,49,0.05389221556886228,0.060753341433778855,-0.12711441253147138
internacional,28,26,0.028942115768463075,0.032806804374240585,-0.1293259323594773
entender,14,13,0.014970059880239521,0.01701093560145808,-0.12987825088803806
homens,14,13,0.014970059880239521,0.01701093560145808,-0.12987825088803806
eunicio oliveira,14,13,0.014970059880239521,0.01701093560145808,-0.12987825088803806
eunicio,14,13,0.014970059880239521,0.01701093560145808,-0.12987825088803806
administracao,14,13,0.014970059880239521,0.01701093560145808,-0.12987825088803806
comecou,42,39,0.04291417165668663,0.04860267314702309,-0.13043771731300868
michel temer,104,96,0.10479041916167664,0.11786148238153099,-0.13225647557985942
semana,81,75,0.08183632734530938,0.09234507897934387,-0.1323225779323467
paises,43,40,0.043912175648702596,0.04981773997569866,-0.132375470211596
eleicoes,30,28,0.03093812375249501,0.03523693803159174,-0.13455163254551694
rodrigo janot,30,28,0.03093812375249501,0.03523693803159174,-0.13455163254551694
afastado,15,14,0.015968063872255488,0.018226002430133656,-0.1345557749439692
geral republica,15,14,0.015968063872255488,0.018226002430133656,-0.1345557749439692
acontece,15,14,0.015968063872255488,0.018226002430133656,-0.1345557749439692
vieira,15,14,0.015968063872255488,0.018226002430133656,-0.1345557749439692
organizacao criminosa,15,14,0.015968063872255488,0.018226002430133656,-0.1345557749439692
americanos,15,14,0.015968063872255488,0.018226002430133656,-0.1345557749439692
fundo,15,14,0.015968063872255488,0.018226002430133656,-0.1345557749439692
demais,16,15,0.016966067864271458,0.019441069258809233,-0.13869335108570535
questionado,16,15,0.016966067864271458,0.019441069258809233,-0.13869335108570535
oposicao,16,15,0.016966067864271458,0.019441069258809233,-0.13869335108570535
integrantes,17,16,0.017964071856287425,0.020656136087484813,-0.1423837407056765
realizada,17,16,0.017964071856287425,0.020656136087484813,-0.1423837407056765
diretor,17,16,0.017964071856287425,0.020656136087484813,-0.1423837407056765
caminho,17,16,0.017964071856287425,0.020656136087484813,-0.1423837407056765
dado,17,16,0.017964071856287425,0.020656136087484813,-0.1423837407056765
capital,50,47,0.05089820359281437,0.0583232077764277,-0.14402641137560845
trabalhadores,20,19,0.020958083832335328,0.024301336573511544,-0.15142758144916924
secretario,20,19,0.020958083832335328,0.024301336573511544,-0.15142758144916924
meses,57,54,0.05788423153692615,0.06682867557715674,-0.1532266076838802
coreia,57,54,0.05788423153692615,0.06682867557715674,-0.1532266076838802
junto,21,20,0.021956087824351298,0.02551640340218712,-0.15392394816320998
policia,117,110,0.11776447105788423,0.13487241798298907,-0.15522472807233711
medidas,22,21,0.022954091816367265,0.026731470230862697,-0.1562189328913175
nenhuma,22,21,0.022954091816367265,0.026731470230862697,-0.1562189328913175
operacoes,23,22,0.023952095808383235,0.027946537059538274,-0.1583383279480941
constituicao,23,22,0.023952095808383235,0.027946537059538274,-0.1583383279480941
futuro,23,22,0.023952095808383235,0.027946537059538274,-0.1583383279480941
ministro,134,126,0.1347305389221557,0.1543134872417983,-0.15860162446628423
alta,24,23,0.0249500998003992,0.02916160388821385,-0.1603037117562529
tanto,25,24,0.02594810379241517,0.030376670716889428,-0.16213327581000225
total,26,25,0.02694610778443114,0.031591737545565005,-0.1638424642247851
justica,118,112,0.1187624750499002,0.13730255164034022,-0.16632455616941
empreiteira,31,30,0.031936127744510975,0.03766707168894289,-0.17098598136842247
cidade,57,55,0.05788423153692615,0.06804374240583232,-0.17254804496697407
trump,57,55,0.05788423153692615,0.06804374240583232,-0.17254804496697407
juiz federal,35,34,0.03592814371257485,0.0425273390036452,-0.17549486738794284
presos,35,34,0.03592814371257485,0.0425273390036452,-0.17549486738794284
defesa,84,81,0.08483033932135728,0.09963547995139732,-0.17717483773431475
apoio,39,38,0.03992015968063872,0.04738760631834751,-0.17928762233100892
investigacoes,43,42,0.043912175648702596,0.05224787363304982,-0.18256434006252453
mulher,46,45,0.046906187624750496,0.05589307411907655,-0.18476478489211878
governo,172,165,0.17265469061876249,0.20170109356014582,-0.19123233050944877
aqui,59,58,0.059880239520958084,0.07168894289185905,-0.19263036709346126
rodrigo,60,59,0.06087824351297405,0.07290400972053462,-0.19315580634971186
entretanto,3,3,0.003992015968063872,0.004860267314702308,-0.19766919245839443
ex-presidente republica,3,3,0.003992015968063872,0.004860267314702308,-0.19766919245839443
quaisquer,3,3,0.003992015968063872,0.004860267314702308,-0.19766919245839443
quadro saude,3,3,0.003992015968063872,0.004860267314702308,-0.19766919245839443
sudeste,3,3,0.003992015968063872,0.004860267314702308,-0.19766919245839443
silva dilma,3,3,0.003992015968063872,0.004860267314702308,-0.19766919245839443
motorista,3,3,0.003992015968063872,0.004860267314702308,-0.19766919245839443
braskem,3,3,0.003992015968063872,0.004860267314702308,-0.19766919245839443
prestadas,3,3,0.003992015968063872,0.004860267314702308,-0.19766919245839443
prevencao,3,3,0.003992015968063872,0.004860267314702308,-0.19766919245839443
indireta,3,3,0.003992015968063872,0.004860267314702308,-0.19766919245839443
incrivel,3,3,0.003992015968063872,0.004860267314702308,-0.19766919245839443
alvo mandado,3,3,0.003992015968063872,0.004860267314702308,-0.19766919245839443
orientacoes,3,3,0.003992015968063872,0.004860267314702308,-0.19766919245839443
oriente,3,3,0.003992015968063872,0.004860267314702308,-0.19766919245839443
prerrogativa funcao,3,3,0.003992015968063872,0.004860267314702308,-0.19766919245839443
ceu,3,3,0.003992015968063872,0.004860267314702308,-0.19766919245839443
nacional seguranca,3,3,0.003992015968063872,0.004860267314702308,-0.19766919245839443
negociada,3,3,0.003992015968063872,0.004860267314702308,-0.19766919245839443
may,3,3,0.003992015968063872,0.004860267314702308,-0.19766919245839443
delatores odebrecht,3,3,0.003992015968063872,0.004860267314702308,-0.19766919245839443
pistas,3,3,0.003992015968063872,0.004860267314702308,-0.19766919245839443
ex-tesoureiro,3,3,0.003992015968063872,0.004860267314702308,-0.19766919245839443
aprovaram,3,3,0.003992015968063872,0.004860267314702308,-0.19766919245839443
beneficiou,3,3,0.003992015968063872,0.004860267314702308,-0.19766919245839443
populares,3,3,0.003992015968063872,0.004860267314702308,-0.19766919245839443
levada,3,3,0.003992015968063872,0.004860267314702308,-0.19766919245839443
provenientes,3,3,0.003992015968063872,0.004860267314702308,-0.19766919245839443
moram,3,3,0.003992015968063872,0.004860267314702308,-0.19766919245839443
problemas saude,3,3,0.003992015968063872,0.004860267314702308,-0.19766919245839443
deficiencia,3,3,0.003992015968063872,0.004860267314702308,-0.19766919245839443
contraria,3,3,0.003992015968063872,0.004860267314702308,-0.19766919245839443
declaracao feita,3,3,0.003992015968063872,0.004860267314702308,-0.19766919245839443
decisao tomada,3,3,0.003992015968063872,0.004860267314702308,-0.19766919245839443
propos,3,3,0.003992015968063872,0.004860267314702308,-0.19766919245839443
proibiu,3,3,0.003992015968063872,0.004860267314702308,-0.19766919245839443
promovido,3,3,0.003992015968063872,0.004860267314702308,-0.19766919245839443
achar,3,3,0.003992015968063872,0.004860267314702308,-0.19766919245839443
proximidade,3,3,0.003992015968063872,0.004860267314702308,-0.19766919245839443
pista,3,3,0.003992015968063872,0.004860267314702308,-0.19766919245839443
novo ministro,3,3,0.003992015968063872,0.004860267314702308,-0.19766919245839443
desfile,3,3,0.003992015968063872,0.004860267314702308,-0.19766919245839443
pence,3,3,0.003992015968063872,0.004860267314702308,-0.19766919245839443
vendidos,3,3,0.003992015968063872,0.004860267314702308,-0.19766919245839443
confia,3,3,0.003992015968063872,0.004860267314702308,-0.19766919245839443
confira abaixo,3,3,0.003992015968063872,0.004860267314702308,-0.19766919245839443
agencia oficial,3,3,0.003992015968063872,0.004860267314702308,-0.19766919245839443
comissao especial,3,3,0.003992015968063872,0.004860267314702308,-0.19766919245839443
realizados,3,3,0.003992015968063872,0.004860267314702308,-0.19766919245839443
deste mes,3,3,0.003992015968063872,0.004860267314702308,-0.19766919245839443
pele,3,3,0.003992015968063872,0.004860267314702308,-0.19766919245839443
receita federal,3,3,0.003992015968063872,0.004860267314702308,-0.19766919245839443
rebelioes,3,3,0.003992015968063872,0.004860267314702308,-0.19766919245839443
comunicou,3,3,0.003992015968063872,0.004860267314702308,-0.19766919245839443
pequenas,3,3,0.003992015968063872,0.004860267314702308,-0.19766919245839443
guardar,3,3,0.003992015968063872,0.004860267314702308,-0.19766919245839443
oriente medio,3,3,0.003992015968063872,0.004860267314702308,-0.19766919245839443
holofotes,3,3,0.003992015968063872,0.004860267314702308,-0.19766919245839443
jaburu residencia,3,3,0.003992015968063872,0.004860267314702308,-0.19766919245839443
respeitar,3,3,0.003992015968063872,0.004860267314702308,-0.19766919245839443
documentacao,3,3,0.003992015968063872,0.004860267314702308,-0.19766919245839443
dobro,3,3,0.003992015968063872,0.004860267314702308,-0.19766919245839443
fornece,3,3,0.003992015968063872,0.004860267314702308,-0.19766919245839443
japonesa,3,3,0.003992015968063872,0.004860267314702308,-0.19766919245839443
celso mello,3,3,0.003992015968063872,0.004860267314702308,-0.19766919245839443
celebridades,3,3,0.003992015968063872,0.004860267314702308,-0.19766919245839443
ocorrem,3,3,0.003992015968063872,0.004860267314702308,-0.19766919245839443
governo estado,3,3,0.003992015968063872,0.004860267314702308,-0.19766919245839443
pudessem,3,3,0.003992015968063872,0.004860267314702308,-0.19766919245839443
constantemente,3,3,0.003992015968063872,0.004860267314702308,-0.19766919245839443
james,3,3,0.003992015968063872,0.004860267314702308,-0.19766919245839443
utilizada,3,3,0.003992015968063872,0.004860267314702308,-0.19766919245839443
norte rio,3,3,0.003992015968063872,0.004860267314702308,-0.19766919245839443
aulas,3,3,0.003992015968063872,0.004860267314702308,-0.19766919245839443
nota assessoria,3,3,0.003992015968063872,0.004860267314702308,-0.19766919245839443
internacao,3,3,0.003992015968063872,0.004860267314702308,-0.19766919245839443
juristas,3,3,0.003992015968063872,0.004860267314702308,-0.19766919245839443
queriam,3,3,0.003992015968063872,0.004860267314702308,-0.19766919245839443
confirmar,3,3,0.003992015968063872,0.004860267314702308,-0.19766919245839443
horas antes,3,3,0.003992015968063872,0.004860267314702308,-0.19766919245839443
perdi,3,3,0.003992015968063872,0.004860267314702308,-0.19766919245839443
questiona,3,3,0.003992015968063872,0.004860267314702308,-0.19766919245839443
perdas,3,3,0.003992015968063872,0.004860267314702308,-0.19766919245839443
radical,3,3,0.003992015968063872,0.004860267314702308,-0.19766919245839443
desastre,3,3,0.003992015968063872,0.004860267314702308,-0.19766919245839443
assegurar,3,3,0.003992015968063872,0.004860267314702308,-0.19766919245839443
limpa,3,3,0.003992015968063872,0.004860267314702308,-0.19766919245839443
atuando,3,3,0.003992015968063872,0.004860267314702308,-0.19766919245839443
limitacao,3,3,0.003992015968063872,0.004860267314702308,-0.19766919245839443
argumenta,3,3,0.003992015968063872,0.004860267314702308,-0.19766919245839443
armas fogo,3,3,0.003992015968063872,0.004860267314702308,-0.19766919245839443
lojas,3,3,0.003992015968063872,0.004860267314702308,-0.19766919245839443
senadora katia,3,3,0.003992015968063872,0.004860267314702308,-0.19766919245839443
eleger,3,3,0.003992015968063872,0.004860267314702308,-0.19766919245839443
retomado,3,3,0.003992015968063872,0.004860267314702308,-0.19766919245839443
oferece,3,3,0.003992015968063872,0.004860267314702308,-0.19766919245839443
centro capital,3,3,0.003992015968063872,0.004860267314702308,-0.19766919245839443
cerca pessoas,3,3,0.003992015968063872,0.004860267314702308,-0.19766919245839443
eficiencia,3,3,0.003992015968063872,0.004860267314702308,-0.19766919245839443
mantidos,3,3,0.003992015968063872,0.004860267314702308,-0.19766919245839443
marcas,3,3,0.003992015968063872,0.004860267314702308,-0.19766919245839443
mantinha,3,3,0.003992015968063872,0.004860267314702308,-0.19766919245839443
considerados,3,3,0.003992015968063872,0.004860267314702308,-0.19766919245839443
quantas,3,3,0.003992015968063872,0.004860267314702308,-0.19766919245839443
justifica,3,3,0.003992015968063872,0.004860267314702308,-0.19766919245839443
senador jose,3,3,0.003992015968063872,0.004860267314702308,-0.19766919245839443
jobim,3,3,0.003992015968063872,0.004860267314702308,-0.19766919245839443
analista,3,3,0.003992015968063872,0.004860267314702308,-0.19766919245839443
entregaram,3,3,0.003992015968063872,0.004860267314702308,-0.19766919245839443
financiou,3,3,0.003992015968063872,0.004860267314702308,-0.19766919245839443
torres,3,3,0.003992015968063872,0.004860267314702308,-0.19766919245839443
naval,3,3,0.003992015968063872,0.004860267314702308,-0.19766919245839443
arthur maia,3,3,0.003992015968063872,0.004860267314702308,-0.19766919245839443
envolveu,3,3,0.003992015968063872,0.004860267314702308,-0.19766919245839443
cabera,3,3,0.003992015968063872,0.004860267314702308,-0.19766919245839443
duque,3,3,0.003992015968063872,0.004860267314702308,-0.19766919245839443
camara deputado,3,3,0.003992015968063872,0.004860267314702308,-0.19766919245839443
surgiu,3,3,0.003992015968063872,0.004860267314702308,-0.19766919245839443
aplicada,3,3,0.003992015968063872,0.004860267314702308,-0.19766919245839443
laboratorio,3,3,0.003992015968063872,0.004860267314702308,-0.19766919245839443
lucro,3,3,0.003992015968063872,0.004860267314702308,-0.19766919245839443
lucas,3,3,0.003992015968063872,0.004860267314702308,-0.19766919245839443
traficantes,3,3,0.003992015968063872,0.004860267314702308,-0.19766919245839443
theresa may,3,3,0.003992015968063872,0.004860267314702308,-0.19766919245839443
renuncie,3,3,0.003992015968063872,0.004860267314702308,-0.19766919245839443
remedio,3,3,0.003992015968063872,0.004860267314702308,-0.19766919245839443
chinesa,3,3,0.003992015968063872,0.004860267314702308,-0.19766919245839443
theresa,3,3,0.003992015968063872,0.004860267314702308,-0.19766919245839443
cia,3,3,0.003992015968063872,0.004860267314702308,-0.19766919245839443
federal ministerio,3,3,0.003992015968063872,0.004860267314702308,-0.19766919245839443
dispara,3,3,0.003992015968063872,0.004860267314702308,-0.19766919245839443
detectar,3,3,0.003992015968063872,0.004860267314702308,-0.19766919245839443
atitudes,3,3,0.003992015968063872,0.004860267314702308,-0.19766919245839443
frederico,3,3,0.003992015968063872,0.004860267314702308,-0.19766919245839443
nesse momento,3,3,0.003992015968063872,0.004860267314702308,-0.19766919245839443
encarar,3,3,0.003992015968063872,0.004860267314702308,-0.19766919245839443
tumulto,3,3,0.003992015968063872,0.004860267314702308,-0.19766919245839443
justica eleitoral,3,3,0.003992015968063872,0.004860267314702308,-0.19766919245839443
gado,3,3,0.003992015968063872,0.004860267314702308,-0.19766919245839443
disparar,3,3,0.003992015968063872,0.004860267314702308,-0.19766919245839443
ganham,3,3,0.003992015968063872,0.004860267314702308,-0.19766919245839443
inferiores,3,3,0.003992015968063872,0.004860267314702308,-0.19766919245839443
tripulacao,3,3,0.003992015968063872,0.004860267314702308,-0.19766919245839443
ultima quarta-feira,3,3,0.003992015968063872,0.004860267314702308,-0.19766919245839443
precos,3,3,0.003992015968063872,0.004860267314702308,-0.19766919245839443
administrativo,3,3,0.003992015968063872,0.004860267314702308,-0.19766919245839443
acordo colaboracao,3,3,0.003992015968063872,0.004860267314702308,-0.19766919245839443
ingresso,3,3,0.003992015968063872,0.004860267314702308,-0.19766919245839443
aborto,3,3,0.003992015968063872,0.004860267314702308,-0.19766919245839443
acerto,3,3,0.003992015968063872,0.004860267314702308,-0.19766919245839443
cria,3,3,0.003992015968063872,0.004860267314702308,-0.19766919245839443
aparencia,3,3,0.003992015968063872,0.004860267314702308,-0.19766919245839443
crise economica,3,3,0.003992015968063872,0.004860267314702308,-0.19766919245839443
indiciados,3,3,0.003992015968063872,0.004860267314702308,-0.19766919245839443
adesao,3,3,0.003992015968063872,0.004860267314702308,-0.19766919245839443
criador,3,3,0.003992015968063872,0.004860267314702308,-0.19766919245839443
angela,3,3,0.003992015968063872,0.004860267314702308,-0.19766919245839443
mike pence,3,3,0.003992015968063872,0.004860267314702308,-0.19766919245839443
inspecao,3,3,0.003992015968063872,0.004860267314702308,-0.19766919245839443
crescendo,3,3,0.003992015968063872,0.004860267314702308,-0.19766919245839443
estrelas,3,3,0.003992015968063872,0.004860267314702308,-0.19766919245839443
votou,3,3,0.003992015968063872,0.004860267314702308,-0.19766919245839443
zika,3,3,0.003992015968063872,0.004860267314702308,-0.19766919245839443
gente sabe,3,3,0.003992015968063872,0.004860267314702308,-0.19766919245839443
unidos coreia,3,3,0.003992015968063872,0.004860267314702308,-0.19766919245839443
ultima sexta,3,3,0.003992015968063872,0.004860267314702308,-0.19766919245839443
benedicto,3,3,0.003992015968063872,0.004860267314702308,-0.19766919245839443
pro,3,3,0.003992015968063872,0.004860267314702308,-0.19766919245839443
imperio,4,4,0.00499001996007984,0.006075334143377886,-0.19788843335909068
zero,4,4,0.00499001996007984,0.006075334143377886,-0.19788843335909068
infancia,4,4,0.00499001996007984,0.006075334143377886,-0.19788843335909068
criado,4,4,0.00499001996007984,0.006075334143377886,-0.19788843335909068
premio,4,4,0.00499001996007984,0.006075334143377886,-0.19788843335909068
conteudos,4,4,0.00499001996007984,0.006075334143377886,-0.19788843335909068
contem,4,4,0.00499001996007984,0.006075334143377886,-0.19788843335909068
nuclear coreia,4,4,0.00499001996007984,0.006075334143377886,-0.19788843335909068
surpresa,4,4,0.00499001996007984,0.006075334143377886,-0.19788843335909068
consumo,4,4,0.00499001996007984,0.006075334143377886,-0.19788843335909068
verbas,4,4,0.00499001996007984,0.006075334143377886,-0.19788843335909068
agentes penitenciarios,4,4,0.00499001996007984,0.006075334143377886,-0.19788843335909068
plenario camara,4,4,0.00499001996007984,0.006075334143377886,-0.19788843335909068
alcacuz,4,4,0.00499001996007984,0.006075334143377886,-0.19788843335909068
entram,4,4,0.00499001996007984,0.006075334143377886,-0.19788843335909068
fome,4,4,0.00499001996007984,0.006075334143377886,-0.19788843335909068
codinome,4,4,0.00499001996007984,0.006075334143377886,-0.19788843335909068
partidaria,4,4,0.00499001996007984,0.006075334143377886,-0.19788843335909068
biblia,4,4,0.00499001996007984,0.006075334143377886,-0.19788843335909068
combustivel,4,4,0.00499001996007984,0.006075334143377886,-0.19788843335909068
procedimentos,4,4,0.00499001996007984,0.006075334143377886,-0.19788843335909068
investigacoes operacao,4,4,0.00499001996007984,0.006075334143377886,-0.19788843335909068
procurar,4,4,0.00499001996007984,0.006075334143377886,-0.19788843335909068
tentaram,4,4,0.00499001996007984,0.006075334143377886,-0.19788843335909068
afirmaram,4,4,0.00499001996007984,0.006075334143377886,-0.19788843335909068
porte,4,4,0.00499001996007984,0.006075334143377886,-0.19788843335909068
personagem,4,4,0.00499001996007984,0.006075334143377886,-0.19788843335909068
descobertas,4,4,0.00499001996007984,0.006075334143377886,-0.19788843335909068
promessa,4,4,0.00499001996007984,0.006075334143377886,-0.19788843335909068
tramitacao,4,4,0.00499001996007984,0.006075334143377886,-0.19788843335909068
alteracao,4,4,0.00499001996007984,0.006075334143377886,-0.19788843335909068
trafico drogas,4,4,0.00499001996007984,0.006075334143377886,-0.19788843335909068
objeto,4,4,0.00499001996007984,0.006075334143377886,-0.19788843335909068
negar,4,4,0.00499001996007984,0.006075334143377886,-0.19788843335909068
manobras,4,4,0.00499001996007984,0.006075334143377886,-0.19788843335909068
manifestaram,4,4,0.00499001996007984,0.006075334143377886,-0.19788843335909068
tornaram,4,4,0.00499001996007984,0.006075334143377886,-0.19788843335909068
morrem,4,4,0.00499001996007984,0.006075334143377886,-0.19788843335909068
municipios,4,4,0.00499001996007984,0.006075334143377886,-0.19788843335909068
olho,4,4,0.00499001996007984,0.006075334143377886,-0.19788843335909068
azul,4,4,0.00499001996007984,0.006075334143377886,-0.19788843335909068
disposto,4,4,0.00499001996007984,0.006075334143377886,-0.19788843335909068
luciano,4,4,0.00499001996007984,0.006075334143377886,-0.19788843335909068
beira,4,4,0.00499001996007984,0.006075334143377886,-0.19788843335909068
disponiveis,4,4,0.00499001996007984,0.006075334143377886,-0.19788843335909068
claudia,4,4,0.00499001996007984,0.006075334143377886,-0.19788843335909068
repente,4,4,0.00499001996007984,0.006075334143377886,-0.19788843335909068
terrorismo,4,4,0.00499001996007984,0.006075334143377886,-0.19788843335909068
iniciativa,4,4,0.00499001996007984,0.006075334143377886,-0.19788843335909068
acusado receber,4,4,0.00499001996007984,0.006075334143377886,-0.19788843335909068
cristiano,4,4,0.00499001996007984,0.006075334143377886,-0.19788843335909068
afastamento renan,4,4,0.00499001996007984,0.006075334143377886,-0.19788843335909068
solo,4,4,0.00499001996007984,0.006075334143377886,-0.19788843335909068
socio,4,4,0.00499001996007984,0.006075334143377886,-0.19788843335909068
camara eduardo,4,4,0.00499001996007984,0.006075334143377886,-0.19788843335909068
penitenciarios,4,4,0.00499001996007984,0.006075334143377886,-0.19788843335909068
fux,4,4,0.00499001996007984,0.006075334143377886,-0.19788843335909068
acidente aereo,4,4,0.00499001996007984,0.006075334143377886,-0.19788843335909068
solicitado,4,4,0.00499001996007984,0.006075334143377886,-0.19788843335909068
recuperar,4,4,0.00499001996007984,0.006075334143377886,-0.19788843335909068
basico,4,4,0.00499001996007984,0.006075334143377886,-0.19788843335909068
bases,4,4,0.00499001996007984,0.006075334143377886,-0.19788843335909068
ex-ministros,4,4,0.00499001996007984,0.006075334143377886,-0.19788843335909068
bebe,4,4,0.00499001996007984,0.006075334143377886,-0.19788843335909068
portao,4,4,0.00499001996007984,0.006075334143377886,-0.19788843335909068
continuidade,4,4,0.00499001996007984,0.006075334143377886,-0.19788843335909068
oposto,4,4,0.00499001996007984,0.006075334143377886,-0.19788843335909068
opinioes,4,4,0.00499001996007984,0.006075334143377886,-0.19788843335909068
antigos,4,4,0.00499001996007984,0.006075334143377886,-0.19788843335909068
mike,4,4,0.00499001996007984,0.006075334143377886,-0.19788843335909068
estupro,4,4,0.00499001996007984,0.006075334143377886,-0.19788843335909068
racismo,4,4,0.00499001996007984,0.006075334143377886,-0.19788843335909068
alianca,4,4,0.00499001996007984,0.006075334143377886,-0.19788843335909068
exatos,4,4,0.00499001996007984,0.006075334143377886,-0.19788843335909068
chile,4,4,0.00499001996007984,0.006075334143377886,-0.19788843335909068
causado,4,4,0.00499001996007984,0.006075334143377886,-0.19788843335909068
prisao ex-presidente,4,4,0.00499001996007984,0.006075334143377886,-0.19788843335909068
preliminares,4,4,0.00499001996007984,0.006075334143377886,-0.19788843335909068
devidamente,4,4,0.00499001996007984,0.006075334143377886,-0.19788843335909068
concedida,4,4,0.00499001996007984,0.006075334143377886,-0.19788843335909068
desejo,4,4,0.00499001996007984,0.006075334143377886,-0.19788843335909068
cassar,4,4,0.00499001996007984,0.006075334143377886,-0.19788843335909068
tirou,4,4,0.00499001996007984,0.006075334143377886,-0.19788843335909068
transito,4,4,0.00499001996007984,0.006075334143377886,-0.19788843335909068
desembargador,4,4,0.00499001996007984,0.006075334143377886,-0.19788843335909068
estudar,4,4,0.00499001996007984,0.006075334143377886,-0.19788843335909068
daniel,5,5,0.005988023952095809,0.007290400972053463,-0.19810816272459508
santana monica,5,5,0.005988023952095809,0.007290400972053463,-0.19810816272459508
parecem,5,5,0.005988023952095809,0.007290400972053463,-0.19810816272459508
sobreviventes,5,5,0.005988023952095809,0.007290400972053463,-0.19810816272459508
gerou,5,5,0.005988023952095809,0.007290400972053463,-0.19810816272459508
analisa,5,5,0.005988023952095809,0.007290400972053463,-0.19810816272459508
elogiou,5,5,0.005988023952095809,0.007290400972053463,-0.19810816272459508
africa,5,5,0.005988023952095809,0.007290400972053463,-0.19810816272459508
registros,5,5,0.005988023952095809,0.007290400972053463,-0.19810816272459508
merito,5,5,0.005988023952095809,0.007290400972053463,-0.19810816272459508
assinaram,5,5,0.005988023952095809,0.007290400972053463,-0.19810816272459508
defendem,5,5,0.005988023952095809,0.007290400972053463,-0.19810816272459508
acompanhada,5,5,0.005988023952095809,0.007290400972053463,-0.19810816272459508
inglaterra,5,5,0.005988023952095809,0.007290400972053463,-0.19810816272459508
exigiu,5,5,0.005988023952095809,0.007290400972053463,-0.19810816272459508
fugir,5,5,0.005988023952095809,0.007290400972053463,-0.19810816272459508
missao,5,5,0.005988023952095809,0.007290400972053463,-0.19810816272459508
base aerea,5,5,0.005988023952095809,0.007290400972053463,-0.19810816272459508
confirmam,5,5,0.005988023952095809,0.007290400972053463,-0.19810816272459508
roupa,5,5,0.005988023952095809,0.007290400972053463,-0.19810816272459508
destruicao,5,5,0.005988023952095809,0.007290400972053463,-0.19810816272459508
constituicao justica,5,5,0.005988023952095809,0.007290400972053463,-0.19810816272459508
praticas,5,5,0.005988023952095809,0.007290400972053463,-0.19810816272459508
obrigado,5,5,0.005988023952095809,0.007290400972053463,-0.19810816272459508
testar,5,5,0.005988023952095809,0.007290400972053463,-0.19810816272459508
sozinhos,5,5,0.005988023952095809,0.007290400972053463,-0.19810816272459508
segura,5,5,0.005988023952095809,0.007290400972053463,-0.19810816272459508
trouxe,5,5,0.005988023952095809,0.007290400972053463,-0.19810816272459508
compartilhar,5,5,0.005988023952095809,0.007290400972053463,-0.19810816272459508
deputada,5,5,0.005988023952095809,0.007290400972053463,-0.19810816272459508
paralisacao,5,5,0.005988023952095809,0.007290400972053463,-0.19810816272459508
luis roberto,5,5,0.005988023952095809,0.007290400972053463,-0.19810816272459508
tido,5,5,0.005988023952095809,0.007290400972053463,-0.19810816272459508
times,5,5,0.005988023952095809,0.007290400972053463,-0.19810816272459508
tome,5,5,0.005988023952095809,0.007290400972053463,-0.19810816272459508
arthur,5,5,0.005988023952095809,0.007290400972053463,-0.19810816272459508
queda aviao,5,5,0.005988023952095809,0.007290400972053463,-0.19810816272459508
retirou,5,5,0.005988023952095809,0.007290400972053463,-0.19810816272459508
confirmaram,5,5,0.005988023952095809,0.007290400972053463,-0.19810816272459508
autorizar,5,5,0.005988023952095809,0.007290400972053463,-0.19810816272459508
atingiu,5,5,0.005988023952095809,0.007290400972053463,-0.19810816272459508
comissao constituicao,5,5,0.005988023952095809,0.007290400972053463,-0.19810816272459508
acidentes,5,5,0.005988023952095809,0.007290400972053463,-0.19810816272459508
lula juiz,5,5,0.005988023952095809,0.007290400972053463,-0.19810816272459508
revelacoes,5,5,0.005988023952095809,0.007290400972053463,-0.19810816272459508
falam,5,5,0.005988023952095809,0.007290400972053463,-0.19810816272459508
senador renan,5,5,0.005988023952095809,0.007290400972053463,-0.19810816272459508
original,5,5,0.005988023952095809,0.007290400972053463,-0.19810816272459508
doencas,5,5,0.005988023952095809,0.007290400972053463,-0.19810816272459508
pernambuco,5,5,0.005988023952095809,0.007290400972053463,-0.19810816272459508
memoria,5,5,0.005988023952095809,0.007290400972053463,-0.19810816272459508
filosofo,5,5,0.005988023952095809,0.007290400972053463,-0.19810816272459508
altos,5,5,0.005988023952095809,0.007290400972053463,-0.19810816272459508
empreiteiro,6,6,0.006986027944111776,0.00850546780072904,-0.1983283821944859
delacoes executivos,6,6,0.006986027944111776,0.00850546780072904,-0.1983283821944859
casamento,6,6,0.006986027944111776,0.00850546780072904,-0.1983283821944859
indicacao,6,6,0.006986027944111776,0.00850546780072904,-0.1983283821944859
encontros,6,6,0.006986027944111776,0.00850546780072904,-0.1983283821944859
afirmacao,6,6,0.006986027944111776,0.00850546780072904,-0.1983283821944859
herman benjamin,6,6,0.006986027944111776,0.00850546780072904,-0.1983283821944859
campanha eleitoral,6,6,0.006986027944111776,0.00850546780072904,-0.1983283821944859
posto,6,6,0.006986027944111776,0.00850546780072904,-0.1983283821944859
quimicas,6,6,0.006986027944111776,0.00850546780072904,-0.1983283821944859
reserva,6,6,0.006986027944111776,0.00850546780072904,-0.1983283821944859
guido,6,6,0.006986027944111776,0.00850546780072904,-0.1983283821944859
greve,6,6,0.006986027944111776,0.00850546780072904,-0.1983283821944859
chico,6,6,0.006986027944111776,0.00850546780072904,-0.1983283821944859
ex-presidentes,6,6,0.006986027944111776,0.00850546780072904,-0.1983283821944859
sistemas,6,6,0.006986027944111776,0.00850546780072904,-0.1983283821944859
sitio atibaia,6,6,0.006986027944111776,0.00850546780072904,-0.1983283821944859
obteve,6,6,0.006986027944111776,0.00850546780072904,-0.1983283821944859
fiscalizacao,6,6,0.006986027944111776,0.00850546780072904,-0.1983283821944859
carros,6,6,0.006986027944111776,0.00850546780072904,-0.1983283821944859
ricos,6,6,0.006986027944111776,0.00850546780072904,-0.1983283821944859
bens,6,6,0.006986027944111776,0.00850546780072904,-0.1983283821944859
benjamin,6,6,0.006986027944111776,0.00850546780072904,-0.1983283821944859
setores,6,6,0.006986027944111776,0.00850546780072904,-0.1983283821944859
tratou,6,6,0.006986027944111776,0.00850546780072904,-0.1983283821944859
trajetoria,6,6,0.006986027944111776,0.00850546780072904,-0.1983283821944859
longa,6,6,0.006986027944111776,0.00850546780072904,-0.1983283821944859
edificio,6,6,0.006986027944111776,0.00850546780072904,-0.1983283821944859
exclusiva,6,6,0.006986027944111776,0.00850546780072904,-0.1983283821944859
sonho,6,6,0.006986027944111776,0.00850546780072904,-0.1983283821944859
italia,6,6,0.006986027944111776,0.00850546780072904,-0.1983283821944859
atibaia,6,6,0.006986027944111776,0.00850546780072904,-0.1983283821944859
identificacao,6,6,0.006986027944111776,0.00850546780072904,-0.1983283821944859
estavel,6,6,0.006986027944111776,0.00850546780072904,-0.1983283821944859
humanidade,6,6,0.006986027944111776,0.00850546780072904,-0.1983283821944859
aceita,6,6,0.006986027944111776,0.00850546780072904,-0.1983283821944859
famosa,6,6,0.006986027944111776,0.00850546780072904,-0.1983283821944859
deveriam,7,7,0.007984031936127744,0.009720534629404616,-0.19854909341571148
presentes,7,7,0.007984031936127744,0.009720534629404616,-0.19854909341571148
poderes,7,7,0.007984031936127744,0.009720534629404616,-0.19854909341571148
ministerio agricultura,7,7,0.007984031936127744,0.009720534629404616,-0.19854909341571148
busca apreensao,7,7,0.007984031936127744,0.009720534629404616,-0.19854909341571148
suica,7,7,0.007984031936127744,0.009720534629404616,-0.19854909341571148
expectativa,7,7,0.007984031936127744,0.009720534629404616,-0.19854909341571148
presidentes,7,7,0.007984031936127744,0.009720534629404616,-0.19854909341571148
paraty,7,7,0.007984031936127744,0.009720534629404616,-0.19854909341571148
investigadas,7,7,0.007984031936127744,0.009720534629404616,-0.19854909341571148
sala,7,7,0.007984031936127744,0.009720534629404616,-0.19854909341571148
ausencia,7,7,0.007984031936127744,0.009720534629404616,-0.19854909341571148
aniversario,7,7,0.007984031936127744,0.009720534629404616,-0.19854909341571148
beneficio,7,7,0.007984031936127744,0.009720534629404616,-0.19854909341571148
terreno,7,7,0.007984031936127744,0.009720534629404616,-0.19854909341571148
precisam,7,7,0.007984031936127744,0.009720534629404616,-0.19854909341571148
mandado prisao,8,8,0.008982035928143712,0.010935601458080195,-0.19877029804263202
expressao,8,8,0.008982035928143712,0.010935601458080195,-0.19877029804263202
jaburu,8,8,0.008982035928143712,0.010935601458080195,-0.19877029804263202
municipio,8,8,0.008982035928143712,0.010935601458080195,-0.19877029804263202
soares,8,8,0.008982035928143712,0.010935601458080195,-0.19877029804263202
escritorio,8,8,0.008982035928143712,0.010935601458080195,-0.19877029804263202
norte-coreana,8,8,0.008982035928143712,0.010935601458080195,-0.19877029804263202
importancia,8,8,0.008982035928143712,0.010935601458080195,-0.19877029804263202
latina,8,8,0.008982035928143712,0.010935601458080195,-0.19877029804263202
daquele,8,8,0.008982035928143712,0.010935601458080195,-0.19877029804263202
vizinho,8,8,0.008982035928143712,0.010935601458080195,-0.19877029804263202
presidios,8,8,0.008982035928143712,0.010935601458080195,-0.19877029804263202
cancer,8,8,0.008982035928143712,0.010935601458080195,-0.19877029804263202
unido,8,8,0.008982035928143712,0.010935601458080195,-0.19877029804263202
relatos,8,8,0.008982035928143712,0.010935601458080195,-0.19877029804263202
relacionamento,8,8,0.008982035928143712,0.010935601458080195,-0.19877029804263202
obstrucao justica,8,8,0.008982035928143712,0.010935601458080195,-0.19877029804263202
palacio jaburu,8,8,0.008982035928143712,0.010935601458080195,-0.19877029804263202
missil balistico,8,8,0.008982035928143712,0.010935601458080195,-0.19877029804263202
porta-voz,8,8,0.008982035928143712,0.010935601458080195,-0.19877029804263202
aumentar,8,8,0.008982035928143712,0.010935601458080195,-0.19877029804263202
exames,9,9,0.00998003992015968,0.012150668286755772,-0.19899199773706222
opcao,9,9,0.00998003992015968,0.012150668286755772,-0.19899199773706222
indica,9,9,0.00998003992015968,0.012150668286755772,-0.19899199773706222
influencia,9,9,0.00998003992015968,0.012150668286755772,-0.19899199773706222
impedir,9,9,0.00998003992015968,0.012150668286755772,-0.19899199773706222
mesa,9,9,0.00998003992015968,0.012150668286755772,-0.19899199773706222
ameacou,9,9,0.00998003992015968,0.012150668286755772,-0.19899199773706222
alves,9,9,0.00998003992015968,0.012150668286755772,-0.19899199773706222
fabio,9,9,0.00998003992015968,0.012150668286755772,-0.19899199773706222
faria,9,9,0.00998003992015968,0.012150668286755772,-0.19899199773706222
representante,9,9,0.00998003992015968,0.012150668286755772,-0.19899199773706222
onibus,9,9,0.00998003992015968,0.012150668286755772,-0.19899199773706222
preocupacao,10,10,0.010978043912175649,0.013365735115431349,-0.19921419416831032
candidatos,10,10,0.010978043912175649,0.013365735115431349,-0.19921419416831032
coracao,10,10,0.010978043912175649,0.013365735115431349,-0.19921419416831032
quimico,10,10,0.010978043912175649,0.013365735115431349,-0.19921419416831032
servidores,10,10,0.010978043912175649,0.013365735115431349,-0.19921419416831032
prestar,10,10,0.010978043912175649,0.013365735115431349,-0.19921419416831032
abriu,11,11,0.011976047904191617,0.014580801944106925,-0.19943688901322254
obra,11,11,0.011976047904191617,0.014580801944106925,-0.19943688901322254
franco,11,11,0.011976047904191617,0.014580801944106925,-0.19943688901322254
reus,11,11,0.011976047904191617,0.014580801944106925,-0.19943688901322254
acrescentou,11,11,0.011976047904191617,0.014580801944106925,-0.19943688901322254
criar,11,11,0.011976047904191617,0.014580801944106925,-0.19943688901322254
versao,11,11,0.011976047904191617,0.014580801944106925,-0.19943688901322254
nessa,12,12,0.012974051896207584,0.015795868772782502,-0.19966008395622747
jorge,12,12,0.012974051896207584,0.015795868772782502,-0.19966008395622747
camara,74,73,0.0748502994011976,0.0899149453219927,-0.19979156171649537
horizonte,13,13,0.013972055888223553,0.01701093560145808,-0.19988378068937607
posse,13,13,0.013972055888223553,0.01701093560145808,-0.19988378068937607
rede social,13,13,0.013972055888223553,0.01701093560145808,-0.19988378068937607
menor,13,13,0.013972055888223553,0.01701093560145808,-0.19988378068937607
esquerda,13,13,0.013972055888223553,0.01701093560145808,-0.19988378068937607
ficaram,14,14,0.014970059880239521,0.018226002430133656,-0.20010798091238602
judicial,14,14,0.014970059880239521,0.018226002430133656,-0.20010798091238602
bernardo,14,14,0.014970059880239521,0.018226002430133656,-0.20010798091238602
detalhes,14,14,0.014970059880239521,0.018226002430133656,-0.20010798091238602
contrario,15,15,0.015968063872255488,0.019441069258809233,-0.20033268633268708
lideres,15,15,0.015968063872255488,0.019441069258809233,-0.20033268633268708
dez,16,16,0.016966067864271458,0.020656136087484813,-0.2005578986654606
vara,17,17,0.017964071856287425,0.02187120291616039,-0.20078361963369007
mensagens,17,17,0.017964071856287425,0.02187120291616039,-0.20078361963369007
procuradores,17,17,0.017964071856287425,0.02187120291616039,-0.20078361963369007
filha,17,17,0.017964071856287425,0.02187120291616039,-0.20078361963369007
interior,18,18,0.018962075848303395,0.023086269744835967,-0.20100985096820034
triplex,20,20,0.020958083832335328,0.02551640340218712,-0.20146385169884828
fazem,21,21,0.021956087824351298,0.026731470230862697,-0.20169162459625856
encontro,22,22,0.022954091816367265,0.027946537059538274,-0.2019199148625832
contou,23,23,0.023952095808383235,0.02916160388821385,-0.20214872426854225
jong-un,25,25,0.02594810379241517,0.031591737545565005,-0.20260790762287728
kim jong-un,25,25,0.02594810379241517,0.031591737545565005,-0.20260790762287728
social,27,27,0.027944111776447105,0.03402187120291616,-0.20306918898820348
secretaria,27,27,0.027944111776447105,0.03402187120291616,-0.20306918898820348
numero,31,31,0.031936127744510975,0.038882138517618466,-0.2039981037297749
volta,31,31,0.031936127744510975,0.038882138517618466,-0.2039981037297749
militar,51,51,0.05189620758483034,0.06318347509113001,-0.20877361103125702
brasilia,74,74,0.0748502994011976,0.0911300121506683,-0.21455058759137824
maior,78,78,0.07884231536926148,0.0959902794653706,-0.21558819966976062
depoimento,57,58,0.05788423153692615,0.07168894289185905,-0.22865281033828033
psdb,40,41,0.04091816367265469,0.05103280680437424,-0.23149681070966688
mes,38,39,0.038922155688622756,0.04860267314702309,-0.23223852379161203
campanha,38,39,0.038922155688622756,0.04860267314702309,-0.23223852379161203
presidente,265,257,0.2654690618762475,0.3134872417982989,-0.23386766372235346
programa,34,35,0.03493013972055888,0.04374240583232078,-0.23414112400258746
estado,114,115,0.11477045908183632,0.14094775212636695,-0.2354723791561213
grandes,28,29,0.028942115768463075,0.03645200486026731,-0.23846241222683862
tenha,26,27,0.02694610778443114,0.03402187120291616,-0.2404630005143904
documentos,25,26,0.02594810379241517,0.032806804374240585,-0.24160372855155643
disso,24,25,0.0249500998003992,0.031591737545565005,-0.24285268640584912
especial,23,24,0.023952095808383235,0.030376670716889428,-0.24422306710526342
depois,107,109,0.10778443113772455,0.1336573511543135,-0.24457349342741486
propria,22,23,0.022954091816367265,0.02916160388821385,-0.24573031118303135
relacao,54,56,0.054890219560878244,0.0692588092345079,-0.2478350060475667
criminosa,20,21,0.020958083832335328,0.026731470230862697,-0.24923152813189686
governos,20,21,0.020958083832335328,0.026731470230862697,-0.24923152813189686
economia,19,20,0.01996007984031936,0.02551640340218712,-0.2512728646573832
ideia,19,20,0.01996007984031936,0.02551640340218712,-0.2512728646573832
delacoes,45,47,0.04590818363273453,0.0583232077764277,-0.25245449811685017
compra,18,19,0.018962075848303395,0.024301336573511544,-0.2535477005879554
presidencia republica,17,18,0.017964071856287425,0.023086269744835967,-0.2560938491435629
horas,40,42,0.04091816367265469,0.05224787363304982,-0.2563085382759098
apresentar,16,17,0.016966067864271458,0.02187120291616039,-0.25895777759347416
controle,16,17,0.016966067864271458,0.02187120291616039,-0.25895777759347416
doacoes,15,16,0.015968063872255488,0.020656136087484813,-0.2621972339124423
deixou,34,36,0.03493013972055888,0.04495747266099635,-0.26281155417889845
alvo,33,35,0.033932135728542916,0.04374240583232078,-0.2641622526991223
unica,14,15,0.014970059880239521,0.019441069258809233,-0.2658848923011039
democracia,14,15,0.014970059880239521,0.019441069258809233,-0.2658848923011039
autor,14,15,0.014970059880239521,0.019441069258809233,-0.2658848923011039
planalto,31,33,0.031936127744510975,0.041312272174969626,-0.26715437246798945
casos,31,33,0.031936127744510975,0.041312272174969626,-0.26715437246798945
prisao,81,85,0.08183632734530938,0.10449574726609964,-0.2694138268430044
armadas,13,14,0.013972055888223553,0.018226002430133656,-0.270113510713724
entregue,13,14,0.013972055888223553,0.018226002430133656,-0.270113510713724
cultura,13,14,0.013972055888223553,0.018226002430133656,-0.270113510713724
morto,13,14,0.013972055888223553,0.018226002430133656,-0.270113510713724
afastamento,13,14,0.013972055888223553,0.018226002430133656,-0.270113510713724
norte,76,80,0.07684630738522955,0.09842041312272175,-0.27108822716379954
federal sergio,28,30,0.028942115768463075,0.03766707168894289,-0.27251406487025154
ocorreu,27,29,0.027944111776447105,0.03645200486026731,-0.2745809534946386
preve,12,13,0.012974051896207584,0.01701093560145808,-0.275003386717942
assumir,12,13,0.012974051896207584,0.01701093560145808,-0.275003386717942
minas gerais,12,13,0.012974051896207584,0.01701093560145808,-0.275003386717942
explica,12,13,0.012974051896207584,0.01701093560145808,-0.275003386717942
grupo,86,91,0.08682634730538923,0.1117861482381531,-0.28039106392019963
suposta,11,12,0.011976047904191617,0.015795868772782502,-0.28071340313568705
atividades,11,12,0.011976047904191617,0.015795868772782502,-0.28071340313568705
ganhou,11,12,0.011976047904191617,0.015795868772782502,-0.28071340313568705
entrou,23,25,0.023952095808383235,0.031591737545565005,-0.28469769891813845
sul,53,57,0.05389221556886228,0.07047387606318348,-0.28593763241063064
garantir,10,11,0.010978043912175649,0.014580801944106925,-0.28745785720420525
parceria,10,11,0.010978043912175649,0.014580801944106925,-0.28745785720420525
tenham,10,11,0.010978043912175649,0.014580801944106925,-0.28745785720420525
souza,10,11,0.010978043912175649,0.014580801944106925,-0.28745785720420525
projetos,10,11,0.010978043912175649,0.014580801944106925,-0.28745785720420525
recente,10,11,0.010978043912175649,0.014580801944106925,-0.28745785720420525
urgencia,10,11,0.010978043912175649,0.014580801944106925,-0.28745785720420525
veja,69,74,0.06986027944111776,0.0911300121506683,-0.28892270819806587
fim,68,73,0.0688622754491018,0.0899149453219927,-0.28962480593703477
executivo,21,23,0.021956087824351298,0.02916160388821385,-0.2912030028879724
coreia norte,47,51,0.04790419161676647,0.06318347509113001,-0.2930180055584932
publica,46,50,0.046906187624750496,0.061968408262454436,-0.2944048214702213
fazem parte,9,10,0.00998003992015968,0.013365735115431349,-0.2955329469275201
santana,9,10,0.00998003992015968,0.013365735115431349,-0.2955329469275201
trafico,9,10,0.00998003992015968,0.013365735115431349,-0.2955329469275201
construtora,9,10,0.00998003992015968,0.013365735115431349,-0.2955329469275201
prestou,9,10,0.00998003992015968,0.013365735115431349,-0.2955329469275201
seul,9,10,0.00998003992015968,0.013365735115431349,-0.2955329469275201
musica,9,10,0.00998003992015968,0.013365735115431349,-0.2955329469275201
ordem,31,34,0.031936127744510975,0.0425273390036452,-0.29741014032923685
republica,101,108,0.10179640718562874,0.1324422843256379,-0.2978868699295991
entrevista,58,63,0.05888223552894212,0.07776427703523693,-0.2984101446917795
criticas,19,21,0.01996007984031936,0.026731470230862697,-0.29904054109043177
antes,71,77,0.0718562874251497,0.09477521263669501,-0.3018430754412784
manha,53,58,0.05389221556886228,0.07168894289185905,-0.30434011042994635
aprovado,8,9,0.008982035928143712,0.012150668286755772,-0.30536007015518773
criacao,8,9,0.008982035928143712,0.012150668286755772,-0.30536007015518773
terceira,8,9,0.008982035928143712,0.012150668286755772,-0.30536007015518773
financiamento,8,9,0.008982035928143712,0.012150668286755772,-0.30536007015518773
neto,8,9,0.008982035928143712,0.012150668286755772,-0.30536007015518773
supostas,8,9,0.008982035928143712,0.012150668286755772,-0.30536007015518773
blog,8,9,0.008982035928143712,0.012150668286755772,-0.30536007015518773
passaram,8,9,0.008982035928143712,0.012150668286755772,-0.30536007015518773
acusa,8,9,0.008982035928143712,0.012150668286755772,-0.30536007015518773
mandados,8,9,0.008982035928143712,0.012150668286755772,-0.30536007015518773
mato,8,9,0.008982035928143712,0.012150668286755772,-0.30536007015518773
responde,8,9,0.008982035928143712,0.012150668286755772,-0.30536007015518773
autorizacao,8,9,0.008982035928143712,0.012150668286755772,-0.30536007015518773
nacional,66,72,0.06686626746506986,0.08869987849331713,-0.3062401445157561
movimento,17,19,0.017964071856287425,0.024301336573511544,-0.308631698763318
rio janeiro,27,30,0.027944111776447105,0.03766707168894289,-0.30863260613805155
proposta,26,29,0.02694610778443114,0.03645200486026731,-0.31197476502082555
jbs,35,39,0.03592814371257485,0.04860267314702309,-0.31539165387954116
ouvido,7,8,0.007984031936127744,0.010935601458080195,-0.31755987631041727
anunciar,7,8,0.007984031936127744,0.010935601458080195,-0.31755987631041727
cidadania,7,8,0.007984031936127744,0.010935601458080195,-0.31755987631041727
casas,7,8,0.007984031936127744,0.010935601458080195,-0.31755987631041727
levantamento,7,8,0.007984031936127744,0.010935601458080195,-0.31755987631041727
mario,7,8,0.007984031936127744,0.010935601458080195,-0.31755987631041727
reduzir,7,8,0.007984031936127744,0.010935601458080195,-0.31755987631041727
eleitores,7,8,0.007984031936127744,0.010935601458080195,-0.31755987631041727
jantar,7,8,0.007984031936127744,0.010935601458080195,-0.31755987631041727
crise politica,7,8,0.007984031936127744,0.010935601458080195,-0.31755987631041727
feridas,7,8,0.007984031936127744,0.010935601458080195,-0.31755987631041727
britanico,7,8,0.007984031936127744,0.010935601458080195,-0.31755987631041727
branco,7,8,0.007984031936127744,0.010935601458080195,-0.31755987631041727
crimes,44,49,0.04491017964071856,0.060753341433778855,-0.3188848585233588
prazo,15,17,0.015968063872255488,0.02187120291616039,-0.3205971128404559
chega,15,17,0.015968063872255488,0.02187120291616039,-0.3205971128404559
manter,23,26,0.023952095808383235,0.032806804374240585,-0.3236935198468176
especialistas,14,16,0.014970059880239521,0.020656136087484813,-0.32774943988085914
embora,14,16,0.014970059880239521,0.020656136087484813,-0.32774943988085914
siria,14,16,0.014970059880239521,0.020656136087484813,-0.32774943988085914
oliveira,22,25,0.022954091816367265,0.031591737545565005,-0.32827928583262755
fatos,22,25,0.022954091816367265,0.031591737545565005,-0.32827928583262755
vascular,6,7,0.006986027944111776,0.009720534629404616,-0.33308601654225267
destinado,6,7,0.006986027944111776,0.009720534629404616,-0.33308601654225267
previsao,6,7,0.006986027944111776,0.009720534629404616,-0.33308601654225267
ceara,6,7,0.006986027944111776,0.009720534629404616,-0.33308601654225267
afinal,6,7,0.006986027944111776,0.009720534629404616,-0.33308601654225267
apurar,6,7,0.006986027944111776,0.009720534629404616,-0.33308601654225267
governo lula,6,7,0.006986027944111776,0.009720534629404616,-0.33308601654225267
governo presidente,6,7,0.006986027944111776,0.009720534629404616,-0.33308601654225267
houver,6,7,0.006986027944111776,0.009720534629404616,-0.33308601654225267
quadrilha,6,7,0.006986027944111776,0.009720534629404616,-0.33308601654225267
chamados,6,7,0.006986027944111776,0.009720534629404616,-0.33308601654225267
ultimos meses,6,7,0.006986027944111776,0.009720534629404616,-0.33308601654225267
tratado,6,7,0.006986027944111776,0.009720534629404616,-0.33308601654225267
trechos,6,7,0.006986027944111776,0.009720534629404616,-0.33308601654225267
tomada,6,7,0.006986027944111776,0.009720534629404616,-0.33308601654225267
ligados,6,7,0.006986027944111776,0.009720534629404616,-0.33308601654225267
herman,6,7,0.006986027944111776,0.009720534629404616,-0.33308601654225267
estudo,6,7,0.006986027944111776,0.009720534629404616,-0.33308601654225267
bastidores,6,7,0.006986027944111776,0.009720534629404616,-0.33308601654225267
inclui,6,7,0.006986027944111776,0.009720534629404616,-0.33308601654225267
milhoes propina,6,7,0.006986027944111776,0.009720534629404616,-0.33308601654225267
denunciados,6,7,0.006986027944111776,0.009720534629404616,-0.33308601654225267
marcos,6,7,0.006986027944111776,0.009720534629404616,-0.33308601654225267
martins,6,7,0.006986027944111776,0.009720534629404616,-0.33308601654225267
operacao carne,6,7,0.006986027944111776,0.009720534629404616,-0.33308601654225267
lideranca,6,7,0.006986027944111776,0.009720534629404616,-0.33308601654225267
passageiros,6,7,0.006986027944111776,0.009720534629404616,-0.33308601654225267
parada,6,7,0.006986027944111776,0.009720534629404616,-0.33308601654225267
realizadas,6,7,0.006986027944111776,0.009720534629404616,-0.33308601654225267
plenario,21,24,0.021956087824351298,0.030376670716889428,-0.3332773457246936
investigadores,13,15,0.013972055888223553,0.019441069258809233,-0.3358904221024419
agencia,20,23,0.020958083832335328,0.02916160388821385,-0.3387429064236107
realizado,20,23,0.020958083832335328,0.02916160388821385,-0.3387429064236107
parana,20,23,0.020958083832335328,0.02916160388821385,-0.3387429064236107
possibilidade,20,23,0.020958083832335328,0.02916160388821385,-0.3387429064236107
votos,20,23,0.020958083832335328,0.02916160388821385,-0.3387429064236107
ambito,19,22,0.01996007984031936,0.027946537059538274,-0.3447415230616975
tse,19,22,0.01996007984031936,0.027946537059538274,-0.3447415230616975
pratica,19,22,0.01996007984031936,0.027946537059538274,-0.3447415230616975
pede,42,48,0.04291417165668663,0.05953827460510328,-0.34493938371077526
central,12,14,0.012974051896207584,0.018226002430133656,-0.34523311674228996
acusacao,12,14,0.012974051896207584,0.018226002430133656,-0.34523311674228996
fiscais,12,14,0.012974051896207584,0.018226002430133656,-0.34523311674228996
acordos,12,14,0.012974051896207584,0.018226002430133656,-0.34523311674228996
mello,12,14,0.012974051896207584,0.018226002430133656,-0.34523311674228996
policia federal,48,55,0.04890219560878244,0.06804374240583232,-0.35065949491146853
perto,18,21,0.018962075848303395,0.026731470230862697,-0.351351647270683
estrangeiros,5,6,0.005988023952095809,0.00850546780072904,-0.35348358244774936
completar,5,6,0.005988023952095809,0.00850546780072904,-0.35348358244774936
senado eunicio,5,6,0.005988023952095809,0.00850546780072904,-0.35348358244774936
domestica,5,6,0.005988023952095809,0.00850546780072904,-0.35348358244774936
cuidar,5,6,0.005988023952095809,0.00850546780072904,-0.35348358244774936
parentes,5,6,0.005988023952095809,0.00850546780072904,-0.35348358244774936
suspeitos,5,6,0.005988023952095809,0.00850546780072904,-0.35348358244774936
retirada,5,6,0.005988023952095809,0.00850546780072904,-0.35348358244774936
ouro,5,6,0.005988023952095809,0.00850546780072904,-0.35348358244774936
pmdb-pr,5,6,0.005988023952095809,0.00850546780072904,-0.35348358244774936
julgado,5,6,0.005988023952095809,0.00850546780072904,-0.35348358244774936
escolher,5,6,0.005988023952095809,0.00850546780072904,-0.35348358244774936
roberto barroso,5,6,0.005988023952095809,0.00850546780072904,-0.35348358244774936
jornalismo,5,6,0.005988023952095809,0.00850546780072904,-0.35348358244774936
banda,5,6,0.005988023952095809,0.00850546780072904,-0.35348358244774936
condenado prisao,5,6,0.005988023952095809,0.00850546780072904,-0.35348358244774936
longo alcance,5,6,0.005988023952095809,0.00850546780072904,-0.35348358244774936
assessores,5,6,0.005988023952095809,0.00850546780072904,-0.35348358244774936
percebeu,5,6,0.005988023952095809,0.00850546780072904,-0.35348358244774936
amazonas,5,6,0.005988023952095809,0.00850546780072904,-0.35348358244774936
federacao,5,6,0.005988023952095809,0.00850546780072904,-0.35348358244774936
atender,5,6,0.005988023952095809,0.00850546780072904,-0.35348358244774936
londres,5,6,0.005988023952095809,0.00850546780072904,-0.35348358244774936
mira,5,6,0.005988023952095809,0.00850546780072904,-0.35348358244774936
tona,5,6,0.005988023952095809,0.00850546780072904,-0.35348358244774936
ressaltou,5,6,0.005988023952095809,0.00850546780072904,-0.35348358244774936
marcou,5,6,0.005988023952095809,0.00850546780072904,-0.35348358244774936
avanco,5,6,0.005988023952095809,0.00850546780072904,-0.35348358244774936
autorizado,5,6,0.005988023952095809,0.00850546780072904,-0.35348358244774936
carnaval,5,6,0.005988023952095809,0.00850546780072904,-0.35348358244774936
nasceu,5,6,0.005988023952095809,0.00850546780072904,-0.35348358244774936
hospitais,5,6,0.005988023952095809,0.00850546780072904,-0.35348358244774936
negociar,5,6,0.005988023952095809,0.00850546780072904,-0.35348358244774936
navio,5,6,0.005988023952095809,0.00850546780072904,-0.35348358244774936
partido,46,53,0.046906187624750496,0.06561360874848117,-0.3554568158293021
antonio,31,36,0.031936127744510975,0.04495747266099635,-0.35552128891271995
apreensao,11,13,0.011976047904191617,0.01701093560145808,-0.35605670589740157
responsaveis,11,13,0.011976047904191617,0.01701093560145808,-0.35605670589740157
paz,11,13,0.011976047904191617,0.01701093560145808,-0.35605670589740157
associacao,11,13,0.011976047904191617,0.01701093560145808,-0.35605670589740157
carreira,11,13,0.011976047904191617,0.01701093560145808,-0.35605670589740157
tendo,11,13,0.011976047904191617,0.01701093560145808,-0.35605670589740157
ex-governador,11,13,0.011976047904191617,0.01701093560145808,-0.35605670589740157
seguir,11,13,0.011976047904191617,0.01701093560145808,-0.35605670589740157
dizem,17,20,0.017964071856287425,0.02551640340218712,-0.358667969012997
banco,17,20,0.017964071856287425,0.02551640340218712,-0.358667969012997
quase,51,59,0.05189620758483034,0.07290400972053462,-0.36230479695080264
lavagem dinheiro,29,34,0.029940119760479042,0.0425273390036452,-0.36400839442981825
civil,42,49,0.04291417165668663,0.060753341433778855,-0.36643491603059974
viu,16,19,0.016966067864271458,0.024301336573511544,-0.36680585672310206
declaracoes,16,19,0.016966067864271458,0.024301336573511544,-0.36680585672310206
pretende,16,19,0.016966067864271458,0.024301336573511544,-0.36680585672310206
estadual,16,19,0.016966067864271458,0.024301336573511544,-0.36680585672310206
acesso,22,26,0.022954091816367265,0.032806804374240585,-0.3672751067613067
acao,56,65,0.05688622754491018,0.08019441069258809,-0.3684251482481695
vice-presidente,10,12,0.010978043912175649,0.015795868772782502,-0.36873437132666975
veiculos,10,12,0.010978043912175649,0.015795868772782502,-0.36873437132666975
protesto,10,12,0.010978043912175649,0.015795868772782502,-0.36873437132666975
testes,10,12,0.010978043912175649,0.015795868772782502,-0.36873437132666975
presidencia,54,63,0.054890219560878244,0.07776427703523693,-0.3728472139176491
negou,21,25,0.021956087824351298,0.031591737545565005,-0.3737519775375686
chefe,21,25,0.021956087824351298,0.031591737545565005,-0.3737519775375686
periodo,21,25,0.021956087824351298,0.031591737545565005,-0.3737519775375686
sede,15,18,0.015968063872255488,0.023086269744835967,-0.37590734235032874
chapa,15,18,0.015968063872255488,0.023086269744835967,-0.37590734235032874
dois,91,105,0.09181636726546906,0.12879708383961117,-0.38001927597430196
identificar,4,5,0.00499001996007984,0.007290400972053463,-0.38143323189579004
estarao,4,5,0.00499001996007984,0.007290400972053463,-0.38143323189579004
seguranca nacional,4,5,0.00499001996007984,0.007290400972053463,-0.38143323189579004
cantor victor,4,5,0.00499001996007984,0.007290400972053463,-0.38143323189579004
lula sera,4,5,0.00499001996007984,0.007290400972053463,-0.38143323189579004
compromissos,4,5,0.00499001996007984,0.007290400972053463,-0.38143323189579004
gustavo,4,5,0.00499001996007984,0.007290400972053463,-0.38143323189579004
destaca,4,5,0.00499001996007984,0.007290400972053463,-0.38143323189579004
fechados,4,5,0.00499001996007984,0.007290400972053463,-0.38143323189579004
decisao juiz,4,5,0.00499001996007984,0.007290400972053463,-0.38143323189579004
mensal,4,5,0.00499001996007984,0.007290400972053463,-0.38143323189579004
selecao,4,5,0.00499001996007984,0.007290400972053463,-0.38143323189579004
linhas,4,5,0.00499001996007984,0.007290400972053463,-0.38143323189579004
ultimo sabado,4,5,0.00499001996007984,0.007290400972053463,-0.38143323189579004
felipe,4,5,0.00499001996007984,0.007290400972053463,-0.38143323189579004
ferimentos,4,5,0.00499001996007984,0.007290400972053463,-0.38143323189579004
privada,4,5,0.00499001996007984,0.007290400972053463,-0.38143323189579004
roubo,4,5,0.00499001996007984,0.007290400972053463,-0.38143323189579004
ficaria,4,5,0.00499001996007984,0.007290400972053463,-0.38143323189579004
ficaram feridas,4,5,0.00499001996007984,0.007290400972053463,-0.38143323189579004
condenado juiz,4,5,0.00499001996007984,0.007290400972053463,-0.38143323189579004
partidos politicos,4,5,0.00499001996007984,0.007290400972053463,-0.38143323189579004
animal,4,5,0.00499001996007984,0.007290400972053463,-0.38143323189579004
bordo,4,5,0.00499001996007984,0.007290400972053463,-0.38143323189579004
atriz,4,5,0.00499001996007984,0.007290400972053463,-0.38143323189579004
tecnico,4,5,0.00499001996007984,0.007290400972053463,-0.38143323189579004
homologacao,4,5,0.00499001996007984,0.007290400972053463,-0.38143323189579004
perda,4,5,0.00499001996007984,0.007290400972053463,-0.38143323189579004
nacionais,4,5,0.00499001996007984,0.007290400972053463,-0.38143323189579004
contrapartida,4,5,0.00499001996007984,0.007290400972053463,-0.38143323189579004
entregues,4,5,0.00499001996007984,0.007290400972053463,-0.38143323189579004
doria psdb,4,5,0.00499001996007984,0.007290400972053463,-0.38143323189579004
prontos,4,5,0.00499001996007984,0.007290400972053463,-0.38143323189579004
post,4,5,0.00499001996007984,0.007290400972053463,-0.38143323189579004
anuncia,4,5,0.00499001996007984,0.007290400972053463,-0.38143323189579004
bolivia,4,5,0.00499001996007984,0.007290400972053463,-0.38143323189579004
alunos,4,5,0.00499001996007984,0.007290400972053463,-0.38143323189579004
muda,4,5,0.00499001996007984,0.007290400972053463,-0.38143323189579004
determina,4,5,0.00499001996007984,0.007290400972053463,-0.38143323189579004
relacionado,4,5,0.00499001996007984,0.007290400972053463,-0.38143323189579004
solicitou,4,5,0.00499001996007984,0.007290400972053463,-0.38143323189579004
ideias,4,5,0.00499001996007984,0.007290400972053463,-0.38143323189579004
deverao,4,5,0.00499001996007984,0.007290400972053463,-0.38143323189579004
incluir,4,5,0.00499001996007984,0.007290400972053463,-0.38143323189579004
juntos,9,11,0.00998003992015968,0.014580801944106925,-0.383776609963415
barbosa,9,11,0.00998003992015968,0.014580801944106925,-0.383776609963415
corrupcao lavagem,9,11,0.00998003992015968,0.014580801944106925,-0.383776609963415
polemica,9,11,0.00998003992015968,0.014580801944106925,-0.383776609963415
recentemente,9,11,0.00998003992015968,0.014580801944106925,-0.383776609963415
condenados,9,11,0.00998003992015968,0.014580801944106925,-0.383776609963415
divulgacao,9,11,0.00998003992015968,0.014580801944106925,-0.383776609963415
dada,9,11,0.00998003992015968,0.014580801944106925,-0.383776609963415
trata-se,9,11,0.00998003992015968,0.014580801944106925,-0.383776609963415
recursos,25,30,0.02594810379241517,0.03766707168894289,-0.38479186106233065
poucos,14,17,0.014970059880239521,0.02187120291616039,-0.3861493188088727
bruno,14,17,0.014970059880239521,0.02187120291616039,-0.3861493188088727
lavagem,30,36,0.03093812375249501,0.04495747266099635,-0.38830038402119627
feitas,19,23,0.01996007984031936,0.02916160388821385,-0.3885519193821456
dela,24,29,0.0249500998003992,0.03645200486026731,-0.39098498720188957
empresarios,18,22,0.018962075848303395,0.027946537059538274,-0.39705262924194873
abuso,18,22,0.018962075848303395,0.027946537059538274,-0.39705262924194873
area,23,28,0.023952095808383235,0.03523693803159174,-0.39766820842621
maria,13,16,0.013972055888223553,0.020656136087484813,-0.39775496968219715
capaz,13,16,0.013972055888223553,0.020656136087484813,-0.39775496968219715
branca,13,16,0.013972055888223553,0.020656136087484813,-0.39775496968219715
mostram,13,16,0.013972055888223553,0.020656136087484813,-0.39775496968219715
rio grande,13,16,0.013972055888223553,0.020656136087484813,-0.39775496968219715
nova,50,60,0.05089820359281437,0.07411907654921021,-0.4006157383077298
processo,62,74,0.06287425149700598,0.0911300121506683,-0.40176588837856375
conversou,8,10,0.008982035928143712,0.013365735115431349,-0.4019010193456456
atuacao,8,10,0.008982035928143712,0.013365735115431349,-0.4019010193456456
pacifico,8,10,0.008982035928143712,0.013365735115431349,-0.4019010193456456
profissionais,8,10,0.008982035928143712,0.013365735115431349,-0.4019010193456456
realizacao,8,10,0.008982035928143712,0.013365735115431349,-0.4019010193456456
responsavel,43,52,0.043912175648702596,0.06439854191980558,-0.4045595427569917
edson fachin,27,33,0.027944111776447105,0.041312272174969626,-0.40480099723761853
dados,22,27,0.022954091816367265,0.03402187120291616,-0.40489982212223286
tentativa,17,21,0.017964071856287425,0.026731470230862697,-0.4064356454460456
pyongyang,17,21,0.017964071856287425,0.026731470230862697,-0.4064356454460456
relator lava,12,15,0.012974051896207584,0.019441069258809233,-0.41101002813100784
suspeito,12,15,0.012974051896207584,0.019441069258809233,-0.41101002813100784
matar,12,15,0.012974051896207584,0.019441069258809233,-0.41101002813100784
relator,40,49,0.04091816367265469,0.060753341433778855,-0.41614629910670864
comecar,16,20,0.016966067864271458,0.02551640340218712,-0.4168421269727811
direitos,16,20,0.016966067864271458,0.02551640340218712,-0.4168421269727811
palacio,25,31,0.02594810379241517,0.038882138517618466,-0.4178039834236831
casa,86,103,0.08682634730538923,0.12636695018226002,-0.4195454880412637
stf supremo,3,4,0.003992015968063872,0.006075334143377886,-0.42203449102292634
imunidade,3,4,0.003992015968063872,0.006075334143377886,-0.42203449102292634
inocentes,3,4,0.003992015968063872,0.006075334143377886,-0.42203449102292634
bastos,3,4,0.003992015968063872,0.006075334143377886,-0.42203449102292634
prefeito joao,3,4,0.003992015968063872,0.006075334143377886,-0.42203449102292634
prende,3,4,0.003992015968063872,0.006075334143377886,-0.42203449102292634
pedido habeas,3,4,0.003992015968063872,0.006075334143377886,-0.42203449102292634
cobrou,3,4,0.003992015968063872,0.006075334143377886,-0.42203449102292634
parceiros,3,4,0.003992015968063872,0.006075334143377886,-0.42203449102292634
ex-ministro fazenda,3,4,0.003992015968063872,0.006075334143377886,-0.42203449102292634
autonomia,3,4,0.003992015968063872,0.006075334143377886,-0.42203449102292634
publicitario,3,4,0.003992015968063872,0.006075334143377886,-0.42203449102292634
trump presidente,3,4,0.003992015968063872,0.006075334143377886,-0.42203449102292634
juridicos,3,4,0.003992015968063872,0.006075334143377886,-0.42203449102292634
acoes militares,3,4,0.003992015968063872,0.006075334143377886,-0.42203449102292634
carga,3,4,0.003992015968063872,0.006075334143377886,-0.42203449102292634
campinas,3,4,0.003992015968063872,0.006075334143377886,-0.42203449102292634
contudo,3,4,0.003992015968063872,0.006075334143377886,-0.42203449102292634
apresentacoes,3,4,0.003992015968063872,0.006075334143377886,-0.42203449102292634
cut,3,4,0.003992015968063872,0.006075334143377886,-0.42203449102292634
cupula pmdb,3,4,0.003992015968063872,0.006075334143377886,-0.42203449102292634
restante,3,4,0.003992015968063872,0.006075334143377886,-0.42203449102292634
respostas,3,4,0.003992015968063872,0.006075334143377886,-0.42203449102292634
conquistar,3,4,0.003992015968063872,0.006075334143377886,-0.42203449102292634
dentro casa,3,4,0.003992015968063872,0.006075334143377886,-0.42203449102292634
liberou,3,4,0.003992015968063872,0.006075334143377886,-0.42203449102292634
exclusividade,3,4,0.003992015968063872,0.006075334143377886,-0.42203449102292634
escala,3,4,0.003992015968063872,0.006075334143377886,-0.42203449102292634
alias,3,4,0.003992015968063872,0.006075334143377886,-0.42203449102292634
detencao,3,4,0.003992015968063872,0.006075334143377886,-0.42203449102292634
movimentacao,3,4,0.003992015968063872,0.006075334143377886,-0.42203449102292634
transferidos,3,4,0.003992015968063872,0.006075334143377886,-0.42203449102292634
protocolada,3,4,0.003992015968063872,0.006075334143377886,-0.42203449102292634
incendio,3,4,0.003992015968063872,0.006075334143377886,-0.42203449102292634
parecia,3,4,0.003992015968063872,0.006075334143377886,-0.42203449102292634
comenta,3,4,0.003992015968063872,0.006075334143377886,-0.42203449102292634
regionais,3,4,0.003992015968063872,0.006075334143377886,-0.42203449102292634
determinado,3,4,0.003992015968063872,0.006075334143377886,-0.42203449102292634
divisao,3,4,0.003992015968063872,0.006075334143377886,-0.42203449102292634
falaram,3,4,0.003992015968063872,0.006075334143377886,-0.42203449102292634
falado,3,4,0.003992015968063872,0.006075334143377886,-0.42203449102292634
facilitar,3,4,0.003992015968063872,0.006075334143377886,-0.42203449102292634
envolvidas,3,4,0.003992015968063872,0.006075334143377886,-0.42203449102292634
envio,3,4,0.003992015968063872,0.006075334143377886,-0.42203449102292634
animais,3,4,0.003992015968063872,0.006075334143377886,-0.42203449102292634
escolheu,3,4,0.003992015968063872,0.006075334143377886,-0.42203449102292634
terras,3,4,0.003992015968063872,0.006075334143377886,-0.42203449102292634
descartou,3,4,0.003992015968063872,0.006075334143377886,-0.42203449102292634
pais precisa,3,4,0.003992015968063872,0.006075334143377886,-0.42203449102292634
intolerancia,3,4,0.003992015968063872,0.006075334143377886,-0.42203449102292634
interlocutores,3,4,0.003992015968063872,0.006075334143377886,-0.42203449102292634
levados,3,4,0.003992015968063872,0.006075334143377886,-0.42203449102292634
kalil filho,3,4,0.003992015968063872,0.006075334143377886,-0.42203449102292634
apontar,3,4,0.003992015968063872,0.006075334143377886,-0.42203449102292634
perigo,3,4,0.003992015968063872,0.006075334143377886,-0.42203449102292634
marqueteiros,3,4,0.003992015968063872,0.006075334143377886,-0.42203449102292634
campanha dilma,3,4,0.003992015968063872,0.006075334143377886,-0.42203449102292634
temer aecio,3,4,0.003992015968063872,0.006075334143377886,-0.42203449102292634
tcu,3,4,0.003992015968063872,0.006075334143377886,-0.42203449102292634
testes nucleares,3,4,0.003992015968063872,0.006075334143377886,-0.42203449102292634
arsenal,3,4,0.003992015968063872,0.006075334143377886,-0.42203449102292634
stf ministra,3,4,0.003992015968063872,0.006075334143377886,-0.42203449102292634
convivencia,3,4,0.003992015968063872,0.006075334143377886,-0.42203449102292634
processados,3,4,0.003992015968063872,0.006075334143377886,-0.42203449102292634
luiz fux,3,4,0.003992015968063872,0.006075334143377886,-0.42203449102292634
tillerson,3,4,0.003992015968063872,0.006075334143377886,-0.42203449102292634
historiador,3,4,0.003992015968063872,0.006075334143377886,-0.42203449102292634
terrorista,3,4,0.003992015968063872,0.006075334143377886,-0.42203449102292634
ficha,3,4,0.003992015968063872,0.006075334143377886,-0.42203449102292634
rex tillerson,3,4,0.003992015968063872,0.006075334143377886,-0.42203449102292634
rex,3,4,0.003992015968063872,0.006075334143377886,-0.42203449102292634
duracao,3,4,0.003992015968063872,0.006075334143377886,-0.42203449102292634
plenario senado,3,4,0.003992015968063872,0.006075334143377886,-0.42203449102292634
conselho nacional,3,4,0.003992015968063872,0.006075334143377886,-0.42203449102292634
punicoes,3,4,0.003992015968063872,0.006075334143377886,-0.42203449102292634
mar japao,3,4,0.003992015968063872,0.006075334143377886,-0.42203449102292634
marcio,3,4,0.003992015968063872,0.006075334143377886,-0.42203449102292634
credito,3,4,0.003992015968063872,0.006075334143377886,-0.42203449102292634
deflagracao,3,4,0.003992015968063872,0.006075334143377886,-0.42203449102292634
comecou volta,3,4,0.003992015968063872,0.006075334143377886,-0.42203449102292634
referentes,3,4,0.003992015968063872,0.006075334143377886,-0.42203449102292634
anteriormente,3,4,0.003992015968063872,0.006075334143377886,-0.42203449102292634
atende,3,4,0.003992015968063872,0.006075334143377886,-0.42203449102292634
viram,3,4,0.003992015968063872,0.006075334143377886,-0.42203449102292634
indicado,3,4,0.003992015968063872,0.006075334143377886,-0.42203449102292634
cenario politico,3,4,0.003992015968063872,0.006075334143377886,-0.42203449102292634
entrevista coletiva,3,4,0.003992015968063872,0.006075334143377886,-0.42203449102292634
gravado,3,4,0.003992015968063872,0.006075334143377886,-0.42203449102292634
praticados,3,4,0.003992015968063872,0.006075334143377886,-0.42203449102292634
mensalao,3,4,0.003992015968063872,0.006075334143377886,-0.42203449102292634
meia,3,4,0.003992015968063872,0.006075334143377886,-0.42203449102292634
crimes comuns,3,4,0.003992015968063872,0.006075334143377886,-0.42203449102292634
acao militar,3,4,0.003992015968063872,0.006075334143377886,-0.42203449102292634
secretario estado,3,4,0.003992015968063872,0.006075334143377886,-0.42203449102292634
encaminhados,3,4,0.003992015968063872,0.006075334143377886,-0.42203449102292634
brutal,3,4,0.003992015968063872,0.006075334143377886,-0.42203449102292634
institucional,3,4,0.003992015968063872,0.006075334143377886,-0.42203449102292634
afastada,3,4,0.003992015968063872,0.006075334143377886,-0.42203449102292634
iguais,3,4,0.003992015968063872,0.006075334143377886,-0.42203449102292634
estado rio,3,4,0.003992015968063872,0.006075334143377886,-0.42203449102292634
abriga,3,4,0.003992015968063872,0.006075334143377886,-0.42203449102292634
inflacao,3,4,0.003992015968063872,0.006075334143377886,-0.42203449102292634
zelotes,3,4,0.003992015968063872,0.006075334143377886,-0.42203449102292634
terem,7,9,0.007984031936127744,0.012150668286755772,-0.424149648422973
acusados,7,9,0.007984031936127744,0.012150668286755772,-0.424149648422973
suspeitas,7,9,0.007984031936127744,0.012150668286755772,-0.424149648422973
ataque quimico,7,9,0.007984031936127744,0.012150668286755772,-0.424149648422973
fechou,7,9,0.007984031936127744,0.012150668286755772,-0.424149648422973
usada,7,9,0.007984031936127744,0.012150668286755772,-0.424149648422973
companhia,7,9,0.007984031936127744,0.012150668286755772,-0.424149648422973
sirio-libanes,7,9,0.007984031936127744,0.012150668286755772,-0.424149648422973
hospital sirio-libanes,7,9,0.007984031936127744,0.012150668286755772,-0.424149648422973
instituicao,7,9,0.007984031936127744,0.012150668286755772,-0.424149648422973
permite,7,9,0.007984031936127744,0.012150668286755772,-0.424149648422973
constitucional,7,9,0.007984031936127744,0.012150668286755772,-0.424149648422973
morreram,11,14,0.011976047904191617,0.018226002430133656,-0.42628643592174953
unidades,11,14,0.011976047904191617,0.018226002430133656,-0.42628643592174953
cidades,11,14,0.011976047904191617,0.018226002430133656,-0.42628643592174953
alem disso,11,14,0.011976047904191617,0.018226002430133656,-0.42628643592174953
comentario,15,19,0.015968063872255488,0.024301336573511544,-0.4284451919700838
anunciou,15,19,0.015968063872255488,0.024301336573511544,-0.4284451919700838
sigilo,15,19,0.015968063872255488,0.024301336573511544,-0.4284451919700838
muitas,15,19,0.015968063872255488,0.024301336573511544,-0.4284451919700838
vitimas,18,23,0.018962075848303395,0.02916160388821385,-0.44086302556239687
forca-tarefa,14,18,0.014970059880239521,0.023086269744835967,-0.44145954831874556
fachin,30,38,0.03093812375249501,0.04738760631834751,-0.4434918895854172
registrou,10,13,0.010978043912175649,0.01701093560145808,-0.4440776740883843
talvez,10,13,0.010978043912175649,0.01701093560145808,-0.4440776740883843
comecaram,10,13,0.010978043912175649,0.01701093560145808,-0.4440776740883843
ilegal,10,13,0.010978043912175649,0.01701093560145808,-0.4440776740883843
espera,10,13,0.010978043912175649,0.01701093560145808,-0.4440776740883843
acoes,25,32,0.02594810379241517,0.040097205346294046,-0.44984066439702364
minas,21,27,0.021956087824351298,0.03402187120291616,-0.4503725138271739
legislativo,6,8,0.006986027944111776,0.010935601458080195,-0.45209679943695846
reino unido,6,8,0.006986027944111776,0.010935601458080195,-0.45209679943695846
entrevista radio,6,8,0.006986027944111776,0.010935601458080195,-0.45209679943695846
previsto,6,8,0.006986027944111776,0.010935601458080195,-0.45209679943695846
gravou,6,8,0.006986027944111776,0.010935601458080195,-0.45209679943695846
ingles,6,8,0.006986027944111776,0.010935601458080195,-0.45209679943695846
submetido,6,8,0.006986027944111776,0.010935601458080195,-0.45209679943695846
orcamento,6,8,0.006986027944111776,0.010935601458080195,-0.45209679943695846
motim,6,8,0.006986027944111776,0.010935601458080195,-0.45209679943695846
fechar,6,8,0.006986027944111776,0.010935601458080195,-0.45209679943695846
interrogatorio,6,8,0.006986027944111776,0.010935601458080195,-0.45209679943695846
comuns,6,8,0.006986027944111776,0.010935601458080195,-0.45209679943695846
aereo,6,8,0.006986027944111776,0.010935601458080195,-0.45209679943695846
irmaos,6,8,0.006986027944111776,0.010935601458080195,-0.45209679943695846
termo,6,8,0.006986027944111776,0.010935601458080195,-0.45209679943695846
repercussao,6,8,0.006986027944111776,0.010935601458080195,-0.45209679943695846
departamento,13,17,0.013972055888223553,0.02187120291616039,-0.4561548486102107
maia,20,26,0.020958083832335328,0.032806804374240585,-0.46028770200188607
rousseff,39,50,0.03992015968063872,0.061968408262454436,-0.46297607925132
partidos,16,21,0.016966067864271458,0.026731470230862697,-0.4646098034058297
manifestacoes,9,12,0.00998003992015968,0.015795868772782502,-0.4650531240858795
condicao,9,12,0.00998003992015968,0.015795868772782502,-0.4650531240858795
cassacao,9,12,0.00998003992015968,0.015795868772782502,-0.4650531240858795
passo,9,12,0.00998003992015968,0.015795868772782502,-0.4650531240858795
festa,9,12,0.00998003992015968,0.015795868772782502,-0.4650531240858795
duas,51,65,0.05189620758483034,0.08019441069258809,-0.46550975460213584
dilma rousseff,38,49,0.038922155688622756,0.060753341433778855,-0.4682357225092031
gerais,12,16,0.012974051896207584,0.020656136087484813,-0.4728745757107631
mercado,12,16,0.012974051896207584,0.020656136087484813,-0.4728745757107631
participou,12,16,0.012974051896207584,0.020656136087484813,-0.4728745757107631
deste,37,48,0.03792415169660679,0.05953827460510328,-0.4737535594050595
envolvendo,22,29,0.022954091816367265,0.03645200486026731,-0.476411586628668
americano,29,38,0.029940119760479042,0.04738760631834751,-0.47731104857752227
campo,15,20,0.015968063872255488,0.02551640340218712,-0.47848146221976284
segue,15,20,0.015968063872255488,0.02551640340218712,-0.47848146221976284
policia civil,15,20,0.015968063872255488,0.02551640340218712,-0.47848146221976284
comando,25,33,0.02594810379241517,0.041312272174969626,-0.48096025216189764
empresas,32,42,0.03293413173652695,0.05224787363304982,-0.481663246434211
tecnicas,2,3,0.0029940119760479044,0.004860267314702308,-0.48635276724726495
marcar,2,3,0.0029940119760479044,0.004860267314702308,-0.48635276724726495
embaixadora,2,3,0.0029940119760479044,0.004860267314702308,-0.48635276724726495
secretario nacional,2,3,0.0029940119760479044,0.004860267314702308,-0.48635276724726495
psicologia,2,3,0.0029940119760479044,0.004860267314702308,-0.48635276724726495
jantar palacio,2,3,0.0029940119760479044,0.004860267314702308,-0.48635276724726495
emenda constitucional,2,3,0.0029940119760479044,0.004860267314702308,-0.48635276724726495
saido,2,3,0.0029940119760479044,0.004860267314702308,-0.48635276724726495
sagrado,2,3,0.0029940119760479044,0.004860267314702308,-0.48635276724726495
caminhos,2,3,0.0029940119760479044,0.004860267314702308,-0.48635276724726495
and,2,3,0.0029940119760479044,0.004860267314702308,-0.48635276724726495
caca,2,3,0.0029940119760479044,0.004860267314702308,-0.48635276724726495
canais,2,3,0.0029940119760479044,0.004860267314702308,-0.48635276724726495
bebida,2,3,0.0029940119760479044,0.004860267314702308,-0.48635276724726495
boletim medico,2,3,0.0029940119760479044,0.004860267314702308,-0.48635276724726495
biografia,2,3,0.0029940119760479044,0.004860267314702308,-0.48635276724726495
iguacu,2,3,0.0029940119760479044,0.004860267314702308,-0.48635276724726495
blairo,2,3,0.0029940119760479044,0.004860267314702308,-0.48635276724726495
joao vaccari,2,3,0.0029940119760479044,0.004860267314702308,-0.48635276724726495
declarados,2,3,0.0029940119760479044,0.004860267314702308,-0.48635276724726495
dedos,2,3,0.0029940119760479044,0.004860267314702308,-0.48635276724726495
politicos pmdb,2,3,0.0029940119760479044,0.004860267314702308,-0.48635276724726495
conversado,2,3,0.0029940119760479044,0.004860267314702308,-0.48635276724726495
advocacia,2,3,0.0029940119760479044,0.004860267314702308,-0.48635276724726495
contravencao,2,3,0.0029940119760479044,0.004860267314702308,-0.48635276724726495
adversario,2,3,0.0029940119760479044,0.004860267314702308,-0.48635276724726495
nega acusacoes,2,3,0.0029940119760479044,0.004860267314702308,-0.48635276724726495
contribuicao,2,3,0.0029940119760479044,0.004860267314702308,-0.48635276724726495
negou tenha,2,3,0.0029940119760479044,0.004860267314702308,-0.48635276724726495
entendem,2,3,0.0029940119760479044,0.004860267314702308,-0.48635276724726495
nicolas,2,3,0.0029940119760479044,0.004860267314702308,-0.48635276724726495
fizesse,2,3,0.0029940119760479044,0.004860267314702308,-0.48635276724726495
lesao corporal,2,3,0.0029940119760479044,0.004860267314702308,-0.48635276724726495
leonardo,2,3,0.0029940119760479044,0.004860267314702308,-0.48635276724726495
enquanto presidente,2,3,0.0029940119760479044,0.004860267314702308,-0.48635276724726495
britanica,2,3,0.0029940119760479044,0.004860267314702308,-0.48635276724726495
aplicativos,2,3,0.0029940119760479044,0.004860267314702308,-0.48635276724726495
encontro temer,2,3,0.0029940119760479044,0.004860267314702308,-0.48635276724726495
surgem,2,3,0.0029940119760479044,0.004860267314702308,-0.48635276724726495
janeiro deste,2,3,0.0029940119760479044,0.004860267314702308,-0.48635276724726495
jaques wagner,2,3,0.0029940119760479044,0.004860267314702308,-0.48635276724726495
jaques,2,3,0.0029940119760479044,0.004860267314702308,-0.48635276724726495
caes,2,3,0.0029940119760479044,0.004860267314702308,-0.48635276724726495
firmar,2,3,0.0029940119760479044,0.004860267314702308,-0.48635276724726495
miguel,2,3,0.0029940119760479044,0.004860267314702308,-0.48635276724726495
ex-ministro governos,2,3,0.0029940119760479044,0.004860267314702308,-0.48635276724726495
ex-prefeito,2,3,0.0029940119760479044,0.004860267314702308,-0.48635276724726495
metais,2,3,0.0029940119760479044,0.004860267314702308,-0.48635276724726495
turne,2,3,0.0029940119760479044,0.004860267314702308,-0.48635276724726495
justica americana,2,3,0.0029940119760479044,0.004860267314702308,-0.48635276724726495
justica paulo,2,3,0.0029940119760479044,0.004860267314702308,-0.48635276724726495
funcao publica,2,3,0.0029940119760479044,0.004860267314702308,-0.48635276724726495
militancia,2,3,0.0029940119760479044,0.004860267314702308,-0.48635276724726495
socorro,2,3,0.0029940119760479044,0.004860267314702308,-0.48635276724726495
fechadas,2,3,0.0029940119760479044,0.004860267314702308,-0.48635276724726495
indevidas,2,3,0.0029940119760479044,0.004860267314702308,-0.48635276724726495
lula reu,2,3,0.0029940119760479044,0.004860267314702308,-0.48635276724726495
lula seja,2,3,0.0029940119760479044,0.004860267314702308,-0.48635276724726495
associacao criminosa,2,3,0.0029940119760479044,0.004860267314702308,-0.48635276724726495
envolvida,2,3,0.0029940119760479044,0.004860267314702308,-0.48635276724726495
computador,2,3,0.0029940119760479044,0.004860267314702308,-0.48635276724726495
ataque armas,2,3,0.0029940119760479044,0.004860267314702308,-0.48635276724726495
ataque eua,2,3,0.0029940119760479044,0.004860267314702308,-0.48635276724726495
cuiaba,2,3,0.0029940119760479044,0.004860267314702308,-0.48635276724726495
presidente partido,2,3,0.0029940119760479044,0.004860267314702308,-0.48635276724726495
acontecimentos,2,3,0.0029940119760479044,0.004860267314702308,-0.48635276724726495
admitir,2,3,0.0029940119760479044,0.004860267314702308,-0.48635276724726495
comprar silencio,2,3,0.0029940119760479044,0.004860267314702308,-0.48635276724726495
compras,2,3,0.0029940119760479044,0.004860267314702308,-0.48635276724726495
recebeu alta,2,3,0.0029940119760479044,0.004860267314702308,-0.48635276724726495
ilustre,2,3,0.0029940119760479044,0.004860267314702308,-0.48635276724726495
imediata,2,3,0.0029940119760479044,0.004860267314702308,-0.48635276724726495
iniciaram,2,3,0.0029940119760479044,0.004860267314702308,-0.48635276724726495
preferencia,2,3,0.0029940119760479044,0.004860267314702308,-0.48635276724726495
cumprindo,2,3,0.0029940119760479044,0.004860267314702308,-0.48635276724726495
concluido,2,3,0.0029940119760479044,0.004860267314702308,-0.48635276724726495
blairo maggi,2,3,0.0029940119760479044,0.004860267314702308,-0.48635276724726495
bill,2,3,0.0029940119760479044,0.004860267314702308,-0.48635276724726495
decidido,2,3,0.0029940119760479044,0.004860267314702308,-0.48635276724726495
datafolha,2,3,0.0029940119760479044,0.004860267314702308,-0.48635276724726495
propina paga,2,3,0.0029940119760479044,0.004860267314702308,-0.48635276724726495
promove,2,3,0.0029940119760479044,0.004860267314702308,-0.48635276724726495
custou,2,3,0.0029940119760479044,0.004860267314702308,-0.48635276724726495
gasto,2,3,0.0029940119760479044,0.004860267314702308,-0.48635276724726495
executivos empresa,2,3,0.0029940119760479044,0.004860267314702308,-0.48635276724726495
avaliou,2,3,0.0029940119760479044,0.004860267314702308,-0.48635276724726495
sucessor,2,3,0.0029940119760479044,0.004860267314702308,-0.48635276724726495
sul eua,2,3,0.0029940119760479044,0.004860267314702308,-0.48635276724726495
bope,2,3,0.0029940119760479044,0.004860267314702308,-0.48635276724726495
senao,2,3,0.0029940119760479044,0.004860267314702308,-0.48635276724726495
angela merkel,2,3,0.0029940119760479044,0.004860267314702308,-0.48635276724726495
incidente,2,3,0.0029940119760479044,0.004860267314702308,-0.48635276724726495
gravaram,2,3,0.0029940119760479044,0.004860267314702308,-0.48635276724726495
impediu,2,3,0.0029940119760479044,0.004860267314702308,-0.48635276724726495
videoconferencia,2,3,0.0029940119760479044,0.004860267314702308,-0.48635276724726495
pressionar,2,3,0.0029940119760479044,0.004860267314702308,-0.48635276724726495
zavascki relator,2,3,0.0029940119760479044,0.004860267314702308,-0.48635276724726495
trama,2,3,0.0029940119760479044,0.004860267314702308,-0.48635276724726495
imparcial,2,3,0.0029940119760479044,0.004860267314702308,-0.48635276724726495
metas,2,3,0.0029940119760479044,0.004860267314702308,-0.48635276724726495
anticorrupcao,2,3,0.0029940119760479044,0.004860267314702308,-0.48635276724726495
antonio carlos,2,3,0.0029940119760479044,0.004860267314702308,-0.48635276724726495
anualmente,2,3,0.0029940119760479044,0.004860267314702308,-0.48635276724726495
inclusao,2,3,0.0029940119760479044,0.004860267314702308,-0.48635276724726495
incomodar,2,3,0.0029940119760479044,0.004860267314702308,-0.48635276724726495
solaris,2,3,0.0029940119760479044,0.004860267314702308,-0.48635276724726495
improvavel,2,3,0.0029940119760479044,0.004860267314702308,-0.48635276724726495
governador minas,2,3,0.0029940119760479044,0.004860267314702308,-0.48635276724726495
brasilia ministro,2,3,0.0029940119760479044,0.004860267314702308,-0.48635276724726495
entrevista concedida,2,3,0.0029940119760479044,0.004860267314702308,-0.48635276724726495
entrevista exclusiva,2,3,0.0029940119760479044,0.004860267314702308,-0.48635276724726495
balanco,2,3,0.0029940119760479044,0.004860267314702308,-0.48635276724726495
baleados,2,3,0.0029940119760479044,0.004860267314702308,-0.48635276724726495
balistico intercontinental,2,3,0.0029940119760479044,0.004860267314702308,-0.48635276724726495
varios paises,2,3,0.0029940119760479044,0.004860267314702308,-0.48635276724726495
vantagens indevidas,2,3,0.0029940119760479044,0.004860267314702308,-0.48635276724726495
desvio dinheiro,2,3,0.0029940119760479044,0.004860267314702308,-0.48635276724726495
texas,2,3,0.0029940119760479044,0.004860267314702308,-0.48635276724726495
partidario,2,3,0.0029940119760479044,0.004860267314702308,-0.48635276724726495
paredes,2,3,0.0029940119760479044,0.004860267314702308,-0.48635276724726495
divisas,2,3,0.0029940119760479044,0.004860267314702308,-0.48635276724726495
hipoteses,2,3,0.0029940119760479044,0.004860267314702308,-0.48635276724726495
hemorragia,2,3,0.0029940119760479044,0.004860267314702308,-0.48635276724726495
ocidental,2,3,0.0029940119760479044,0.004860267314702308,-0.48635276724726495
tratamentos,2,3,0.0029940119760479044,0.004860267314702308,-0.48635276724726495
descreve,2,3,0.0029940119760479044,0.004860267314702308,-0.48635276724726495
interrupcao,2,3,0.0029940119760479044,0.004860267314702308,-0.48635276724726495
internada uti,2,3,0.0029940119760479044,0.004860267314702308,-0.48635276724726495
mandados prisao,2,3,0.0029940119760479044,0.004860267314702308,-0.48635276724726495
ativa lavagem,2,3,0.0029940119760479044,0.004860267314702308,-0.48635276724726495
atirou,2,3,0.0029940119760479044,0.004860267314702308,-0.48635276724726495
alcool,2,3,0.0029940119760479044,0.004860267314702308,-0.48635276724726495
tempo real,2,3,0.0029940119760479044,0.004860267314702308,-0.48635276724726495
treinador,2,3,0.0029940119760479044,0.004860267314702308,-0.48635276724726495
dirigir,2,3,0.0029940119760479044,0.004860267314702308,-0.48635276724726495
discute,2,3,0.0029940119760479044,0.004860267314702308,-0.48635276724726495
tribunais superiores,2,3,0.0029940119760479044,0.004860267314702308,-0.48635276724726495
trf4,2,3,0.0029940119760479044,0.004860267314702308,-0.48635276724726495
comemorou,2,3,0.0029940119760479044,0.004860267314702308,-0.48635276724726495
colocados,2,3,0.0029940119760479044,0.004860267314702308,-0.48635276724726495
atrair,2,3,0.0029940119760479044,0.004860267314702308,-0.48635276724726495
prioridade,2,3,0.0029940119760479044,0.004860267314702308,-0.48635276724726495
acoes penais,2,3,0.0029940119760479044,0.004860267314702308,-0.48635276724726495
acertada,2,3,0.0029940119760479044,0.004860267314702308,-0.48635276724726495
acesso internet,2,3,0.0029940119760479044,0.004860267314702308,-0.48635276724726495
levantar,2,3,0.0029940119760479044,0.004860267314702308,-0.48635276724726495
liberados,2,3,0.0029940119760479044,0.004860267314702308,-0.48635276724726495
liberais,2,3,0.0029940119760479044,0.004860267314702308,-0.48635276724726495
letras,2,3,0.0029940119760479044,0.004860267314702308,-0.48635276724726495
iml,2,3,0.0029940119760479044,0.004860267314702308,-0.48635276724726495
declaracao dada,2,3,0.0029940119760479044,0.004860267314702308,-0.48635276724726495
produtora,2,3,0.0029940119760479044,0.004860267314702308,-0.48635276724726495
iminente,2,3,0.0029940119760479044,0.004860267314702308,-0.48635276724726495
confiar,2,3,0.0029940119760479044,0.004860267314702308,-0.48635276724726495
lula falou,2,3,0.0029940119760479044,0.004860267314702308,-0.48635276724726495
estatistica,2,3,0.0029940119760479044,0.004860267314702308,-0.48635276724726495
ultimas semanas,2,3,0.0029940119760479044,0.004860267314702308,-0.48635276724726495
esforco,2,3,0.0029940119760479044,0.004860267314702308,-0.48635276724726495
especificos,2,3,0.0029940119760479044,0.004860267314702308,-0.48635276724726495
espetaculos,2,3,0.0029940119760479044,0.004860267314702308,-0.48635276724726495
menos pessoas,2,3,0.0029940119760479044,0.004860267314702308,-0.48635276724726495
meses depois,2,3,0.0029940119760479044,0.004860267314702308,-0.48635276724726495
ex-lider,2,3,0.0029940119760479044,0.004860267314702308,-0.48635276724726495
aproximar,2,3,0.0029940119760479044,0.004860267314702308,-0.48635276724726495
meninas,2,3,0.0029940119760479044,0.004860267314702308,-0.48635276724726495
escrita,2,3,0.0029940119760479044,0.004860267314702308,-0.48635276724726495
turismo,2,3,0.0029940119760479044,0.004860267314702308,-0.48635276724726495
premiada pgr,2,3,0.0029940119760479044,0.004860267314702308,-0.48635276724726495
corrente,2,3,0.0029940119760479044,0.004860267314702308,-0.48635276724726495
covardia,2,3,0.0029940119760479044,0.004860267314702308,-0.48635276724726495
adolescentes,2,3,0.0029940119760479044,0.004860267314702308,-0.48635276724726495
acre,2,3,0.0029940119760479044,0.004860267314702308,-0.48635276724726495
cui,2,3,0.0029940119760479044,0.004860267314702308,-0.48635276724726495
ministro-chefe,2,3,0.0029940119760479044,0.004860267314702308,-0.48635276724726495
julgamento chapa,2,3,0.0029940119760479044,0.004860267314702308,-0.48635276724726495
rumos,2,3,0.0029940119760479044,0.004860267314702308,-0.48635276724726495
cassada,2,3,0.0029940119760479044,0.004860267314702308,-0.48635276724726495
rollemberg,2,3,0.0029940119760479044,0.004860267314702308,-0.48635276724726495
carolina,2,3,0.0029940119760479044,0.004860267314702308,-0.48635276724726495
economica federal,2,3,0.0029940119760479044,0.004860267314702308,-0.48635276724726495
elemento,2,3,0.0029940119760479044,0.004860267314702308,-0.48635276724726495
ceder,2,3,0.0029940119760479044,0.004860267314702308,-0.48635276724726495
ficha limpa,2,3,0.0029940119760479044,0.004860267314702308,-0.48635276724726495
quadros,2,3,0.0029940119760479044,0.004860267314702308,-0.48635276724726495
manipulacao,2,3,0.0029940119760479044,0.004860267314702308,-0.48635276724726495
falso testemunho,2,3,0.0029940119760479044,0.004860267314702308,-0.48635276724726495
amazonia,2,3,0.0029940119760479044,0.004860267314702308,-0.48635276724726495
universo,2,3,0.0029940119760479044,0.004860267314702308,-0.48635276724726495
ocidentais,2,3,0.0029940119760479044,0.004860267314702308,-0.48635276724726495
colecao,2,3,0.0029940119760479044,0.004860267314702308,-0.48635276724726495
vida publica,2,3,0.0029940119760479044,0.004860267314702308,-0.48635276724726495
contas publicas,2,3,0.0029940119760479044,0.004860267314702308,-0.48635276724726495
consultor,2,3,0.0029940119760479044,0.004860267314702308,-0.48635276724726495
consulta,2,3,0.0029940119760479044,0.004860267314702308,-0.48635276724726495
encontrados,2,3,0.0029940119760479044,0.004860267314702308,-0.48635276724726495
encaminhar,2,3,0.0029940119760479044,0.004860267314702308,-0.48635276724726495
camarotti,2,3,0.0029940119760479044,0.004860267314702308,-0.48635276724726495
principios,2,3,0.0029940119760479044,0.004860267314702308,-0.48635276724726495
integrante,2,3,0.0029940119760479044,0.004860267314702308,-0.48635276724726495
mantidas,2,3,0.0029940119760479044,0.004860267314702308,-0.48635276724726495
explosivo,2,3,0.0029940119760479044,0.004860267314702308,-0.48635276724726495
explicacoes,2,3,0.0029940119760479044,0.004860267314702308,-0.48635276724726495
mapa,2,3,0.0029940119760479044,0.004860267314702308,-0.48635276724726495
maggi,2,3,0.0029940119760479044,0.004860267314702308,-0.48635276724726495
mae cantor,2,3,0.0029940119760479044,0.004860267314702308,-0.48635276724726495
objetivo evitar,2,3,0.0029940119760479044,0.004860267314702308,-0.48635276724726495
intencao voto,2,3,0.0029940119760479044,0.004860267314702308,-0.48635276724726495
citam,2,3,0.0029940119760479044,0.004860267314702308,-0.48635276724726495
teoria,2,3,0.0029940119760479044,0.004860267314702308,-0.48635276724726495
representacao,2,3,0.0029940119760479044,0.004860267314702308,-0.48635276724726495
rendeu,2,3,0.0029940119760479044,0.004860267314702308,-0.48635276724726495
repassou,2,3,0.0029940119760479044,0.004860267314702308,-0.48635276724726495
civil moreira,2,3,0.0029940119760479044,0.004860267314702308,-0.48635276724726495
renato duque,2,3,0.0029940119760479044,0.004860267314702308,-0.48635276724726495
pesquisador,2,3,0.0029940119760479044,0.004860267314702308,-0.48635276724726495
petrobras renato,2,3,0.0029940119760479044,0.004860267314702308,-0.48635276724726495
toquio,2,3,0.0029940119760479044,0.004860267314702308,-0.48635276724726495
logo depois,2,3,0.0029940119760479044,0.004860267314702308,-0.48635276724726495
favorecer,2,3,0.0029940119760479044,0.004860267314702308,-0.48635276724726495
chama atencao,2,3,0.0029940119760479044,0.004860267314702308,-0.48635276724726495
resultou,2,3,0.0029940119760479044,0.004860267314702308,-0.48635276724726495
consegui,2,3,0.0029940119760479044,0.004860267314702308,-0.48635276724726495
faccoes criminosas,2,3,0.0029940119760479044,0.004860267314702308,-0.48635276724726495
democracia brasil,2,3,0.0029940119760479044,0.004860267314702308,-0.48635276724726495
grave crise,2,3,0.0029940119760479044,0.004860267314702308,-0.48635276724726495
altamente,2,3,0.0029940119760479044,0.004860267314702308,-0.48635276724726495
validade,2,3,0.0029940119760479044,0.004860267314702308,-0.48635276724726495
vai ficar,2,3,0.0029940119760479044,0.004860267314702308,-0.48635276724726495
otimo,2,3,0.0029940119760479044,0.004860267314702308,-0.48635276724726495
orientado,2,3,0.0029940119760479044,0.004860267314702308,-0.48635276724726495
quatro meses,2,3,0.0029940119760479044,0.004860267314702308,-0.48635276724726495
ora,2,3,0.0029940119760479044,0.004860267314702308,-0.48635276724726495
operacao zelotes,2,3,0.0029940119760479044,0.004860267314702308,-0.48635276724726495
cinco meses,2,3,0.0029940119760479044,0.004860267314702308,-0.48635276724726495
cientista,2,3,0.0029940119760479044,0.004860267314702308,-0.48635276724726495
resgatar,2,3,0.0029940119760479044,0.004860267314702308,-0.48635276724726495
itapetininga,2,3,0.0029940119760479044,0.004860267314702308,-0.48635276724726495
depende,2,3,0.0029940119760479044,0.004860267314702308,-0.48635276724726495
quase horas,2,3,0.0029940119760479044,0.004860267314702308,-0.48635276724726495
fachin autorizou,2,3,0.0029940119760479044,0.004860267314702308,-0.48635276724726495
maioria,21,28,0.021956087824351298,0.03523693803159174,-0.48672248704564014
acidente vascular,5,7,0.005988023952095809,0.009720534629404616,-0.48824121679551613
acusada,5,7,0.005988023952095809,0.009720534629404616,-0.48824121679551613
jesus,5,7,0.005988023952095809,0.009720534629404616,-0.48824121679551613
promover,5,7,0.005988023952095809,0.009720534629404616,-0.48824121679551613
ex-primeira-dama marisa,5,7,0.005988023952095809,0.009720534629404616,-0.48824121679551613
preocupa,5,7,0.005988023952095809,0.009720534629404616,-0.48824121679551613
contar,5,7,0.005988023952095809,0.009720534629404616,-0.48824121679551613
islamico,5,7,0.005988023952095809,0.009720534629404616,-0.48824121679551613
aviacao,5,7,0.005988023952095809,0.009720534629404616,-0.48824121679551613
efeitos,5,7,0.005988023952095809,0.009720534629404616,-0.48824121679551613
italiano,5,7,0.005988023952095809,0.009720534629404616,-0.48824121679551613
efeito,5,7,0.005988023952095809,0.009720534629404616,-0.48824121679551613
qualquer tipo,5,7,0.005988023952095809,0.009720534629404616,-0.48824121679551613
muita gente,5,7,0.005988023952095809,0.009720534629404616,-0.48824121679551613
presidencia senado,5,7,0.005988023952095809,0.009720534629404616,-0.48824121679551613
professores,5,7,0.005988023952095809,0.009720534629404616,-0.48824121679551613
internada,5,7,0.005988023952095809,0.009720534629404616,-0.48824121679551613
vascular cerebral,5,7,0.005988023952095809,0.009720534629404616,-0.48824121679551613
pdt,5,7,0.005988023952095809,0.009720534629404616,-0.48824121679551613
renda,5,7,0.005988023952095809,0.009720534629404616,-0.48824121679551613
tendencia,5,7,0.005988023952095809,0.009720534629404616,-0.48824121679551613
realidade,8,11,0.008982035928143712,0.014580801944106925,-0.4901446823815405
leva,8,11,0.008982035928143712,0.014580801944106925,-0.4901446823815405
escola,8,11,0.008982035928143712,0.014580801944106925,-0.4901446823815405
pequena,8,11,0.008982035928143712,0.014580801944106925,-0.4901446823815405
importantes,8,11,0.008982035928143712,0.014580801944106925,-0.4901446823815405
perguntas,8,11,0.008982035928143712,0.014580801944106925,-0.4901446823815405
dupla,8,11,0.008982035928143712,0.014580801944106925,-0.4901446823815405
diferentes,8,11,0.008982035928143712,0.014580801944106925,-0.4901446823815405
presidente eua,8,11,0.008982035928143712,0.014580801944106925,-0.4901446823815405
autorizou,11,15,0.011976047904191617,0.019441069258809233,-0.4920633473104674
discutir,11,15,0.011976047904191617,0.019441069258809233,-0.4920633473104674
completa,11,15,0.011976047904191617,0.019441069258809233,-0.4920633473104674
sentido,11,15,0.011976047904191617,0.019441069258809233,-0.4920633473104674
negocios,11,15,0.011976047904191617,0.019441069258809233,-0.4920633473104674
queda,14,19,0.014970059880239521,0.024301336573511544,-0.4939973979385006
ministro edson,14,19,0.014970059880239521,0.024301336573511544,-0.4939973979385006
lancamento,14,19,0.014970059880239521,0.024301336573511544,-0.4939973979385006
passiva,17,23,0.017964071856287425,0.02916160388821385,-0.49594702373775945
contratos,17,23,0.017964071856287425,0.02916160388821385,-0.49594702373775945
corrupcao passiva,17,23,0.017964071856287425,0.02916160388821385,-0.49594702373775945
documento,19,26,0.01996007984031936,0.032806804374240585,-0.510096714960421
novos,19,26,0.01996007984031936,0.032806804374240585,-0.510096714960421
uso,19,26,0.01996007984031936,0.032806804374240585,-0.510096714960421
plano,16,22,0.016966067864271458,0.027946537059538274,-0.5103107853770954
uniao,22,30,0.022954091816367265,0.03766707168894289,-0.5104632392720809
geral,25,34,0.02594810379241517,0.0425273390036452,-0.511216020023145
alcance,13,18,0.013972055888223553,0.023086269744835967,-0.5114650781200836
cargos,13,18,0.013972055888223553,0.023086269744835967,-0.5114650781200836
guaruja,13,18,0.013972055888223553,0.023086269744835967,-0.5114650781200836
cunha pmdb-rj,10,14,0.010978043912175649,0.018226002430133656,-0.5143074041127322
preventiva,10,14,0.010978043912175649,0.018226002430133656,-0.5143074041127322
diferente,10,14,0.010978043912175649,0.018226002430133656,-0.5143074041127322
policia militar,10,14,0.010978043912175649,0.018226002430133656,-0.5143074041127322
paulo,94,122,0.09481037924151696,0.14945321992709598,-0.5173695788436086
assinado,7,10,0.007984031936127744,0.013365735115431349,-0.5206905976134308
fiscal,7,10,0.007984031936127744,0.013365735115431349,-0.5206905976134308
internacionais,7,10,0.007984031936127744,0.013365735115431349,-0.5206905976134308
metropolitana,7,10,0.007984031936127744,0.013365735115431349,-0.5206905976134308
casa branca,7,10,0.007984031936127744,0.013365735115431349,-0.5206905976134308
monica,7,10,0.007984031936127744,0.013365735115431349,-0.5206905976134308
criticou,7,10,0.007984031936127744,0.013365735115431349,-0.5206905976134308
graves,7,10,0.007984031936127744,0.013365735115431349,-0.5206905976134308
mudancas,7,10,0.007984031936127744,0.013365735115431349,-0.5206905976134308
solucao,7,10,0.007984031936127744,0.013365735115431349,-0.5206905976134308
ultimos,27,37,0.027944111776447105,0.046172539489671933,-0.5211092354113087
edson,27,37,0.027944111776447105,0.046172539489671933,-0.5211092354113087
processos,24,33,0.0249500998003992,0.041312272174969626,-0.5212050309448695
longo,21,29,0.021956087824351298,0.03645200486026731,-0.5218842783336091
abril,18,25,0.018962075848303395,0.031591737545565005,-0.5234120002119931
investigado,15,21,0.015968063872255488,0.026731470230862697,-0.5262491386528114
chamado,15,21,0.015968063872255488,0.026731470230862697,-0.5262491386528114
regime,26,36,0.02694610778443114,0.04495747266099635,-0.530561725208536
tornar,12,17,0.012974051896207584,0.02187120291616039,-0.5312744546387766
casa civil,12,17,0.012974051896207584,0.02187120291616039,-0.5312744546387766
busca,23,32,0.023952095808383235,0.040097205346294046,-0.5319304556922848
superior,20,28,0.020958083832335328,0.03523693803159174,-0.5342623905812784
deixar,20,28,0.020958083832335328,0.03523693803159174,-0.5342623905812784
apresentaram,4,6,0.00499001996007984,0.00850546780072904,-0.5368086516189443
zona norte,4,6,0.00499001996007984,0.00850546780072904,-0.5368086516189443
corrupcao petrobras,4,6,0.00499001996007984,0.00850546780072904,-0.5368086516189443
infraestrutura,4,6,0.00499001996007984,0.00850546780072904,-0.5368086516189443
convencer,4,6,0.00499001996007984,0.00850546780072904,-0.5368086516189443
entendeu,4,6,0.00499001996007984,0.00850546780072904,-0.5368086516189443
ensino,4,6,0.00499001996007984,0.00850546780072904,-0.5368086516189443
destaques,4,6,0.00499001996007984,0.00850546780072904,-0.5368086516189443
defesas,4,6,0.00499001996007984,0.00850546780072904,-0.5368086516189443
apoiadores,4,6,0.00499001996007984,0.00850546780072904,-0.5368086516189443
tribunal contas,4,6,0.00499001996007984,0.00850546780072904,-0.5368086516189443
geracao,4,6,0.00499001996007984,0.00850546780072904,-0.5368086516189443
gleisi,4,6,0.00499001996007984,0.00850546780072904,-0.5368086516189443
reagiu,4,6,0.00499001996007984,0.00850546780072904,-0.5368086516189443
leste,4,6,0.00499001996007984,0.00850546780072904,-0.5368086516189443
rosto,4,6,0.00499001996007984,0.00850546780072904,-0.5368086516189443
aplicativo,4,6,0.00499001996007984,0.00850546780072904,-0.5368086516189443
conselheiro,4,6,0.00499001996007984,0.00850546780072904,-0.5368086516189443
ramos,4,6,0.00499001996007984,0.00850546780072904,-0.5368086516189443
permanecer,4,6,0.00499001996007984,0.00850546780072904,-0.5368086516189443
estrutura,4,6,0.00499001996007984,0.00850546780072904,-0.5368086516189443
oab,4,6,0.00499001996007984,0.00850546780072904,-0.5368086516189443
falhas,4,6,0.00499001996007984,0.00850546780072904,-0.5368086516189443
prestou depoimento,4,6,0.00499001996007984,0.00850546780072904,-0.5368086516189443
estudos,4,6,0.00499001996007984,0.00850546780072904,-0.5368086516189443
poucas,4,6,0.00499001996007984,0.00850546780072904,-0.5368086516189443
novo presidente,4,6,0.00499001996007984,0.00850546780072904,-0.5368086516189443
muitas vezes,4,6,0.00499001996007984,0.00850546780072904,-0.5368086516189443
senador romero,4,6,0.00499001996007984,0.00850546780072904,-0.5368086516189443
ferreira,4,6,0.00499001996007984,0.00850546780072904,-0.5368086516189443
assinada,4,6,0.00499001996007984,0.00850546780072904,-0.5368086516189443
filiado,4,6,0.00499001996007984,0.00850546780072904,-0.5368086516189443
assassinato,4,6,0.00499001996007984,0.00850546780072904,-0.5368086516189443
chacina,4,6,0.00499001996007984,0.00850546780072904,-0.5368086516189443
cautelar,4,6,0.00499001996007984,0.00850546780072904,-0.5368086516189443
diariamente,4,6,0.00499001996007984,0.00850546780072904,-0.5368086516189443
incluem,4,6,0.00499001996007984,0.00850546780072904,-0.5368086516189443
participantes,4,6,0.00499001996007984,0.00850546780072904,-0.5368086516189443
abuso poder,4,6,0.00499001996007984,0.00850546780072904,-0.5368086516189443
interna,4,6,0.00499001996007984,0.00850546780072904,-0.5368086516189443
pasta,4,6,0.00499001996007984,0.00850546780072904,-0.5368086516189443
buscar,4,6,0.00499001996007984,0.00850546780072904,-0.5368086516189443
polemicas,4,6,0.00499001996007984,0.00850546780072904,-0.5368086516189443
bombardeio,4,6,0.00499001996007984,0.00850546780072904,-0.5368086516189443
federal brasilia,4,6,0.00499001996007984,0.00850546780072904,-0.5368086516189443
defensores,4,6,0.00499001996007984,0.00850546780072904,-0.5368086516189443
podia,4,6,0.00499001996007984,0.00850546780072904,-0.5368086516189443
inicio manha,4,6,0.00499001996007984,0.00850546780072904,-0.5368086516189443
advogados lula,4,6,0.00499001996007984,0.00850546780072904,-0.5368086516189443
prejudicar,4,6,0.00499001996007984,0.00850546780072904,-0.5368086516189443
pacientes,4,6,0.00499001996007984,0.00850546780072904,-0.5368086516189443
ato,17,24,0.017964071856287425,0.030376670716889428,-0.5380213665744806
americana,17,24,0.017964071856287425,0.030376670716889428,-0.5380213665744806
operacao,106,139,0.10678642714570859,0.1701093560145808,-0.5391424468514634
exercicio,9,13,0.00998003992015968,0.01701093560145808,-0.540396426847594
necessidade,9,13,0.00998003992015968,0.01701093560145808,-0.540396426847594
pedro,9,13,0.00998003992015968,0.01701093560145808,-0.540396426847594
afastar,9,13,0.00998003992015968,0.01701093560145808,-0.540396426847594
corte,22,31,0.022954091816367265,0.038882138517618466,-0.5434753616334334
pedidos,14,20,0.014970059880239521,0.02551640340218712,-0.5440336681881797
base,33,46,0.033932135728542916,0.05710814094775213,-0.5448666441872554
novo,51,70,0.05189620758483034,0.08626974483596597,-0.5451618191046346
noite,47,65,0.04790419161676647,0.08019441069258809,-0.549754149129372
economica,16,23,0.016966067864271458,0.02916160388821385,-0.5541211816975435
zona,16,23,0.016966067864271458,0.02916160388821385,-0.5541211816975435
reuniao,21,30,0.021956087824351298,0.03766707168894289,-0.555935930977022
oliveira pmdb-ce,6,9,0.006986027944111776,0.012150668286755772,-0.5586865715495142
teatro,6,9,0.006986027944111776,0.012150668286755772,-0.5586865715495142
deixaram,6,9,0.006986027944111776,0.012150668286755772,-0.5586865715495142
bernardo campo,6,9,0.006986027944111776,0.012150668286755772,-0.5586865715495142
viagem,6,9,0.006986027944111776,0.012150668286755772,-0.5586865715495142
levaram,6,9,0.006986027944111776,0.012150668286755772,-0.5586865715495142
regiao metropolitana,6,9,0.006986027944111776,0.012150668286755772,-0.5586865715495142
mato grosso,6,9,0.006986027944111776,0.012150668286755772,-0.5586865715495142
rebeliao,6,9,0.006986027944111776,0.012150668286755772,-0.5586865715495142
investimentos,6,9,0.006986027944111776,0.012150668286755772,-0.5586865715495142
legislativa,6,9,0.006986027944111776,0.012150668286755772,-0.5586865715495142
donald trump,36,51,0.036926147704590816,0.06318347509113001,-0.5647655337128596
donald,36,51,0.036926147704590816,0.06318347509113001,-0.5647655337128596
ministerio,79,108,0.07984031936127745,0.1324422843256379,-0.5649835087722717
crise,33,47,0.033932135728542916,0.0583232077764277,-0.5672095442149594
candidato,20,29,0.020958083832335328,0.03645200486026731,-0.5694241818692474
habeas corpus,8,12,0.008982035928143712,0.015795868772782502,-0.571421196504005
habeas,8,12,0.008982035928143712,0.015795868772782502,-0.571421196504005
imovel,8,12,0.008982035928143712,0.015795868772782502,-0.571421196504005
apresentado,8,12,0.008982035928143712,0.015795868772782502,-0.571421196504005
corpus,8,12,0.008982035928143712,0.015795868772782502,-0.571421196504005
natal,8,12,0.008982035928143712,0.015795868772782502,-0.571421196504005
maio,17,25,0.017964071856287425,0.031591737545565005,-0.5784959983873557
disputa,10,15,0.010978043912175649,0.019441069258809233,-0.5800843155014501
agricultura,10,15,0.010978043912175649,0.019441069258809233,-0.5800843155014501
pmdb-rj,10,15,0.010978043912175649,0.019441069258809233,-0.5800843155014501
devera,10,15,0.010978043912175649,0.019441069258809233,-0.5800843155014501
norte-coreano,19,28,0.01996007984031936,0.03523693803159174,-0.5840714035398133
inicio,36,52,0.036926147704590816,0.06439854191980558,-0.5851115873991541
cinco,26,38,0.02694610778443114,0.04738760631834751,-0.5857532307727569
voto,12,18,0.012974051896207584,0.023086269744835967,-0.5865846841486495
seguranca publica,14,21,0.014970059880239521,0.026731470230862697,-0.5918013446212282
palocci,14,21,0.014970059880239521,0.026731470230862697,-0.5918013446212282
investigar,16,24,0.016966067864271458,0.030376670716889428,-0.5961955245342647
minutos,16,24,0.016966067864271458,0.030376670716889428,-0.5961955245342647
porto,18,27,0.018962075848303395,0.03402187120291616,-0.6000325365015984
prestar depoimento,3,5,0.003992015968063872,0.007290400972053463,-0.6055792895596257
ex-chefe,3,5,0.003992015968063872,0.007290400972053463,-0.6055792895596257
sul rio,3,5,0.003992015968063872,0.007290400972053463,-0.6055792895596257
acompanhamento,3,5,0.003992015968063872,0.007290400972053463,-0.6055792895596257
domingos,3,5,0.003992015968063872,0.007290400972053463,-0.6055792895596257
relator processo,3,5,0.003992015968063872,0.007290400972053463,-0.6055792895596257
restricoes,3,5,0.003992015968063872,0.007290400972053463,-0.6055792895596257
fabrica,3,5,0.003992015968063872,0.007290400972053463,-0.6055792895596257
vara criminal,3,5,0.003992015968063872,0.007290400972053463,-0.6055792895596257
predios,3,5,0.003992015968063872,0.007290400972053463,-0.6055792895596257
jato stf,3,5,0.003992015968063872,0.007290400972053463,-0.6055792895596257
filmes,3,5,0.003992015968063872,0.007290400972053463,-0.6055792895596257
saia,3,5,0.003992015968063872,0.007290400972053463,-0.6055792895596257
fossem,3,5,0.003992015968063872,0.007290400972053463,-0.6055792895596257
rogerio,3,5,0.003992015968063872,0.007290400972053463,-0.6055792895596257
passam,3,5,0.003992015968063872,0.007290400972053463,-0.6055792895596257
diretorio,3,5,0.003992015968063872,0.007290400972053463,-0.6055792895596257
passagem,3,5,0.003992015968063872,0.007290400972053463,-0.6055792895596257
terminou,3,5,0.003992015968063872,0.007290400972053463,-0.6055792895596257
pedras,3,5,0.003992015968063872,0.007290400972053463,-0.6055792895596257
eleitorado,3,5,0.003992015968063872,0.007290400972053463,-0.6055792895596257
pudesse,3,5,0.003992015968063872,0.007290400972053463,-0.6055792895596257
democratica,3,5,0.003992015968063872,0.007290400972053463,-0.6055792895596257
eleita,3,5,0.003992015968063872,0.007290400972053463,-0.6055792895596257
senadores deputados,3,5,0.003992015968063872,0.007290400972053463,-0.6055792895596257
reconhecer,3,5,0.003992015968063872,0.007290400972053463,-0.6055792895596257
funcionamento,3,5,0.003992015968063872,0.007290400972053463,-0.6055792895596257
frequentes,3,5,0.003992015968063872,0.007290400972053463,-0.6055792895596257
consideracao,3,5,0.003992015968063872,0.007290400972053463,-0.6055792895596257
argentina,3,5,0.003992015968063872,0.007290400972053463,-0.6055792895596257
protestos,3,5,0.003992015968063872,0.007290400972053463,-0.6055792895596257
identificados,3,5,0.003992015968063872,0.007290400972053463,-0.6055792895596257
agencias,3,5,0.003992015968063872,0.007290400972053463,-0.6055792895596257
nomeado,3,5,0.003992015968063872,0.007290400972053463,-0.6055792895596257
patamar,3,5,0.003992015968063872,0.007290400972053463,-0.6055792895596257
encaminhada,3,5,0.003992015968063872,0.007290400972053463,-0.6055792895596257
recife,3,5,0.003992015968063872,0.007290400972053463,-0.6055792895596257
naquele,3,5,0.003992015968063872,0.007290400972053463,-0.6055792895596257
violencia domestica,3,5,0.003992015968063872,0.007290400972053463,-0.6055792895596257
horario local,3,5,0.003992015968063872,0.007290400972053463,-0.6055792895596257
agredida,3,5,0.003992015968063872,0.007290400972053463,-0.6055792895596257
colaboracao premiada,3,5,0.003992015968063872,0.007290400972053463,-0.6055792895596257
imigrantes,3,5,0.003992015968063872,0.007290400972053463,-0.6055792895596257
inedito,3,5,0.003992015968063872,0.007290400972053463,-0.6055792895596257
ritmo,3,5,0.003992015968063872,0.007290400972053463,-0.6055792895596257
maranhao,3,5,0.003992015968063872,0.007290400972053463,-0.6055792895596257
montante,3,5,0.003992015968063872,0.007290400972053463,-0.6055792895596257
demitida,3,5,0.003992015968063872,0.007290400972053463,-0.6055792895596257
bandeira,3,5,0.003992015968063872,0.007290400972053463,-0.6055792895596257
ex-ministro geddel,3,5,0.003992015968063872,0.007290400972053463,-0.6055792895596257
barrar,3,5,0.003992015968063872,0.007290400972053463,-0.6055792895596257
eua donald,3,5,0.003992015968063872,0.007290400972053463,-0.6055792895596257
imagens mostram,3,5,0.003992015968063872,0.007290400972053463,-0.6055792895596257
e-mails,3,5,0.003992015968063872,0.007290400972053463,-0.6055792895596257
potencial,3,5,0.003992015968063872,0.007290400972053463,-0.6055792895596257
coletiva imprensa,3,5,0.003992015968063872,0.007290400972053463,-0.6055792895596257
conduzido,3,5,0.003992015968063872,0.007290400972053463,-0.6055792895596257
gleisi hoffmann,3,5,0.003992015968063872,0.007290400972053463,-0.6055792895596257
especializada,3,5,0.003992015968063872,0.007290400972053463,-0.6055792895596257
espanhol,3,5,0.003992015968063872,0.007290400972053463,-0.6055792895596257
sexto,3,5,0.003992015968063872,0.007290400972053463,-0.6055792895596257
sessoes,3,5,0.003992015968063872,0.007290400972053463,-0.6055792895596257
tantas,3,5,0.003992015968063872,0.007290400972053463,-0.6055792895596257
taxa,3,5,0.003992015968063872,0.007290400972053463,-0.6055792895596257
anuncio,3,5,0.003992015968063872,0.007290400972053463,-0.6055792895596257
descarta,3,5,0.003992015968063872,0.007290400972053463,-0.6055792895596257
economicos,3,5,0.003992015968063872,0.007290400972053463,-0.6055792895596257
ministro fachin,3,5,0.003992015968063872,0.007290400972053463,-0.6055792895596257
faccao,5,8,0.005988023952095809,0.010935601458080195,-0.6072519996902219
conducao,5,8,0.005988023952095809,0.010935601458080195,-0.6072519996902219
jato supremo,5,8,0.005988023952095809,0.010935601458080195,-0.6072519996902219
governos lula,5,8,0.005988023952095809,0.010935601458080195,-0.6072519996902219
vice,5,8,0.005988023952095809,0.010935601458080195,-0.6072519996902219
abertura inquerito,5,8,0.005988023952095809,0.010935601458080195,-0.6072519996902219
laudo,5,8,0.005988023952095809,0.010935601458080195,-0.6072519996902219
russa,5,8,0.005988023952095809,0.010935601458080195,-0.6072519996902219
trabalhava,5,8,0.005988023952095809,0.010935601458080195,-0.6072519996902219
assinatura,5,8,0.005988023952095809,0.010935601458080195,-0.6072519996902219
regra,5,8,0.005988023952095809,0.010935601458080195,-0.6072519996902219
carne fraca,5,8,0.005988023952095809,0.010935601458080195,-0.6072519996902219
desafio,5,8,0.005988023952095809,0.010935601458080195,-0.6072519996902219
menina,5,8,0.005988023952095809,0.010935601458080195,-0.6072519996902219
monica moura,5,8,0.005988023952095809,0.010935601458080195,-0.6072519996902219
assinou,5,8,0.005988023952095809,0.010935601458080195,-0.6072519996902219
vantagens,5,8,0.005988023952095809,0.010935601458080195,-0.6072519996902219
publicadas,5,8,0.005988023952095809,0.010935601458080195,-0.6072519996902219
decreto,5,8,0.005988023952095809,0.010935601458080195,-0.6072519996902219
receita,5,8,0.005988023952095809,0.010935601458080195,-0.6072519996902219
atuar,5,8,0.005988023952095809,0.010935601458080195,-0.6072519996902219
denuncia,31,46,0.031936127744510975,0.05710814094775213,-0.607555250224542
lider,38,56,0.038922155688622756,0.0692588092345079,-0.6083608637624383
dele,38,56,0.038922155688622756,0.0692588092345079,-0.6083608637624383
ocorre,7,11,0.007984031936127744,0.014580801944106925,-0.6089342606493258
chegam,7,11,0.007984031936127744,0.014580801944106925,-0.6089342606493258
escolha,7,11,0.007984031936127744,0.014580801944106925,-0.6089342606493258
psc-rj,7,11,0.007984031936127744,0.014580801944106925,-0.6089342606493258
disposicao,7,11,0.007984031936127744,0.014580801944106925,-0.6089342606493258
nesta semana,7,11,0.007984031936127744,0.014580801944106925,-0.6089342606493258
continuam,7,11,0.007984031936127744,0.014580801944106925,-0.6089342606493258
bolsonaro psc-rj,7,11,0.007984031936127744,0.014580801944106925,-0.6089342606493258
quarto,7,11,0.007984031936127744,0.014580801944106925,-0.6089342606493258
geraldo alckmin,7,11,0.007984031936127744,0.014580801944106925,-0.6089342606493258
financeiro,9,14,0.00998003992015968,0.018226002430133656,-0.610626156871942
registro,9,14,0.00998003992015968,0.018226002430133656,-0.610626156871942
debate,9,14,0.00998003992015968,0.018226002430133656,-0.610626156871942
alckmin,9,14,0.00998003992015968,0.018226002430133656,-0.610626156871942
realizar,9,14,0.00998003992015968,0.018226002430133656,-0.610626156871942
comunicado,9,14,0.00998003992015968,0.018226002430133656,-0.610626156871942
porto alegre,11,17,0.011976047904191617,0.02187120291616039,-0.6123277738182362
grupos,11,17,0.011976047904191617,0.02187120291616039,-0.6123277738182362
prefeitura,11,17,0.011976047904191617,0.02187120291616039,-0.6123277738182362
rodrigo maia,13,20,0.013972055888223553,0.02551640340218712,-0.6140391979895177
videos,13,20,0.013972055888223553,0.02551640340218712,-0.6140391979895177
divulgado,15,23,0.015968063872255488,0.02916160388821385,-0.6157605169445253
janeiro,48,71,0.04890219560878244,0.08748481166464156,-0.6230550727954962
marco,33,50,0.033932135728542916,0.061968408262454436,-0.6317126453599653
depoimentos,16,25,0.016966067864271458,0.031591737545565005,-0.6366701563471397
pedido,53,79,0.05389221556886228,0.09720534629404617,-0.6367010456468698
primeira vez,14,22,0.014970059880239521,0.027946537059538274,-0.637502326592494
alegre,12,19,0.012974051896207584,0.024301336573511544,-0.6391225337684046
delatores,12,19,0.012974051896207584,0.024301336573511544,-0.6391225337684046
candidatura,10,16,0.010978043912175649,0.020656136087484813,-0.6419488630812054
lancar,10,16,0.010978043912175649,0.020656136087484813,-0.6419488630812054
industria,8,13,0.008982035928143712,0.01701093560145808,-0.6467644992657196
geraldo,8,13,0.008982035928143712,0.01701093560145808,-0.6467644992657196
ambiente,8,13,0.008982035928143712,0.01701093560145808,-0.6467644992657196
prova,8,13,0.008982035928143712,0.01701093560145808,-0.6467644992657196
primeiro,46,70,0.046906187624750496,0.08626974483596597,-0.651507291862147
centro,21,33,0.021956087824351298,0.041312272174969626,-0.652104322076589
executivos,19,30,0.01996007984031936,0.03766707168894289,-0.6532848474711952
comissao,17,27,0.017964071856287425,0.03402187120291616,-0.655116534676961
lancou,6,10,0.006986027944111776,0.013365735115431349,-0.655227520739972
pmdb-ce,6,10,0.006986027944111776,0.013365735115431349,-0.655227520739972
manutencao,6,10,0.006986027944111776,0.013365735115431349,-0.655227520739972
comunidade,6,10,0.006986027944111776,0.013365735115431349,-0.655227520739972
origem,6,10,0.006986027944111776,0.013365735115431349,-0.655227520739972
apresenta,6,10,0.006986027944111776,0.013365735115431349,-0.655227520739972
trabalham,6,10,0.006986027944111776,0.013365735115431349,-0.655227520739972
ministerio publico,47,72,0.04790419161676647,0.08869987849331713,-0.6598488951584303
deixa,13,21,0.013972055888223553,0.026731470230862697,-0.6618068744225662
mudanca,13,21,0.013972055888223553,0.026731470230862697,-0.6618068744225662
procuradoria,13,21,0.013972055888223553,0.026731470230862697,-0.6618068744225662
boa,24,38,0.0249500998003992,0.04738760631834751,-0.6647634529538209
comeca,11,18,0.011976047904191617,0.023086269744835967,-0.6676380033281091
washington,11,18,0.011976047904191617,0.023086269744835967,-0.6676380033281091
interesse,11,18,0.011976047904191617,0.023086269744835967,-0.6676380033281091
vista,11,18,0.011976047904191617,0.023086269744835967,-0.6676380033281091
aguarda,4,7,0.00499001996007984,0.009720534629404616,-0.6715662859667111
juridico,4,7,0.00499001996007984,0.009720534629404616,-0.6715662859667111
obter,4,7,0.00499001996007984,0.009720534629404616,-0.6715662859667111
eleicao presidencial,4,7,0.00499001996007984,0.009720534629404616,-0.6715662859667111
almeida,4,7,0.00499001996007984,0.009720534629404616,-0.6715662859667111
campos,4,7,0.00499001996007984,0.009720534629404616,-0.6715662859667111
financeiras,4,7,0.00499001996007984,0.009720534629404616,-0.6715662859667111
comeco,4,7,0.00499001996007984,0.009720534629404616,-0.6715662859667111
redor,4,7,0.00499001996007984,0.009720534629404616,-0.6715662859667111
tres meses,4,7,0.00499001996007984,0.009720534629404616,-0.6715662859667111
peso,4,7,0.00499001996007984,0.009720534629404616,-0.6715662859667111
temporaria,4,7,0.00499001996007984,0.009720534629404616,-0.6715662859667111
manteve,4,7,0.00499001996007984,0.009720534629404616,-0.6715662859667111
conselho etica,4,7,0.00499001996007984,0.009720534629404616,-0.6715662859667111
estado islamico,4,7,0.00499001996007984,0.009720534629404616,-0.6715662859667111
entrevista estado,4,7,0.00499001996007984,0.009720534629404616,-0.6715662859667111
desempenho,4,7,0.00499001996007984,0.009720534629404616,-0.6715662859667111
ditadura,4,7,0.00499001996007984,0.009720534629404616,-0.6715662859667111
votacoes,4,7,0.00499001996007984,0.009720534629404616,-0.6715662859667111
circunstancias,4,7,0.00499001996007984,0.009720534629404616,-0.6715662859667111
politicas,9,15,0.00998003992015968,0.019441069258809233,-0.6764030682606599
cumprir,9,15,0.00998003992015968,0.019441069258809233,-0.6764030682606599
aponta,9,15,0.00998003992015968,0.019441069258809233,-0.6764030682606599
federal,193,263,0.1936127744510978,0.32077764277035237,-0.6765035294489842
nega,19,31,0.01996007984031936,0.038882138517618466,-0.6862969698325476
antonio palocci,12,20,0.012974051896207584,0.02551640340218712,-0.6891588040180836
empresario joesley,7,12,0.007984031936127744,0.015795868772782502,-0.6902107747717903
salvador,7,12,0.007984031936127744,0.015795868772782502,-0.6902107747717903
atividade,7,12,0.007984031936127744,0.015795868772782502,-0.6902107747717903
material,7,12,0.007984031936127744,0.015795868772782502,-0.6902107747717903
desenvolvimento,7,12,0.007984031936127744,0.015795868772782502,-0.6902107747717903
emprego,7,12,0.007984031936127744,0.015795868772782502,-0.6902107747717903
segunda,33,53,0.033932135728542916,0.06561360874848117,-0.6927646397190461
posicao,10,17,0.010978043912175649,0.02187120291616039,-0.7003487420092189
ponto,10,17,0.010978043912175649,0.02187120291616039,-0.7003487420092189
defendeu,10,17,0.010978043912175649,0.02187120291616039,-0.7003487420092189
silencio,10,17,0.010978043912175649,0.02187120291616039,-0.7003487420092189
tres,53,84,0.05389221556886228,0.10328068043742406,-0.7040778875805911
conselho,18,30,0.018962075848303395,0.03766707168894289,-0.7055959536514465
neste,39,63,0.03992015968063872,0.07776427703523693,-0.7070163025158118
exercicio mandato,2,4,0.0029940119760479044,0.006075334143377886,-0.7107180658117969
surpreendente,2,4,0.0029940119760479044,0.006075334143377886,-0.7107180658117969
vice-presidencia,2,4,0.0029940119760479044,0.006075334143377886,-0.7107180658117969
igualdade,2,4,0.0029940119760479044,0.006075334143377886,-0.7107180658117969
surgiram,2,4,0.0029940119760479044,0.006075334143377886,-0.7107180658117969
surgimento,2,4,0.0029940119760479044,0.006075334143377886,-0.7107180658117969
expulsar,2,4,0.0029940119760479044,0.006075334143377886,-0.7107180658117969
violentos,2,4,0.0029940119760479044,0.006075334143377886,-0.7107180658117969
iniciar,2,4,0.0029940119760479044,0.006075334143377886,-0.7107180658117969
presta,2,4,0.0029940119760479044,0.006075334143377886,-0.7107180658117969
paraiba,2,4,0.0029940119760479044,0.006075334143377886,-0.7107180658117969
parque,2,4,0.0029940119760479044,0.006075334143377886,-0.7107180658117969
presidente casa,2,4,0.0029940119760479044,0.006075334143377886,-0.7107180658117969
velocidade,2,4,0.0029940119760479044,0.006075334143377886,-0.7107180658117969
interrogado,2,4,0.0029940119760479044,0.006075334143377886,-0.7107180658117969
internacional mulher,2,4,0.0029940119760479044,0.006075334143377886,-0.7107180658117969
pagamento milhoes,2,4,0.0029940119760479044,0.006075334143377886,-0.7107180658117969
paradeiro,2,4,0.0029940119760479044,0.006075334143377886,-0.7107180658117969
poder politico,2,4,0.0029940119760479044,0.006075334143377886,-0.7107180658117969
asia,2,4,0.0029940119760479044,0.006075334143377886,-0.7107180658117969
thiago,2,4,0.0029940119760479044,0.006075334143377886,-0.7107180658117969
ascensao,2,4,0.0029940119760479044,0.006075334143377886,-0.7107180658117969
boatos,2,4,0.0029940119760479044,0.006075334143377886,-0.7107180658117969
pentagono,2,4,0.0029940119760479044,0.006075334143377886,-0.7107180658117969
rara,2,4,0.0029940119760479044,0.006075334143377886,-0.7107180658117969
mudam,2,4,0.0029940119760479044,0.006075334143377886,-0.7107180658117969
pequenos,2,4,0.0029940119760479044,0.006075334143377886,-0.7107180658117969
espacos,2,4,0.0029940119760479044,0.006075334143377886,-0.7107180658117969
equipe economica,2,4,0.0029940119760479044,0.006075334143377886,-0.7107180658117969
servidores publicos,2,4,0.0029940119760479044,0.006075334143377886,-0.7107180658117969
escolar,2,4,0.0029940119760479044,0.006075334143377886,-0.7107180658117969
concentracao,2,4,0.0029940119760479044,0.006075334143377886,-0.7107180658117969
desistiu,2,4,0.0029940119760479044,0.006075334143377886,-0.7107180658117969
desrespeito,2,4,0.0029940119760479044,0.006075334143377886,-0.7107180658117969
pmdb-al presidencia,2,4,0.0029940119760479044,0.006075334143377886,-0.7107180658117969
aumenta,2,4,0.0029940119760479044,0.006075334143377886,-0.7107180658117969
delacoes ex-executivos,2,4,0.0029940119760479044,0.006075334143377886,-0.7107180658117969
atirar,2,4,0.0029940119760479044,0.006075334143377886,-0.7107180658117969
tarde deste,2,4,0.0029940119760479044,0.006075334143377886,-0.7107180658117969
merkel,2,4,0.0029940119760479044,0.006075334143377886,-0.7107180658117969
pereira,2,4,0.0029940119760479044,0.006075334143377886,-0.7107180658117969
destinados,2,4,0.0029940119760479044,0.006075334143377886,-0.7107180658117969
similar,2,4,0.0029940119760479044,0.006075334143377886,-0.7107180658117969
sirio-libanes paulo,2,4,0.0029940119760479044,0.006075334143377886,-0.7107180658117969
sirio bashar,2,4,0.0029940119760479044,0.006075334143377886,-0.7107180658117969
sindrome,2,4,0.0029940119760479044,0.006075334143377886,-0.7107180658117969
quimico siria,2,4,0.0029940119760479044,0.006075334143377886,-0.7107180658117969
atraso,2,4,0.0029940119760479044,0.006075334143377886,-0.7107180658117969
mandato deputado,2,4,0.0029940119760479044,0.006075334143377886,-0.7107180658117969
plenario stf,2,4,0.0029940119760479044,0.006075334143377886,-0.7107180658117969
quase mil,2,4,0.0029940119760479044,0.006075334143377886,-0.7107180658117969
denuncia ministerio,2,4,0.0029940119760479044,0.006075334143377886,-0.7107180658117969
mendonca,2,4,0.0029940119760479044,0.006075334143377886,-0.7107180658117969
mercado financeiro,2,4,0.0029940119760479044,0.006075334143377886,-0.7107180658117969
medida cautelar,2,4,0.0029940119760479044,0.006075334143377886,-0.7107180658117969
estruturadas,2,4,0.0029940119760479044,0.006075334143377886,-0.7107180658117969
baseado,2,4,0.0029940119760479044,0.006075334143377886,-0.7107180658117969
ministro agricultura,2,4,0.0029940119760479044,0.006075334143377886,-0.7107180658117969
metodos,2,4,0.0029940119760479044,0.006075334143377886,-0.7107180658117969
mesa diretora,2,4,0.0029940119760479044,0.006075334143377886,-0.7107180658117969
absolvicao,2,4,0.0029940119760479044,0.006075334143377886,-0.7107180658117969
cristiane,2,4,0.0029940119760479044,0.006075334143377886,-0.7107180658117969
primeira-ministra,2,4,0.0029940119760479044,0.006075334143377886,-0.7107180658117969
intensiva,2,4,0.0029940119760479044,0.006075334143377886,-0.7107180658117969
recebido mil,2,4,0.0029940119760479044,0.006075334143377886,-0.7107180658117969
completo,2,4,0.0029940119760479044,0.006075334143377886,-0.7107180658117969
politica economica,2,4,0.0029940119760479044,0.006075334143377886,-0.7107180658117969
politico economico,2,4,0.0029940119760479044,0.006075334143377886,-0.7107180658117969
politicos autoridades,2,4,0.0029940119760479044,0.006075334143377886,-0.7107180658117969
ponte,2,4,0.0029940119760479044,0.006075334143377886,-0.7107180658117969
financiamentos,2,4,0.0029940119760479044,0.006075334143377886,-0.7107180658117969
recibos,2,4,0.0029940119760479044,0.006075334143377886,-0.7107180658117969
apresentadas,2,4,0.0029940119760479044,0.006075334143377886,-0.7107180658117969
finalidade,2,4,0.0029940119760479044,0.006075334143377886,-0.7107180658117969
temer recebeu,2,4,0.0029940119760479044,0.006075334143377886,-0.7107180658117969
madrugada desta,2,4,0.0029940119760479044,0.006075334143377886,-0.7107180658117969
negam,2,4,0.0029940119760479044,0.006075334143377886,-0.7107180658117969
terapia intensiva,2,4,0.0029940119760479044,0.006075334143377886,-0.7107180658117969
assustador,2,4,0.0029940119760479044,0.006075334143377886,-0.7107180658117969
luto,2,4,0.0029940119760479044,0.006075334143377886,-0.7107180658117969
terco,2,4,0.0029940119760479044,0.006075334143377886,-0.7107180658117969
familiar,2,4,0.0029940119760479044,0.006075334143377886,-0.7107180658117969
fortalecimento,2,4,0.0029940119760479044,0.006075334143377886,-0.7107180658117969
noites,2,4,0.0029940119760479044,0.006075334143377886,-0.7107180658117969
norte presidente,2,4,0.0029940119760479044,0.006075334143377886,-0.7107180658117969
enderecos,2,4,0.0029940119760479044,0.006075334143377886,-0.7107180658117969
tocantins,2,4,0.0029940119760479044,0.006075334143377886,-0.7107180658117969
contratado,2,4,0.0029940119760479044,0.006075334143377886,-0.7107180658117969
lider partido,2,4,0.0029940119760479044,0.006075334143377886,-0.7107180658117969
titular,2,4,0.0029940119760479044,0.006075334143377886,-0.7107180658117969
articulacao,2,4,0.0029940119760479044,0.006075334143377886,-0.7107180658117969
arte,2,4,0.0029940119760479044,0.006075334143377886,-0.7107180658117969
tornando,2,4,0.0029940119760479044,0.006075334143377886,-0.7107180658117969
seguranca estado,2,4,0.0029940119760479044,0.006075334143377886,-0.7107180658117969
seguranca onu,2,4,0.0029940119760479044,0.006075334143377886,-0.7107180658117969
paula,2,4,0.0029940119760479044,0.006075334143377886,-0.7107180658117969
comemorar,2,4,0.0029940119760479044,0.006075334143377886,-0.7107180658117969
rede publica,2,4,0.0029940119760479044,0.006075334143377886,-0.7107180658117969
companhias,2,4,0.0029940119760479044,0.006075334143377886,-0.7107180658117969
semiaberto,2,4,0.0029940119760479044,0.006075334143377886,-0.7107180658117969
cabecas,2,4,0.0029940119760479044,0.006075334143377886,-0.7107180658117969
borges,2,4,0.0029940119760479044,0.006075334143377886,-0.7107180658117969
nega pedido,2,4,0.0029940119760479044,0.006075334143377886,-0.7107180658117969
peemedebistas,2,4,0.0029940119760479044,0.006075334143377886,-0.7107180658117969
levy,2,4,0.0029940119760479044,0.006075334143377886,-0.7107180658117969
libera,2,4,0.0029940119760479044,0.006075334143377886,-0.7107180658117969
peculato,2,4,0.0029940119760479044,0.006075334143377886,-0.7107180658117969
regime semiaberto,2,4,0.0029940119760479044,0.006075334143377886,-0.7107180658117969
capitais,2,4,0.0029940119760479044,0.006075334143377886,-0.7107180658117969
caravana,2,4,0.0029940119760479044,0.006075334143377886,-0.7107180658117969
deficit,2,4,0.0029940119760479044,0.006075334143377886,-0.7107180658117969
define,2,4,0.0029940119760479044,0.006075334143377886,-0.7107180658117969
laranja,2,4,0.0029940119760479044,0.006075334143377886,-0.7107180658117969
tramita,2,4,0.0029940119760479044,0.006075334143377886,-0.7107180658117969
garota,2,4,0.0029940119760479044,0.006075334143377886,-0.7107180658117969
amparo,2,4,0.0029940119760479044,0.006075334143377886,-0.7107180658117969
uniforme,2,4,0.0029940119760479044,0.006075334143377886,-0.7107180658117969
rivais,2,4,0.0029940119760479044,0.006075334143377886,-0.7107180658117969
nunca teve,2,4,0.0029940119760479044,0.006075334143377886,-0.7107180658117969
usuarios,2,4,0.0029940119760479044,0.006075334143377886,-0.7107180658117969
gigante,2,4,0.0029940119760479044,0.006075334143377886,-0.7107180658117969
globais,2,4,0.0029940119760479044,0.006075334143377886,-0.7107180658117969
tornozeleira eletronica,2,4,0.0029940119760479044,0.006075334143377886,-0.7107180658117969
forca nacional,2,4,0.0029940119760479044,0.006075334143377886,-0.7107180658117969
hemorragico,2,4,0.0029940119760479044,0.006075334143377886,-0.7107180658117969
prefeitura paulo,2,4,0.0029940119760479044,0.006075334143377886,-0.7107180658117969
correm,2,4,0.0029940119760479044,0.006075334143377886,-0.7107180658117969
garantia,2,4,0.0029940119760479044,0.006075334143377886,-0.7107180658117969
investigados operacao,2,4,0.0029940119760479044,0.006075334143377886,-0.7107180658117969
justica ccj,2,4,0.0029940119760479044,0.006075334143377886,-0.7107180658117969
grosso sul,2,4,0.0029940119760479044,0.006075334143377886,-0.7107180658117969
israel,2,4,0.0029940119760479044,0.006075334143377886,-0.7107180658117969
alternativas,2,4,0.0029940119760479044,0.006075334143377886,-0.7107180658117969
alema,2,4,0.0029940119760479044,0.006075334143377886,-0.7107180658117969
operacoes estruturadas,2,4,0.0029940119760479044,0.006075334143377886,-0.7107180658117969
oferta,2,4,0.0029940119760479044,0.006075334143377886,-0.7107180658117969
cbn,2,4,0.0029940119760479044,0.006075334143377886,-0.7107180658117969
duras,2,4,0.0029940119760479044,0.006075334143377886,-0.7107180658117969
relevante,2,4,0.0029940119760479044,0.006075334143377886,-0.7107180658117969
parede,2,4,0.0029940119760479044,0.006075334143377886,-0.7107180658117969
divide,2,4,0.0029940119760479044,0.006075334143377886,-0.7107180658117969
dirigiu,2,4,0.0029940119760479044,0.006075334143377886,-0.7107180658117969
dono frigorifico,2,4,0.0029940119760479044,0.006075334143377886,-0.7107180658117969
resistencia,2,4,0.0029940119760479044,0.006075334143377886,-0.7107180658117969
chamaram,2,4,0.0029940119760479044,0.006075334143377886,-0.7107180658117969
pais brasil,2,4,0.0029940119760479044,0.006075334143377886,-0.7107180658117969
novas,16,27,0.016966067864271458,0.03402187120291616,-0.713290692636745
partes,5,9,0.005988023952095809,0.012150668286755772,-0.7138417718027776
saud,5,9,0.005988023952095809,0.012150668286755772,-0.7138417718027776
presidente donald,5,9,0.005988023952095809,0.012150668286755772,-0.7138417718027776
lidar,5,9,0.005988023952095809,0.012150668286755772,-0.7138417718027776
teste nuclear,5,9,0.005988023952095809,0.012150668286755772,-0.7138417718027776
eua coreia,5,9,0.005988023952095809,0.012150668286755772,-0.7138417718027776
barroso,5,9,0.005988023952095809,0.012150668286755772,-0.7138417718027776
meses prisao,5,9,0.005988023952095809,0.012150668286755772,-0.7138417718027776
atingido,5,9,0.005988023952095809,0.012150668286755772,-0.7138417718027776
ribeiro,5,9,0.005988023952095809,0.012150668286755772,-0.7138417718027776
colocado,5,9,0.005988023952095809,0.012150668286755772,-0.7138417718027776
comercial,5,9,0.005988023952095809,0.012150668286755772,-0.7138417718027776
analistas,5,9,0.005988023952095809,0.012150668286755772,-0.7138417718027776
organizado,5,9,0.005988023952095809,0.012150668286755772,-0.7138417718027776
ricardo saud,5,9,0.005988023952095809,0.012150668286755772,-0.7138417718027776
fraude,5,9,0.005988023952095809,0.012150668286755772,-0.7138417718027776
ali,5,9,0.005988023952095809,0.012150668286755772,-0.7138417718027776
intervencao,8,14,0.008982035928143712,0.018226002430133656,-0.7169942292900675
ambito operacao,8,14,0.008982035928143712,0.018226002430133656,-0.7169942292900675
participar,8,14,0.008982035928143712,0.018226002430133656,-0.7169942292900675
tinham,8,14,0.008982035928143712,0.018226002430133656,-0.7169942292900675
decisoes,11,19,0.011976047904191617,0.024301336573511544,-0.7201758529478641
entanto,14,24,0.014970059880239521,0.030376670716889428,-0.7233870657496633
determinou,12,21,0.012974051896207584,0.026731470230862697,-0.7369264804511322
abertura,12,21,0.012974051896207584,0.026731470230862697,-0.7369264804511322
saiu,12,21,0.012974051896207584,0.026731470230862697,-0.7369264804511322
palacio planalto,12,21,0.012974051896207584,0.026731470230862697,-0.7369264804511322
ministro supremo,9,16,0.00998003992015968,0.020656136087484813,-0.7382676158404151
decidir,9,16,0.00998003992015968,0.020656136087484813,-0.7382676158404151
supostamente,9,16,0.00998003992015968,0.020656136087484813,-0.7382676158404151
lava,94,147,0.09481037924151696,0.1798298906439854,-0.7387651414061811
jato,94,147,0.09481037924151696,0.1798298906439854,-0.7387651414061811
manifestacao,6,11,0.006986027944111776,0.014580801944106925,-0.743471183775867
brasileiras,6,11,0.006986027944111776,0.014580801944106925,-0.743471183775867
crescimento,6,11,0.006986027944111776,0.014580801944106925,-0.743471183775867
decadas,6,11,0.006986027944111776,0.014580801944106925,-0.743471183775867
lembra,6,11,0.006986027944111776,0.014580801944106925,-0.743471183775867
retirar,6,11,0.006986027944111776,0.014580801944106925,-0.743471183775867
ex-primeira-dama,6,11,0.006986027944111776,0.014580801944106925,-0.743471183775867
defende,17,30,0.017964071856287425,0.03766707168894289,-0.760679951826809
integracao,3,6,0.003992015968063872,0.00850546780072904,-0.76095470928278
favoravel,3,6,0.003992015968063872,0.00850546780072904,-0.76095470928278
decisao stf,3,6,0.003992015968063872,0.00850546780072904,-0.76095470928278
historica,3,6,0.003992015968063872,0.00850546780072904,-0.76095470928278
garantiu,3,6,0.003992015968063872,0.00850546780072904,-0.76095470928278
nelson,3,6,0.003992015968063872,0.00850546780072904,-0.76095470928278
reis,3,6,0.003992015968063872,0.00850546780072904,-0.76095470928278
conclusao,3,6,0.003992015968063872,0.00850546780072904,-0.76095470928278
empresario marcelo,3,6,0.003992015968063872,0.00850546780072904,-0.76095470928278
mortas,3,6,0.003992015968063872,0.00850546780072904,-0.76095470928278
propina odebrecht,3,6,0.003992015968063872,0.00850546780072904,-0.76095470928278
tradicional,3,6,0.003992015968063872,0.00850546780072904,-0.76095470928278
legado,3,6,0.003992015968063872,0.00850546780072904,-0.76095470928278
controlada,3,6,0.003992015968063872,0.00850546780072904,-0.76095470928278
banco brasil,3,6,0.003992015968063872,0.00850546780072904,-0.76095470928278
alcancar,3,6,0.003992015968063872,0.00850546780072904,-0.76095470928278
aprova,3,6,0.003992015968063872,0.00850546780072904,-0.76095470928278
licitacoes,3,6,0.003992015968063872,0.00850546780072904,-0.76095470928278
exercer,3,6,0.003992015968063872,0.00850546780072904,-0.76095470928278
supostos,3,6,0.003992015968063872,0.00850546780072904,-0.76095470928278
considera,3,6,0.003992015968063872,0.00850546780072904,-0.76095470928278
repassados,3,6,0.003992015968063872,0.00850546780072904,-0.76095470928278
ativos,3,6,0.003992015968063872,0.00850546780072904,-0.76095470928278
demora,3,6,0.003992015968063872,0.00850546780072904,-0.76095470928278
fecharam,3,6,0.003992015968063872,0.00850546780072904,-0.76095470928278
cai,3,6,0.003992015968063872,0.00850546780072904,-0.76095470928278
imposto,3,6,0.003992015968063872,0.00850546780072904,-0.76095470928278
infantil,3,6,0.003992015968063872,0.00850546780072904,-0.76095470928278
decisao ministro,3,6,0.003992015968063872,0.00850546780072904,-0.76095470928278
hoffmann,3,6,0.003992015968063872,0.00850546780072904,-0.76095470928278
preconceito,3,6,0.003992015968063872,0.00850546780072904,-0.76095470928278
critico,3,6,0.003992015968063872,0.00850546780072904,-0.76095470928278
registrada,3,6,0.003992015968063872,0.00850546780072904,-0.76095470928278
negociacao,3,6,0.003992015968063872,0.00850546780072904,-0.76095470928278
eletronica,3,6,0.003992015968063872,0.00850546780072904,-0.76095470928278
necessarios,3,6,0.003992015968063872,0.00850546780072904,-0.76095470928278
segredo,3,6,0.003992015968063872,0.00850546780072904,-0.76095470928278
aplicacao,3,6,0.003992015968063872,0.00850546780072904,-0.76095470928278
lava jato,92,147,0.09281437125748503,0.1798298906439854,-0.7622451839158082
estados,50,84,0.05089820359281437,0.10328068043742406,-0.7643958617109083
final,35,60,0.03592814371257485,0.07411907654921021,-0.7645722042430734
aprovar,7,13,0.007984031936127744,0.01701093560145808,-0.7655540775335048
atos,7,13,0.007984031936127744,0.01701093560145808,-0.7655540775335048
outubro,11,20,0.011976047904191617,0.02551640340218712,-0.7702121231975432
criancas,12,22,0.012974051896207584,0.027946537059538274,-0.7826274624223979
feitos,8,15,0.008982035928143712,0.019441069258809233,-0.7827711406787854
impacto,8,15,0.008982035928143712,0.019441069258809233,-0.7827711406787854
onu,8,15,0.008982035928143712,0.019441069258809233,-0.7827711406787854
mudou,8,15,0.008982035928143712,0.019441069258809233,-0.7827711406787854
chegada,4,8,0.00499001996007984,0.010935601458080195,-0.7905770688614169
inquerito investigar,4,8,0.00499001996007984,0.010935601458080195,-0.7905770688614169
teve acesso,4,8,0.00499001996007984,0.010935601458080195,-0.7905770688614169
proposta emenda,4,8,0.00499001996007984,0.010935601458080195,-0.7905770688614169
relataram,4,8,0.00499001996007984,0.010935601458080195,-0.7905770688614169
parecer,4,8,0.00499001996007984,0.010935601458080195,-0.7905770688614169
homicidios,4,8,0.00499001996007984,0.010935601458080195,-0.7905770688614169
apurou,4,8,0.00499001996007984,0.010935601458080195,-0.7905770688614169
criada,4,8,0.00499001996007984,0.010935601458080195,-0.7905770688614169
inicial,4,8,0.00499001996007984,0.010935601458080195,-0.7905770688614169
peca,4,8,0.00499001996007984,0.010935601458080195,-0.7905770688614169
caso triplex,4,8,0.00499001996007984,0.010935601458080195,-0.7905770688614169
norte-coreanos,4,8,0.00499001996007984,0.010935601458080195,-0.7905770688614169
admite,4,8,0.00499001996007984,0.010935601458080195,-0.7905770688614169
diferenca,4,8,0.00499001996007984,0.010935601458080195,-0.7905770688614169
despacho,4,8,0.00499001996007984,0.010935601458080195,-0.7905770688614169
frigorifico,4,8,0.00499001996007984,0.010935601458080195,-0.7905770688614169
realizou,4,8,0.00499001996007984,0.010935601458080195,-0.7905770688614169
seguida,13,24,0.013972055888223553,0.030376670716889428,-0.7933925955510013
mortes,9,17,0.00998003992015968,0.02187120291616039,-0.7966674947684287
organizacao,18,33,0.018962075848303395,0.041312272174969626,-0.8017643447510134
campanhas,10,19,0.010978043912175649,0.024301336573511544,-0.8081968211388468
passada,10,19,0.010978043912175649,0.024301336573511544,-0.8081968211388468
denunciou,5,10,0.005988023952095809,0.013365735115431349,-0.8103827209932355
tiros,5,10,0.005988023952095809,0.013365735115431349,-0.8103827209932355
presidente dilma,5,10,0.005988023952095809,0.013365735115431349,-0.8103827209932355
fraca,5,10,0.005988023952095809,0.013365735115431349,-0.8103827209932355
ouviu,5,10,0.005988023952095809,0.013365735115431349,-0.8103827209932355
marca,5,10,0.005988023952095809,0.013365735115431349,-0.8103827209932355
confirmada,5,10,0.005988023952095809,0.013365735115431349,-0.8103827209932355
desvio,5,10,0.005988023952095809,0.013365735115431349,-0.8103827209932355
mortos,15,28,0.015968063872255488,0.03523693803159174,-0.811280001102193
unidos,38,68,0.038922155688622756,0.08383961117861483,-0.8152059022577824
falou,16,30,0.016966067864271458,0.03766707168894289,-0.8188541097865931
pagamento,21,39,0.021956087824351298,0.04860267314702309,-0.8222568764294347
avaliacao,6,12,0.006986027944111776,0.015795868772782502,-0.8247476978983315
deflagrada,6,12,0.006986027944111776,0.015795868772782502,-0.8247476978983315
defesa ex-presidente,6,12,0.006986027944111776,0.015795868772782502,-0.8247476978983315
rotina,6,12,0.006986027944111776,0.015795868772782502,-0.8247476978983315
acao penal,6,12,0.006986027944111776,0.015795868772782502,-0.8247476978983315
gestao,12,23,0.012974051896207584,0.02916160388821385,-0.826437858742846
publico federal,22,41,0.022954091816367265,0.05103280680437424,-0.8281318950450429
sete,13,25,0.013972055888223553,0.031591737545565005,-0.8338672273638763
civis,7,14,0.007984031936127744,0.018226002430133656,-0.8357838075578528
venda,7,14,0.007984031936127744,0.018226002430133656,-0.8357838075578528
eleitorais,7,14,0.007984031936127744,0.018226002430133656,-0.8357838075578528
violencia,19,36,0.01996007984031936,0.04495747266099635,-0.8378201550154927
saiba,8,16,0.008982035928143712,0.020656136087484813,-0.8446356882585406
triplex guaruja,8,16,0.008982035928143712,0.020656136087484813,-0.8446356882585406
colaboracao,8,16,0.008982035928143712,0.020656136087484813,-0.8446356882585406
rio,51,92,0.05189620758483034,0.11300121506682867,-0.8447732250239781
ex-ministro,26,49,0.02694610778443114,0.060753341433778855,-0.8483445618342422
aprovacao,9,18,0.00998003992015968,0.023086269744835967,-0.8519777242783015
oito,9,18,0.00998003992015968,0.023086269744835967,-0.8519777242783015
estados unidos,36,67,0.036926147704590816,0.08262454434993925,-0.8540001446218439
sexta,10,20,0.010978043912175649,0.02551640340218712,-0.8582330913885259
cenario,10,20,0.010978043912175649,0.02551640340218712,-0.8582330913885259
donos,10,20,0.010978043912175649,0.02551640340218712,-0.8582330913885259
reu,12,24,0.012974051896207584,0.030376670716889428,-0.8685122015795672
santos,14,28,0.014970059880239521,0.03523693803159174,-0.8768322070706098
dezembro,15,30,0.015968063872255488,0.03766707168894289,-0.8804934450335749
julgamento,19,38,0.01996007984031936,0.04738760631834751,-0.8930116605797136
convocou,2,5,0.0029940119760479044,0.007290400972053463,-0.8942628643484962
reforma trabalhista,2,5,0.0029940119760479044,0.007290400972053463,-0.8942628643484962
europeia,2,5,0.0029940119760479044,0.007290400972053463,-0.8942628643484962
recebia,2,5,0.0029940119760479044,0.007290400972053463,-0.8942628643484962
depoimento policia,2,5,0.0029940119760479044,0.007290400972053463,-0.8942628643484962
tomadas,2,5,0.0029940119760479044,0.007290400972053463,-0.8942628643484962
avalia,2,5,0.0029940119760479044,0.007290400972053463,-0.8942628643484962
autos,2,5,0.0029940119760479044,0.007290400972053463,-0.8942628643484962
cujo,2,5,0.0029940119760479044,0.007290400972053463,-0.8942628643484962
empreendimento,2,5,0.0029940119760479044,0.007290400972053463,-0.8942628643484962
investimento,2,5,0.0029940119760479044,0.007290400972053463,-0.8942628643484962
reforco,2,5,0.0029940119760479044,0.007290400972053463,-0.8942628643484962
alckmin psdb,2,5,0.0029940119760479044,0.007290400972053463,-0.8942628643484962
concordaram,2,5,0.0029940119760479044,0.007290400972053463,-0.8942628643484962
coercitiva,2,5,0.0029940119760479044,0.007290400972053463,-0.8942628643484962
fecharam acordo,2,5,0.0029940119760479044,0.007290400972053463,-0.8942628643484962
poliana bagatini,2,5,0.0029940119760479044,0.007290400972053463,-0.8942628643484962
voltaram,2,5,0.0029940119760479044,0.007290400972053463,-0.8942628643484962
assalto,2,5,0.0029940119760479044,0.007290400972053463,-0.8942628643484962
assassinatos,2,5,0.0029940119760479044,0.007290400972053463,-0.8942628643484962
rota,2,5,0.0029940119760479044,0.007290400972053463,-0.8942628643484962
conselho seguranca,2,5,0.0029940119760479044,0.007290400972053463,-0.8942628643484962
quantos,2,5,0.0029940119760479044,0.007290400972053463,-0.8942628643484962
meados,2,5,0.0029940119760479044,0.007290400972053463,-0.8942628643484962
victor leo,2,5,0.0029940119760479044,0.007290400972053463,-0.8942628643484962
participado,2,5,0.0029940119760479044,0.007290400972053463,-0.8942628643484962
capaz atingir,2,5,0.0029940119760479044,0.007290400972053463,-0.8942628643484962
normas,2,5,0.0029940119760479044,0.007290400972053463,-0.8942628643484962
executivos ex-executivos,2,5,0.0029940119760479044,0.007290400972053463,-0.8942628643484962
nordeste,2,5,0.0029940119760479044,0.007290400972053463,-0.8942628643484962
cumpriu,2,5,0.0029940119760479044,0.007290400972053463,-0.8942628643484962
integram,2,5,0.0029940119760479044,0.007290400972053463,-0.8942628643484962
emprestimo,2,5,0.0029940119760479044,0.007290400972053463,-0.8942628643484962
processos operacao,2,5,0.0029940119760479044,0.007290400972053463,-0.8942628643484962
estrada,2,5,0.0029940119760479044,0.007290400972053463,-0.8942628643484962
bagatini,2,5,0.0029940119760479044,0.007290400972053463,-0.8942628643484962
apuracao,2,5,0.0029940119760479044,0.007290400972053463,-0.8942628643484962
apresentam,2,5,0.0029940119760479044,0.007290400972053463,-0.8942628643484962
tornozeleira,2,5,0.0029940119760479044,0.007290400972053463,-0.8942628643484962
apuracoes,2,5,0.0029940119760479044,0.007290400972053463,-0.8942628643484962
empresario eike,2,5,0.0029940119760479044,0.007290400972053463,-0.8942628643484962
sugestao,2,5,0.0029940119760479044,0.007290400972053463,-0.8942628643484962
pedido prisao,2,5,0.0029940119760479044,0.007290400972053463,-0.8942628643484962
conducao coercitiva,2,5,0.0029940119760479044,0.007290400972053463,-0.8942628643484962
enfrenta,2,5,0.0029940119760479044,0.007290400972053463,-0.8942628643484962
formas,2,5,0.0029940119760479044,0.007290400972053463,-0.8942628643484962
deputados eduardo,2,5,0.0029940119760479044,0.007290400972053463,-0.8942628643484962
braga,2,5,0.0029940119760479044,0.007290400972053463,-0.8942628643484962
expulsao,2,5,0.0029940119760479044,0.007290400972053463,-0.8942628643484962
presidente sirio,2,5,0.0029940119760479044,0.007290400972053463,-0.8942628643484962
datas,2,5,0.0029940119760479044,0.007290400972053463,-0.8942628643484962
odebrecht marcelo,2,5,0.0029940119760479044,0.007290400972053463,-0.8942628643484962
semelhante,2,5,0.0029940119760479044,0.007290400972053463,-0.8942628643484962
compromisso,2,5,0.0029940119760479044,0.007290400972053463,-0.8942628643484962
presidente lula,2,5,0.0029940119760479044,0.007290400972053463,-0.8942628643484962
interino,2,5,0.0029940119760479044,0.007290400972053463,-0.8942628643484962
realizaram,2,5,0.0029940119760479044,0.007290400972053463,-0.8942628643484962
transferencia,3,7,0.003992015968063872,0.009720534629404616,-0.8957123436305467
condenou,3,7,0.003992015968063872,0.009720534629404616,-0.8957123436305467
donos jbs,3,7,0.003992015968063872,0.009720534629404616,-0.8957123436305467
presidente supremo,3,7,0.003992015968063872,0.009720534629404616,-0.8957123436305467
ouvidos,3,7,0.003992015968063872,0.009720534629404616,-0.8957123436305467
julio,3,7,0.003992015968063872,0.009720534629404616,-0.8957123436305467
subiu,3,7,0.003992015968063872,0.009720534629404616,-0.8957123436305467
rejeitou,3,7,0.003992015968063872,0.009720534629404616,-0.8957123436305467
ex-executivos odebrecht,3,7,0.003992015968063872,0.009720534629404616,-0.8957123436305467
planilha,3,7,0.003992015968063872,0.009720534629404616,-0.8957123436305467
pmdb senado,3,7,0.003992015968063872,0.009720534629404616,-0.8957123436305467
acompanha,3,7,0.003992015968063872,0.009720534629404616,-0.8957123436305467
democratico,3,7,0.003992015968063872,0.009720534629404616,-0.8957123436305467
sairam,3,7,0.003992015968063872,0.009720534629404616,-0.8957123436305467
emenda constituicao,3,7,0.003992015968063872,0.009720534629404616,-0.8957123436305467
fechamento,3,7,0.003992015968063872,0.009720534629404616,-0.8957123436305467
nomeacao,3,7,0.003992015968063872,0.009720534629404616,-0.8957123436305467
grande sul,3,7,0.003992015968063872,0.009720534629404616,-0.8957123436305467
franca,4,9,0.00499001996007984,0.012150668286755772,-0.8971668409739726
esporte,4,9,0.00499001996007984,0.012150668286755772,-0.8971668409739726
pedem,4,9,0.00499001996007984,0.012150668286755772,-0.8971668409739726
imoveis,4,9,0.00499001996007984,0.012150668286755772,-0.8971668409739726
sul-coreano,4,9,0.00499001996007984,0.012150668286755772,-0.8971668409739726
forum,4,9,0.00499001996007984,0.012150668286755772,-0.8971668409739726
aberto,4,9,0.00499001996007984,0.012150668286755772,-0.8971668409739726
destaque,4,9,0.00499001996007984,0.012150668286755772,-0.8971668409739726
adversarios,4,9,0.00499001996007984,0.012150668286755772,-0.8971668409739726
universidade,5,11,0.005988023952095809,0.014580801944106925,-0.8986263840291304
boletim,5,11,0.005988023952095809,0.014580801944106925,-0.8986263840291304
entrega,5,11,0.005988023952095809,0.014580801944106925,-0.8986263840291304
negociacoes,5,11,0.005988023952095809,0.014580801944106925,-0.8986263840291304
passiva lavagem,5,11,0.005988023952095809,0.014580801944106925,-0.8986263840291304
litoral,6,13,0.006986027944111776,0.01701093560145808,-0.900091000660046
ocasiao,6,13,0.006986027944111776,0.01701093560145808,-0.900091000660046
segunda instancia,6,13,0.006986027944111776,0.01701093560145808,-0.900091000660046
andre,6,13,0.006986027944111776,0.01701093560145808,-0.900091000660046
areas,6,13,0.006986027944111776,0.01701093560145808,-0.900091000660046
edicao,7,15,0.007984031936127744,0.019441069258809233,-0.9015607189465706
emenda,7,15,0.007984031936127744,0.019441069258809233,-0.9015607189465706
presidente michel,42,81,0.04291417165668663,0.09963547995139732,-0.903409581158042
procuradoria-geral republica,9,19,0.00998003992015968,0.024301336573511544,-0.9045155738980566
producao,9,19,0.00998003992015968,0.024301336573511544,-0.9045155738980566
presidente camara,10,21,0.010978043912175649,0.026731470230862697,-0.9060007678215745
teste,12,25,0.012974051896207584,0.031591737545565005,-0.9089868333924422
evento,14,29,0.014970059880239521,0.03645200486026731,-0.9119939983585788
governador,14,29,0.014970059880239521,0.03645200486026731,-0.9119939983585788
inacio,38,75,0.038922155688622756,0.09234507897934387,-0.9211599208219927
meio,40,79,0.04091816367265469,0.09720534629404617,-0.9257329322221071
passado,25,51,0.02594810379241517,0.06318347509113001,-0.9289213934097083
silva,54,106,0.054890219560878244,0.13001215066828675,-0.945114575454868
primeira,43,86,0.043912175648702596,0.10571081409477522,-0.9453361439783068
eleicao,15,32,0.015968063872255488,0.040097205346294046,-0.9455422483682678
radio,12,26,0.012974051896207584,0.032806804374240585,-0.9479826543211214
setembro,12,26,0.012974051896207584,0.032806804374240585,-0.9479826543211214
discussao,11,24,0.011976047904191617,0.030376670716889428,-0.9495655207590268
suspeita,11,24,0.011976047904191617,0.030376670716889428,-0.9495655207590268
forma,27,56,0.027944111776447105,0.0692588092345079,-0.9510758915612905
questoes,10,22,0.010978043912175649,0.027946537059538274,-0.9517017497928402
junho,10,22,0.010978043912175649,0.027946537059538274,-0.9517017497928402
aumento,9,20,0.00998003992015968,0.02551640340218712,-0.9545518441477356
supremo,55,109,0.05588822355289421,0.1336573511543135,-0.957889823694849
crimes corrupcao,8,18,0.008982035928143712,0.023086269744835967,-0.958345796696427
paulista,7,16,0.007984031936127744,0.020656136087484813,-0.9634252665263259
procuradoria geral,7,16,0.007984031936127744,0.020656136087484813,-0.9634252665263259
moradores,6,14,0.006986027944111776,0.018226002430133656,-0.970320730684394
wesley,6,14,0.006986027944111776,0.018226002430133656,-0.970320730684394
delas,6,14,0.006986027944111776,0.018226002430133656,-0.970320730684394
cerimonia,6,14,0.006986027944111776,0.018226002430133656,-0.970320730684394
tribunal justica,6,14,0.006986027944111776,0.018226002430133656,-0.970320730684394
principais,30,63,0.03093812375249501,0.07776427703523693,-0.9712205697702201
decisao,51,103,0.05189620758483034,0.12636695018226002,-0.9717478074334851
decada,5,12,0.005988023952095809,0.015795868772782502,-0.9799028981515949
meirelles,5,12,0.005988023952095809,0.015795868772782502,-0.9799028981515949
assembleia,5,12,0.005988023952095809,0.015795868772782502,-0.9799028981515949
alvos,5,12,0.005988023952095809,0.015795868772782502,-0.9799028981515949
liminar,5,12,0.005988023952095809,0.015795868772782502,-0.9799028981515949
luiz,49,101,0.0499001996007984,0.12393681652490887,-0.9908757053625414
aprovada,4,10,0.00499001996007984,0.013365735115431349,-0.9937077901644304
durou,4,10,0.00499001996007984,0.013365735115431349,-0.9937077901644304
opcoes,4,10,0.00499001996007984,0.013365735115431349,-0.9937077901644304
eventos,4,10,0.00499001996007984,0.013365735115431349,-0.9937077901644304
professora,4,10,0.00499001996007984,0.013365735115431349,-0.9937077901644304
atuou,4,10,0.00499001996007984,0.013365735115431349,-0.9937077901644304
possiveis,4,10,0.00499001996007984,0.013365735115431349,-0.9937077901644304
camara rodrigo,4,10,0.00499001996007984,0.013365735115431349,-0.9937077901644304
bahia,4,10,0.00499001996007984,0.013365735115431349,-0.9937077901644304
procuradoria-geral,10,23,0.010978043912175649,0.02916160388821385,-0.9955121461132883
ilha,3,8,0.003992015968063872,0.010935601458080195,-1.0147231265252525
teto,3,8,0.003992015968063872,0.010935601458080195,-1.0147231265252525
terror,3,8,0.003992015968063872,0.010935601458080195,-1.0147231265252525
psol,3,8,0.003992015968063872,0.010935601458080195,-1.0147231265252525
cassacao chapa,3,8,0.003992015968063872,0.010935601458080195,-1.0147231265252525
procurado,3,8,0.003992015968063872,0.010935601458080195,-1.0147231265252525
imediato,3,8,0.003992015968063872,0.010935601458080195,-1.0147231265252525
tentativas,3,8,0.003992015968063872,0.010935601458080195,-1.0147231265252525
revisao,3,8,0.003992015968063872,0.010935601458080195,-1.0147231265252525
ministerios,3,8,0.003992015968063872,0.010935601458080195,-1.0147231265252525
apresentacao,3,8,0.003992015968063872,0.010935601458080195,-1.0147231265252525
bloqueio,3,8,0.003992015968063872,0.010935601458080195,-1.0147231265252525
luiz inacio,34,74,0.03493013972055888,0.0911300121506683,-1.018935569525714
operacao lava,42,90,0.04291417165668663,0.11057108140947752,-1.0197699517454142
recurso,7,17,0.007984031936127744,0.02187120291616039,-1.0218251454543394
ex-executivos,7,17,0.007984031936127744,0.02187120291616039,-1.0218251454543394
apesar,12,28,0.012974051896207584,0.03523693803159174,-1.0219573429005138
morreu,11,26,0.011976047904191617,0.032806804374240585,-1.029035973500581
condenacao,11,26,0.011976047904191617,0.032806804374240585,-1.029035973500581
informado,6,15,0.006986027944111776,0.019441069258809233,-1.0360976420731118
medida,15,35,0.015968063872255488,0.04374240583232078,-1.0363583224015613
instancia,14,33,0.014970059880239521,0.041312272174969626,-1.0422140421015587
analise,9,22,0.00998003992015968,0.027946537059538274,-1.04802050255205
distrito,9,22,0.00998003992015968,0.027946537059538274,-1.04802050255205
mundo politico,2,6,0.0029940119760479044,0.00850546780072904,-1.0496382840716505
batista entregou,2,6,0.0029940119760479044,0.00850546780072904,-1.0496382840716505
etapa,2,6,0.0029940119760479044,0.00850546780072904,-1.0496382840716505
distante,2,6,0.0029940119760479044,0.00850546780072904,-1.0496382840716505
diagnostico,2,6,0.0029940119760479044,0.00850546780072904,-1.0496382840716505
juiza,2,6,0.0029940119760479044,0.00850546780072904,-1.0496382840716505
mortes violentas,2,6,0.0029940119760479044,0.00850546780072904,-1.0496382840716505
nascimento,2,6,0.0029940119760479044,0.00850546780072904,-1.0496382840716505
asiatico,2,6,0.0029940119760479044,0.00850546780072904,-1.0496382840716505
contam,2,6,0.0029940119760479044,0.00850546780072904,-1.0496382840716505
terapia,2,6,0.0029940119760479044,0.00850546780072904,-1.0496382840716505
abc,2,6,0.0029940119760479044,0.00850546780072904,-1.0496382840716505
liderado,2,6,0.0029940119760479044,0.00850546780072904,-1.0496382840716505
integra nota,2,6,0.0029940119760479044,0.00850546780072904,-1.0496382840716505
abertos,2,6,0.0029940119760479044,0.00850546780072904,-1.0496382840716505
dois paises,2,6,0.0029940119760479044,0.00850546780072904,-1.0496382840716505
ajudou,2,6,0.0029940119760479044,0.00850546780072904,-1.0496382840716505
alguns deles,2,6,0.0029940119760479044,0.00850546780072904,-1.0496382840716505
cuja,2,6,0.0029940119760479044,0.00850546780072904,-1.0496382840716505
peticao,2,6,0.0029940119760479044,0.00850546780072904,-1.0496382840716505
secretaria-geral presidencia,2,6,0.0029940119760479044,0.00850546780072904,-1.0496382840716505
prisao temporaria,2,6,0.0029940119760479044,0.00850546780072904,-1.0496382840716505
cortes,2,6,0.0029940119760479044,0.00850546780072904,-1.0496382840716505
banco central,2,6,0.0029940119760479044,0.00850546780072904,-1.0496382840716505
disputas,2,6,0.0029940119760479044,0.00850546780072904,-1.0496382840716505
independencia,2,6,0.0029940119760479044,0.00850546780072904,-1.0496382840716505
participaram,2,6,0.0029940119760479044,0.00850546780072904,-1.0496382840716505
indevida,2,6,0.0029940119760479044,0.00850546780072904,-1.0496382840716505
vereadores,2,6,0.0029940119760479044,0.00850546780072904,-1.0496382840716505
lancamento missil,2,6,0.0029940119760479044,0.00850546780072904,-1.0496382840716505
resolucao,2,6,0.0029940119760479044,0.00850546780072904,-1.0496382840716505
partidarios,2,6,0.0029940119760479044,0.00850546780072904,-1.0496382840716505
forca-tarefa lava,2,6,0.0029940119760479044,0.00850546780072904,-1.0496382840716505
antiga,2,6,0.0029940119760479044,0.00850546780072904,-1.0496382840716505
forca-tarefa operacao,2,6,0.0029940119760479044,0.00850546780072904,-1.0496382840716505
recorrer decisao,2,6,0.0029940119760479044,0.00850546780072904,-1.0496382840716505
unir,2,6,0.0029940119760479044,0.00850546780072904,-1.0496382840716505
numeros,5,13,0.005988023952095809,0.01701093560145808,-1.0552462009133095
dem-rj,5,13,0.005988023952095809,0.01701093560145808,-1.0552462009133095
previdencia,12,29,0.012974051896207584,0.03645200486026731,-1.0571191341884827
nove,8,20,0.008982035928143712,0.02551640340218712,-1.0609199165658612
eleitoral,20,47,0.020958083832335328,0.0583232077764277,-1.0623880033964839
investigacao,23,54,0.023952095808383235,0.06682867557715674,-1.0709992917716704
julho,7,18,0.007984031936127744,0.023086269744835967,-1.0771353749642123
espaco,10,25,0.010978043912175649,0.031591737545565005,-1.0780611207628845
desta segunda-feira,4,11,0.00499001996007984,0.014580801944106925,-1.0819514532003254
filme,4,11,0.00499001996007984,0.014580801944106925,-1.0819514532003254
reeleicao,4,11,0.00499001996007984,0.014580801944106925,-1.0819514532003254
eventual,4,11,0.00499001996007984,0.014580801944106925,-1.0819514532003254
seis,16,39,0.016966067864271458,0.04860267314702309,-1.0851750552390058
jornalistas,9,23,0.00998003992015968,0.02916160388821385,-1.091830898872498
inquerito,15,37,0.015968063872255488,0.046172539489671933,-1.092970074306832
sessao,8,21,0.008982035928143712,0.026731470230862697,-1.1086875929989097
reforma previdencia,8,21,0.008982035928143712,0.026731470230862697,-1.1086875929989097
fase,13,33,0.013972055888223553,0.041312272174969626,-1.1122195719028967
procurador-geral,10,26,0.010978043912175649,0.032806804374240585,-1.1170569416915637
abusos,1,4,0.001996007984031936,0.006075334143377886,-1.1171836742535444
preventivas,1,4,0.001996007984031936,0.006075334143377886,-1.1171836742535444
agredir,1,4,0.001996007984031936,0.006075334143377886,-1.1171836742535444
venezuelanos,1,4,0.001996007984031936,0.006075334143377886,-1.1171836742535444
dupla victor,1,4,0.001996007984031936,0.006075334143377886,-1.1171836742535444
idoso,1,4,0.001996007984031936,0.006075334143377886,-1.1171836742535444
janot denunciou,1,4,0.001996007984031936,0.006075334143377886,-1.1171836742535444
jato corte,1,4,0.001996007984031936,0.006075334143377886,-1.1171836742535444
universitario,1,4,0.001996007984031936,0.006075334143377886,-1.1171836742535444
utilizadas,1,4,0.001996007984031936,0.006075334143377886,-1.1171836742535444
numero maior,1,4,0.001996007984031936,0.006075334143377886,-1.1171836742535444
carlos marun,1,4,0.001996007984031936,0.006075334143377886,-1.1171836742535444
rock,1,4,0.001996007984031936,0.006075334143377886,-1.1171836742535444
longos,1,4,0.001996007984031936,0.006075334143377886,-1.1171836742535444
armamentos,1,4,0.001996007984031936,0.006075334143377886,-1.1171836742535444
conservador,1,4,0.001996007984031936,0.006075334143377886,-1.1171836742535444
acolhimento,1,4,0.001996007984031936,0.006075334143377886,-1.1171836742535444
atualizacao,1,4,0.001996007984031936,0.006075334143377886,-1.1171836742535444
faccao criminosa,1,4,0.001996007984031936,0.006075334143377886,-1.1171836742535444
avc hemorragico,1,4,0.001996007984031936,0.006075334143377886,-1.1171836742535444
aviacao civil,1,4,0.001996007984031936,0.006075334143377886,-1.1171836742535444
percepcao,1,4,0.001996007984031936,0.006075334143377886,-1.1171836742535444
matou pessoas,1,4,0.001996007984031936,0.006075334143377886,-1.1171836742535444
motivada,1,4,0.001996007984031936,0.006075334143377886,-1.1171836742535444
motivado,1,4,0.001996007984031936,0.006075334143377886,-1.1171836742535444
pensamento,1,4,0.001996007984031936,0.006075334143377886,-1.1171836742535444
frear,1,4,0.001996007984031936,0.006075334143377886,-1.1171836742535444
dirigida,1,4,0.001996007984031936,0.006075334143377886,-1.1171836742535444
desgaste,1,4,0.001996007984031936,0.006075334143377886,-1.1171836742535444
realiza,1,4,0.001996007984031936,0.006075334143377886,-1.1171836742535444
mostraram,1,4,0.001996007984031936,0.006075334143377886,-1.1171836742535444
franco secretaria-geral,1,4,0.001996007984031936,0.006075334143377886,-1.1171836742535444
apelacao,1,4,0.001996007984031936,0.006075334143377886,-1.1171836742535444
bono,1,4,0.001996007984031936,0.006075334143377886,-1.1171836742535444
negativos,1,4,0.001996007984031936,0.006075334143377886,-1.1171836742535444
reclama,1,4,0.001996007984031936,0.006075334143377886,-1.1171836742535444
economias,1,4,0.001996007984031936,0.006075334143377886,-1.1171836742535444
revolucao,1,4,0.001996007984031936,0.006075334143377886,-1.1171836742535444
processo apura,1,4,0.001996007984031936,0.006075334143377886,-1.1171836742535444
processo lava,1,4,0.001996007984031936,0.006075334143377886,-1.1171836742535444
correspondente,1,4,0.001996007984031936,0.006075334143377886,-1.1171836742535444
creche,1,4,0.001996007984031936,0.006075334143377886,-1.1171836742535444
prisao corrupcao,1,4,0.001996007984031936,0.006075334143377886,-1.1171836742535444
susto,1,4,0.001996007984031936,0.006075334143377886,-1.1171836742535444
embate,1,4,0.001996007984031936,0.006075334143377886,-1.1171836742535444
margem,1,4,0.001996007984031936,0.006075334143377886,-1.1171836742535444
marun,1,4,0.001996007984031936,0.006075334143377886,-1.1171836742535444
massacres,1,4,0.001996007984031936,0.006075334143377886,-1.1171836742535444
suspensa,1,4,0.001996007984031936,0.006075334143377886,-1.1171836742535444
desembargadores,1,4,0.001996007984031936,0.006075334143377886,-1.1171836742535444
perspectivas,1,4,0.001996007984031936,0.006075334143377886,-1.1171836742535444
pessoas mortas,1,4,0.001996007984031936,0.006075334143377886,-1.1171836742535444
jurisdicao,1,4,0.001996007984031936,0.006075334143377886,-1.1171836742535444
justica distrito,1,4,0.001996007984031936,0.006075334143377886,-1.1171836742535444
gabriela,1,4,0.001996007984031936,0.006075334143377886,-1.1171836742535444
trump ataque,1,4,0.001996007984031936,0.006075334143377886,-1.1171836742535444
senadora gleisi,1,4,0.001996007984031936,0.006075334143377886,-1.1171836742535444
desaparecido,1,4,0.001996007984031936,0.006075334143377886,-1.1171836742535444
endurece,1,4,0.001996007984031936,0.006075334143377886,-1.1171836742535444
camara municipal,1,4,0.001996007984031936,0.006075334143377886,-1.1171836742535444
unidade terapia,1,4,0.001996007984031936,0.006075334143377886,-1.1171836742535444
julgados,1,4,0.001996007984031936,0.006075334143377886,-1.1171836742535444
turbulencia,1,4,0.001996007984031936,0.006075334143377886,-1.1171836742535444
condenado lava,1,4,0.001996007984031936,0.006075334143377886,-1.1171836742535444
pedido ministerio,1,4,0.001996007984031936,0.006075334143377886,-1.1171836742535444
discursou,1,4,0.001996007984031936,0.006075334143377886,-1.1171836742535444
setor operacoes,1,4,0.001996007984031936,0.006075334143377886,-1.1171836742535444
seul coreia,1,4,0.001996007984031936,0.006075334143377886,-1.1171836742535444
arredores,1,4,0.001996007984031936,0.006075334143377886,-1.1171836742535444
depoimentos executivos,1,4,0.001996007984031936,0.006075334143377886,-1.1171836742535444
cooperacao,1,4,0.001996007984031936,0.006075334143377886,-1.1171836742535444
copia,1,4,0.001996007984031936,0.006075334143377886,-1.1171836742535444
procurada,1,4,0.001996007984031936,0.006075334143377886,-1.1171836742535444
valor total,1,4,0.001996007984031936,0.006075334143377886,-1.1171836742535444
valorizacao,1,4,0.001996007984031936,0.006075334143377886,-1.1171836742535444
cristiane brasil,1,4,0.001996007984031936,0.006075334143377886,-1.1171836742535444
aliancas,1,4,0.001996007984031936,0.006075334143377886,-1.1171836742535444
barack,1,4,0.001996007984031936,0.006075334143377886,-1.1171836742535444
barack obama,1,4,0.001996007984031936,0.006075334143377886,-1.1171836742535444
conversa presidente,1,4,0.001996007984031936,0.006075334143377886,-1.1171836742535444
destinada,1,4,0.001996007984031936,0.006075334143377886,-1.1171836742535444
eua pacifico,1,4,0.001996007984031936,0.006075334143377886,-1.1171836742535444
meia-noite,1,4,0.001996007984031936,0.006075334143377886,-1.1171836742535444
solicitar,1,4,0.001996007984031936,0.006075334143377886,-1.1171836742535444
transportes,1,4,0.001996007984031936,0.006075334143377886,-1.1171836742535444
leniencia,1,4,0.001996007984031936,0.006075334143377886,-1.1171836742535444
leva-lo,1,4,0.001996007984031936,0.006075334143377886,-1.1171836742535444
sistema penitenciario,1,4,0.001996007984031936,0.006075334143377886,-1.1171836742535444
socios,1,4,0.001996007984031936,0.006075334143377886,-1.1171836742535444
hidreletrica,1,4,0.001996007984031936,0.006075334143377886,-1.1171836742535444
investigam,1,4,0.001996007984031936,0.006075334143377886,-1.1171836742535444
vantagem indevida,1,4,0.001996007984031936,0.006075334143377886,-1.1171836742535444
agressiva,1,4,0.001996007984031936,0.006075334143377886,-1.1171836742535444
destacam,1,4,0.001996007984031936,0.006075334143377886,-1.1171836742535444
enfrentara,1,4,0.001996007984031936,0.006075334143377886,-1.1171836742535444
haley,1,4,0.001996007984031936,0.006075334143377886,-1.1171836742535444
diferenciar,1,4,0.001996007984031936,0.006075334143377886,-1.1171836742535444
nikki,1,4,0.001996007984031936,0.006075334143377886,-1.1171836742535444
nikki haley,1,4,0.001996007984031936,0.006075334143377886,-1.1171836742535444
empresarial,1,4,0.001996007984031936,0.006075334143377886,-1.1171836742535444
pedindo milhoes,1,4,0.001996007984031936,0.006075334143377886,-1.1171836742535444
homologadas,1,4,0.001996007984031936,0.006075334143377886,-1.1171836742535444
procuradores republica,1,4,0.001996007984031936,0.006075334143377886,-1.1171836742535444
amplamente,1,4,0.001996007984031936,0.006075334143377886,-1.1171836742535444
procura,1,4,0.001996007984031936,0.006075334143377886,-1.1171836742535444
dinheiro caso,1,4,0.001996007984031936,0.006075334143377886,-1.1171836742535444
diplomacia,1,4,0.001996007984031936,0.006075334143377886,-1.1171836742535444
cresceram,1,4,0.001996007984031936,0.006075334143377886,-1.1171836742535444
adaptacao,1,4,0.001996007984031936,0.006075334143377886,-1.1171836742535444
adilson,1,4,0.001996007984031936,0.006075334143377886,-1.1171836742535444
intensa,1,4,0.001996007984031936,0.006075334143377886,-1.1171836742535444
lula palocci,1,4,0.001996007984031936,0.006075334143377886,-1.1171836742535444
acompanhou,1,4,0.001996007984031936,0.006075334143377886,-1.1171836742535444
abastecimento,1,4,0.001996007984031936,0.006075334143377886,-1.1171836742535444
incentivos,1,4,0.001996007984031936,0.006075334143377886,-1.1171836742535444
definiu,1,4,0.001996007984031936,0.006075334143377886,-1.1171836742535444
conteudo delacao,1,4,0.001996007984031936,0.006075334143377886,-1.1171836742535444
teste missil,1,4,0.001996007984031936,0.006075334143377886,-1.1171836742535444
consultoria,1,4,0.001996007984031936,0.006075334143377886,-1.1171836742535444
romano,1,4,0.001996007984031936,0.006075334143377886,-1.1171836742535444
temer deputado,1,4,0.001996007984031936,0.006075334143377886,-1.1171836742535444
temer ministros,1,4,0.001996007984031936,0.006075334143377886,-1.1171836742535444
atleta,1,4,0.001996007984031936,0.006075334143377886,-1.1171836742535444
exportacoes,1,4,0.001996007984031936,0.006075334143377886,-1.1171836742535444
instrumentos,1,4,0.001996007984031936,0.006075334143377886,-1.1171836742535444
discussoes,1,4,0.001996007984031936,0.006075334143377886,-1.1171836742535444
odebrecht ex-presidente,1,4,0.001996007984031936,0.006075334143377886,-1.1171836742535444
republica michel,1,4,0.001996007984031936,0.006075334143377886,-1.1171836742535444
republica raquel,1,4,0.001996007984031936,0.006075334143377886,-1.1171836742535444
faz sentido,1,4,0.001996007984031936,0.006075334143377886,-1.1171836742535444
maioria ministros,1,4,0.001996007984031936,0.006075334143377886,-1.1171836742535444
duas empresas,1,4,0.001996007984031936,0.006075334143377886,-1.1171836742535444
inelegivel,1,4,0.001996007984031936,0.006075334143377886,-1.1171836742535444
implementacao,1,4,0.001996007984031936,0.006075334143377886,-1.1171836742535444
instabilidade,1,4,0.001996007984031936,0.006075334143377886,-1.1171836742535444
incluiu,1,4,0.001996007984031936,0.006075334143377886,-1.1171836742535444
pretendia,1,4,0.001996007984031936,0.006075334143377886,-1.1171836742535444
favoraveis,3,9,0.003992015968063872,0.012150668286755772,-1.1213128986378083
palco,3,9,0.003992015968063872,0.012150668286755772,-1.1213128986378083
planejamento,3,9,0.003992015968063872,0.012150668286755772,-1.1213128986378083
retirado,3,9,0.003992015968063872,0.012150668286755772,-1.1213128986378083
quilometros,3,9,0.003992015968063872,0.012150668286755772,-1.1213128986378083
corrida,3,9,0.003992015968063872,0.012150668286755772,-1.1213128986378083
entendimento,3,9,0.003992015968063872,0.012150668286755772,-1.1213128986378083
concessao,3,9,0.003992015968063872,0.012150668286755772,-1.1213128986378083
depoimento juiz,3,9,0.003992015968063872,0.012150668286755772,-1.1213128986378083
sexual,3,9,0.003992015968063872,0.012150668286755772,-1.1213128986378083
contratacao,3,9,0.003992015968063872,0.012150668286755772,-1.1213128986378083
flavio,3,9,0.003992015968063872,0.012150668286755772,-1.1213128986378083
deste domingo,3,9,0.003992015968063872,0.012150668286755772,-1.1213128986378083
aprovou,3,9,0.003992015968063872,0.012150668286755772,-1.1213128986378083
velho,3,9,0.003992015968063872,0.012150668286755772,-1.1213128986378083
setor,12,31,0.012974051896207584,0.038882138517618466,-1.124182909193248
clique,5,14,0.005988023952095809,0.018226002430133656,-1.1254759309376574
conversas,5,14,0.005988023952095809,0.018226002430133656,-1.1254759309376574
clique aqui,5,14,0.005988023952095809,0.018226002430133656,-1.1254759309376574
conteudo,7,19,0.007984031936127744,0.024301336573511544,-1.1296732245839674
fazenda,9,24,0.00998003992015968,0.030376670716889428,-1.1339052417092192
ouvir,9,24,0.00998003992015968,0.030376670716889428,-1.1339052417092192
novembro,11,29,0.011976047904191617,0.03645200486026731,-1.1381724533679423
procurador-geral republica,8,22,0.008982035928143712,0.027946537059538274,-1.1543885749701754
unidade,8,22,0.008982035928143712,0.027946537059538274,-1.1543885749701754
criminal,6,17,0.006986027944111776,0.02187120291616039,-1.1563620685808806
ex-presidente dilma,6,17,0.006986027944111776,0.02187120291616039,-1.1563620685808806
preto,4,12,0.00499001996007984,0.015795868772782502,-1.1632279673227899
premiadas,4,12,0.00499001996007984,0.015795868772782502,-1.1632279673227899
norte-coreano kim,4,12,0.00499001996007984,0.015795868772782502,-1.1632279673227899
fachin relator,4,12,0.00499001996007984,0.015795868772782502,-1.1632279673227899
cassado,4,12,0.00499001996007984,0.015795868772782502,-1.1632279673227899
determinacao,4,12,0.00499001996007984,0.015795868772782502,-1.1632279673227899
grupo odebrecht,4,12,0.00499001996007984,0.015795868772782502,-1.1632279673227899
reforma,15,40,0.015968063872255488,0.04981773997569866,-1.1727849585218513
calheiros pmdb-al,7,20,0.007984031936127744,0.02551640340218712,-1.1797094948336464
pmdb-al,7,20,0.007984031936127744,0.02551640340218712,-1.1797094948336464
republica rodrigo,7,20,0.007984031936127744,0.02551640340218712,-1.1797094948336464
judiciais,2,7,0.0029940119760479044,0.009720534629404616,-1.1843959184194173
oeste,2,7,0.0029940119760479044,0.009720534629404616,-1.1843959184194173
pedido defesa,2,7,0.0029940119760479044,0.009720534629404616,-1.1843959184194173
deputados rodrigo,2,7,0.0029940119760479044,0.009720534629404616,-1.1843959184194173
castro,2,7,0.0029940119760479044,0.009720534629404616,-1.1843959184194173
relator operacao,2,7,0.0029940119760479044,0.009720534629404616,-1.1843959184194173
exploracao,2,7,0.0029940119760479044,0.009720534629404616,-1.1843959184194173
resultados,2,7,0.0029940119760479044,0.009720534629404616,-1.1843959184194173
pacto,2,7,0.0029940119760479044,0.009720534629404616,-1.1843959184194173
cresceu,2,7,0.0029940119760479044,0.009720534629404616,-1.1843959184194173
violentas,2,7,0.0029940119760479044,0.009720534629404616,-1.1843959184194173
participa,2,7,0.0029940119760479044,0.009720534629404616,-1.1843959184194173
adolescente,2,7,0.0029940119760479044,0.009720534629404616,-1.1843959184194173
gaucha,2,7,0.0029940119760479044,0.009720534629404616,-1.1843959184194173
episodios,2,7,0.0029940119760479044,0.009720534629404616,-1.1843959184194173
ofereceu,2,7,0.0029940119760479044,0.009720534629404616,-1.1843959184194173
capitulo,2,7,0.0029940119760479044,0.009720534629404616,-1.1843959184194173
comerciais,2,7,0.0029940119760479044,0.009720534629404616,-1.1843959184194173
sistema prisional,2,7,0.0029940119760479044,0.009720534629404616,-1.1843959184194173
shows,2,7,0.0029940119760479044,0.009720534629404616,-1.1843959184194173
relatam,2,7,0.0029940119760479044,0.009720534629404616,-1.1843959184194173
base aliada,2,7,0.0029940119760479044,0.009720534629404616,-1.1843959184194173
quatro pessoas,2,7,0.0029940119760479044,0.009720534629404616,-1.1843959184194173
tribunais,2,7,0.0029940119760479044,0.009720534629404616,-1.1843959184194173
praca,2,7,0.0029940119760479044,0.009720534629404616,-1.1843959184194173
meio ambiente,2,7,0.0029940119760479044,0.009720534629404616,-1.1843959184194173
envolvimento,2,7,0.0029940119760479044,0.009720534629404616,-1.1843959184194173
stf carmen,2,7,0.0029940119760479044,0.009720534629404616,-1.1843959184194173
batista dono,2,7,0.0029940119760479044,0.009720534629404616,-1.1843959184194173
jbs joesley,2,7,0.0029940119760479044,0.009720534629404616,-1.1843959184194173
relator caso,2,7,0.0029940119760479044,0.009720534629404616,-1.1843959184194173
indice,2,7,0.0029940119760479044,0.009720534629404616,-1.1843959184194173
presidente nacional,2,7,0.0029940119760479044,0.009720534629404616,-1.1843959184194173
pontos,5,15,0.005988023952095809,0.019441069258809233,-1.1912528423263753
lider norte-coreano,5,15,0.005988023952095809,0.019441069258809233,-1.1912528423263753
sabado,14,39,0.014970059880239521,0.04860267314702309,-1.2123665964544044
historico,3,10,0.003992015968063872,0.013365735115431349,-1.2178538478282661
representantes,3,10,0.003992015968063872,0.013365735115431349,-1.2178538478282661
candidato presidencia,3,10,0.003992015968063872,0.013365735115431349,-1.2178538478282661
estudante,3,10,0.003992015968063872,0.013365735115431349,-1.2178538478282661
entao presidente,3,10,0.003992015968063872,0.013365735115431349,-1.2178538478282661
maia dem-rj,4,13,0.00499001996007984,0.01701093560145808,-1.2385712700845044
comercio,4,13,0.00499001996007984,0.01701093560145808,-1.2385712700845044
lula silva,28,76,0.028942115768463075,0.09356014580801944,-1.242168073849454
quatro,23,64,0.023952095808383235,0.07897934386391252,-1.251159723940137
mantem,6,19,0.006986027944111776,0.024301336573511544,-1.2642101477105085
noticiario,1,5,0.001996007984031936,0.007290400972053463,-1.3007284727902437
responsavel processos,1,5,0.001996007984031936,0.007290400972053463,-1.3007284727902437
impeachment presidente,1,5,0.001996007984031936,0.007290400972053463,-1.3007284727902437
pretendem,1,5,0.001996007984031936,0.007290400972053463,-1.3007284727902437
crime organizado,1,5,0.001996007984031936,0.007290400972053463,-1.3007284727902437
viabilizar,1,5,0.001996007984031936,0.007290400972053463,-1.3007284727902437
termina,1,5,0.001996007984031936,0.007290400972053463,-1.3007284727902437
atinge,1,5,0.001996007984031936,0.007290400972053463,-1.3007284727902437
desconhecido,1,5,0.001996007984031936,0.007290400972053463,-1.3007284727902437
estabelece,1,5,0.001996007984031936,0.007290400972053463,-1.3007284727902437
barbalho,1,5,0.001996007984031936,0.007290400972053463,-1.3007284727902437
batizada,1,5,0.001996007984031936,0.007290400972053463,-1.3007284727902437
quase dois,1,5,0.001996007984031936,0.007290400972053463,-1.3007284727902437
colegiado,1,5,0.001996007984031936,0.007290400972053463,-1.3007284727902437
paulo nesta,1,5,0.001996007984031936,0.007290400972053463,-1.3007284727902437
procuradora-geral republica,1,5,0.001996007984031936,0.007290400972053463,-1.3007284727902437
rejeita,1,5,0.001996007984031936,0.007290400972053463,-1.3007284727902437
cruzeiro,1,5,0.001996007984031936,0.007290400972053463,-1.3007284727902437
guam,1,5,0.001996007984031936,0.007290400972053463,-1.3007284727902437
valor milhoes,1,5,0.001996007984031936,0.007290400972053463,-1.3007284727902437
divulgado nesta,1,5,0.001996007984031936,0.007290400972053463,-1.3007284727902437
evidencia,1,5,0.001996007984031936,0.007290400972053463,-1.3007284727902437
batalha,1,5,0.001996007984031936,0.007290400972053463,-1.3007284727902437
superar,1,5,0.001996007984031936,0.007290400972053463,-1.3007284727902437
questionamentos,1,5,0.001996007984031936,0.007290400972053463,-1.3007284727902437
aproximacao,1,5,0.001996007984031936,0.007290400972053463,-1.3007284727902437
homologada,1,5,0.001996007984031936,0.007290400972053463,-1.3007284727902437
abuso sexual,1,5,0.001996007984031936,0.007290400972053463,-1.3007284727902437
religiao,1,5,0.001996007984031936,0.007290400972053463,-1.3007284727902437
investidores,1,5,0.001996007984031936,0.007290400972053463,-1.3007284727902437
investigar presidente,1,5,0.001996007984031936,0.007290400972053463,-1.3007284727902437
harmonia,1,5,0.001996007984031936,0.007290400972053463,-1.3007284727902437
horas depois,1,5,0.001996007984031936,0.007290400972053463,-1.3007284727902437
internas,1,5,0.001996007984031936,0.007290400972053463,-1.3007284727902437
humor,1,5,0.001996007984031936,0.007290400972053463,-1.3007284727902437
pediu nesta,1,5,0.001996007984031936,0.007290400972053463,-1.3007284727902437
tratava,1,5,0.001996007984031936,0.007290400972053463,-1.3007284727902437
ministro herman,1,5,0.001996007984031936,0.007290400972053463,-1.3007284727902437
autorizou abertura,1,5,0.001996007984031936,0.007290400972053463,-1.3007284727902437
superlotacao,1,5,0.001996007984031936,0.007290400972053463,-1.3007284727902437
governador paulo,1,5,0.001996007984031936,0.007290400972053463,-1.3007284727902437
nenhum momento,1,5,0.001996007984031936,0.007290400972053463,-1.3007284727902437
denuncia temer,1,5,0.001996007984031936,0.007290400972053463,-1.3007284727902437
desdobramentos,1,5,0.001996007984031936,0.007290400972053463,-1.3007284727902437
reuniram,1,5,0.001996007984031936,0.007290400972053463,-1.3007284727902437
norma,1,5,0.001996007984031936,0.007290400972053463,-1.3007284727902437
marco deste,1,5,0.001996007984031936,0.007290400972053463,-1.3007284727902437
auxiliar,1,5,0.001996007984031936,0.007290400972053463,-1.3007284727902437
capital gaucha,1,5,0.001996007984031936,0.007290400972053463,-1.3007284727902437
roteiro,1,5,0.001996007984031936,0.007290400972053463,-1.3007284727902437
empreiteira oas,1,5,0.001996007984031936,0.007290400972053463,-1.3007284727902437
programa nuclear,1,5,0.001996007984031936,0.007290400972053463,-1.3007284727902437
posicionamento,1,5,0.001996007984031936,0.007290400972053463,-1.3007284727902437
mudaram,1,5,0.001996007984031936,0.007290400972053463,-1.3007284727902437
semestre,1,5,0.001996007984031936,0.007290400972053463,-1.3007284727902437
recomendou,1,5,0.001996007984031936,0.007290400972053463,-1.3007284727902437
comite,1,5,0.001996007984031936,0.007290400972053463,-1.3007284727902437
privilegios,1,5,0.001996007984031936,0.007290400972053463,-1.3007284727902437
julgamento lula,1,5,0.001996007984031936,0.007290400972053463,-1.3007284727902437
julgamentos,1,5,0.001996007984031936,0.007290400972053463,-1.3007284727902437
litoral paulo,1,5,0.001996007984031936,0.007290400972053463,-1.3007284727902437
execucoes,1,5,0.001996007984031936,0.007290400972053463,-1.3007284727902437
realizado coreia,1,5,0.001996007984031936,0.007290400972053463,-1.3007284727902437
boa parte,1,5,0.001996007984031936,0.007290400972053463,-1.3007284727902437
aprendeu,1,5,0.001996007984031936,0.007290400972053463,-1.3007284727902437
assembleia legislativa,1,5,0.001996007984031936,0.007290400972053463,-1.3007284727902437
limitar,1,5,0.001996007984031936,0.007290400972053463,-1.3007284727902437
ficcao,1,5,0.001996007984031936,0.007290400972053463,-1.3007284727902437
obama,1,5,0.001996007984031936,0.007290400972053463,-1.3007284727902437
rodovia,1,5,0.001996007984031936,0.007290400972053463,-1.3007284727902437
rio branco,1,5,0.001996007984031936,0.007290400972053463,-1.3007284727902437
desdobramento,1,5,0.001996007984031936,0.007290400972053463,-1.3007284727902437
urbana,1,5,0.001996007984031936,0.007290400972053463,-1.3007284727902437
jader barbalho,1,5,0.001996007984031936,0.007290400972053463,-1.3007284727902437
jader,1,5,0.001996007984031936,0.007290400972053463,-1.3007284727902437
votacao reforma,1,5,0.001996007984031936,0.007290400972053463,-1.3007284727902437
prestaram,2,8,0.0029940119760479044,0.010935601458080195,-1.303406701314123
artistas,2,8,0.0029940119760479044,0.010935601458080195,-1.303406701314123
festival,2,8,0.0029940119760479044,0.010935601458080195,-1.303406701314123
historias,2,8,0.0029940119760479044,0.010935601458080195,-1.303406701314123
riscos,2,8,0.0029940119760479044,0.010935601458080195,-1.303406701314123
registra,2,8,0.0029940119760479044,0.010935601458080195,-1.303406701314123
revelam,2,8,0.0029940119760479044,0.010935601458080195,-1.303406701314123
delacao jbs,2,8,0.0029940119760479044,0.010935601458080195,-1.303406701314123
medida provisoria,2,8,0.0029940119760479044,0.010935601458080195,-1.303406701314123
recorde,2,8,0.0029940119760479044,0.010935601458080195,-1.303406701314123
secretaria-geral,2,8,0.0029940119760479044,0.010935601458080195,-1.303406701314123
joesley wesley,2,8,0.0029940119760479044,0.010935601458080195,-1.303406701314123
federal paulo,2,8,0.0029940119760479044,0.010935601458080195,-1.303406701314123
buscas,2,8,0.0029940119760479044,0.010935601458080195,-1.303406701314123
fraudes,2,8,0.0029940119760479044,0.010935601458080195,-1.303406701314123
federal curitiba,2,8,0.0029940119760479044,0.010935601458080195,-1.303406701314123
revelar,3,11,0.003992015968063872,0.014580801944106925,-1.306097510864161
delacoes premiadas,3,11,0.003992015968063872,0.014580801944106925,-1.306097510864161
trabalhista,3,11,0.003992015968063872,0.014580801944106925,-1.306097510864161
diretora,3,11,0.003992015968063872,0.014580801944106925,-1.306097510864161
henrique meirelles,3,11,0.003992015968063872,0.014580801944106925,-1.306097510864161
wesley batista,3,11,0.003992015968063872,0.014580801944106925,-1.306097510864161
haviam,3,11,0.003992015968063872,0.014580801944106925,-1.306097510864161
ribeirao,3,11,0.003992015968063872,0.014580801944106925,-1.306097510864161
senado renan,3,11,0.003992015968063872,0.014580801944106925,-1.306097510864161
disputar,3,11,0.003992015968063872,0.014580801944106925,-1.306097510864161
propostas,3,11,0.003992015968063872,0.014580801944106925,-1.306097510864161
atua,3,11,0.003992015968063872,0.014580801944106925,-1.306097510864161
reuniu,4,14,0.00499001996007984,0.018226002430133656,-1.3088010001088524
neves psdb-mg,4,14,0.00499001996007984,0.018226002430133656,-1.3088010001088524
psdb-mg,4,14,0.00499001996007984,0.018226002430133656,-1.3088010001088524
nacoes,4,14,0.00499001996007984,0.018226002430133656,-1.3088010001088524
recorrer,5,17,0.005988023952095809,0.02187120291616039,-1.311517268834144
marcado,5,17,0.005988023952095809,0.02187120291616039,-1.311517268834144
presidente americano,5,17,0.005988023952095809,0.02187120291616039,-1.311517268834144
superior eleitoral,6,20,0.006986027944111776,0.02551640340218712,-1.3142464179601876
tribunal superior,6,20,0.006986027944111776,0.02551640340218712,-1.3142464179601876
legenda,6,20,0.006986027944111776,0.02551640340218712,-1.3142464179601876
agosto,8,27,0.008982035928143712,0.03402187120291616,-1.357368482229825
domingo,18,57,0.018962075848303395,0.07047387606318348,-1.3667373177006095
distrito federal,5,18,0.005988023952095809,0.023086269744835967,-1.366827498344017
trf-4,4,15,0.00499001996007984,0.019441069258809233,-1.3745779114975702
livro,4,15,0.00499001996007984,0.019441069258809233,-1.3745779114975702
tecnica,3,12,0.003992015968063872,0.015795868772782502,-1.3873740249866255
apresentados,2,9,0.0029940119760479044,0.012150668286755772,-1.4099964734266788
nesta sexta,2,9,0.0029940119760479044,0.012150668286755772,-1.4099964734266788
regime kim,2,9,0.0029940119760479044,0.012150668286755772,-1.4099964734266788
pre-candidato,2,9,0.0029940119760479044,0.012150668286755772,-1.4099964734266788
posicoes,2,9,0.0029940119760479044,0.012150668286755772,-1.4099964734266788
fachin supremo,2,9,0.0029940119760479044,0.012150668286755772,-1.4099964734266788
adotado,2,9,0.0029940119760479044,0.012150668286755772,-1.4099964734266788
aliada,2,9,0.0029940119760479044,0.012150668286755772,-1.4099964734266788
principio,2,9,0.0029940119760479044,0.012150668286755772,-1.4099964734266788
dificuldades,2,9,0.0029940119760479044,0.012150668286755772,-1.4099964734266788
dono jbs,2,9,0.0029940119760479044,0.012150668286755772,-1.4099964734266788
federal mpf,5,19,0.005988023952095809,0.024301336573511544,-1.419365347963772
desta,38,118,0.038922155688622756,0.1445929526123937,-1.428836902621966
tema,4,16,0.00499001996007984,0.020656136087484813,-1.4364424590773255
bbc,4,16,0.00499001996007984,0.020656136087484813,-1.4364424590773255
episodio,4,16,0.00499001996007984,0.020656136087484813,-1.4364424590773255
fevereiro,10,36,0.010978043912175649,0.04495747266099635,-1.4447803817466354
economico,6,23,0.006986027944111776,0.02916160388821385,-1.45152547268495
ex-presidente luiz,19,65,0.01996007984031936,0.08019441069258809,-1.4541505233894516
conteudo delacoes,1,6,0.001996007984031936,0.00850546780072904,-1.456103892513398
economicas,1,6,0.001996007984031936,0.00850546780072904,-1.456103892513398
vigor,1,6,0.001996007984031936,0.00850546780072904,-1.456103892513398
restricao,1,6,0.001996007984031936,0.00850546780072904,-1.456103892513398
poe,1,6,0.001996007984031936,0.00850546780072904,-1.456103892513398
pericia,1,6,0.001996007984031936,0.00850546780072904,-1.456103892513398
promotor,1,6,0.001996007984031936,0.00850546780072904,-1.456103892513398
fernandes,1,6,0.001996007984031936,0.00850546780072904,-1.456103892513398
considerou,1,6,0.001996007984031936,0.00850546780072904,-1.456103892513398
estatuto,1,6,0.001996007984031936,0.00850546780072904,-1.456103892513398
potencia,1,6,0.001996007984031936,0.00850546780072904,-1.456103892513398
entenda,1,6,0.001996007984031936,0.00850546780072904,-1.456103892513398
nesta manha,1,6,0.001996007984031936,0.00850546780072904,-1.456103892513398
postura,1,6,0.001996007984031936,0.00850546780072904,-1.456103892513398
estreia,1,6,0.001996007984031936,0.00850546780072904,-1.456103892513398
diferencas,1,6,0.001996007984031936,0.00850546780072904,-1.456103892513398
globonews,1,6,0.001996007984031936,0.00850546780072904,-1.456103892513398
recorreu,1,6,0.001996007984031936,0.00850546780072904,-1.456103892513398
lider pmdb,1,6,0.001996007984031936,0.00850546780072904,-1.456103892513398
jogos,1,6,0.001996007984031936,0.00850546780072904,-1.456103892513398
paulo geraldo,1,6,0.001996007984031936,0.00850546780072904,-1.456103892513398
cultural,1,6,0.001996007984031936,0.00850546780072904,-1.456103892513398
vai recorrer,1,6,0.001996007984031936,0.00850546780072904,-1.456103892513398
optou,1,6,0.001996007984031936,0.00850546780072904,-1.456103892513398
organizacao mundial,1,6,0.001996007984031936,0.00850546780072904,-1.456103892513398
correcao,1,6,0.001996007984031936,0.00850546780072904,-1.456103892513398
aposta,1,6,0.001996007984031936,0.00850546780072904,-1.456103892513398
nota divulgada,1,6,0.001996007984031936,0.00850546780072904,-1.456103892513398
ministros supremo,1,6,0.001996007984031936,0.00850546780072904,-1.456103892513398
campanhas eleitorais,1,6,0.001996007984031936,0.00850546780072904,-1.456103892513398
boletim ocorrencia,1,6,0.001996007984031936,0.00850546780072904,-1.456103892513398
berlim,1,6,0.001996007984031936,0.00850546780072904,-1.456103892513398
dois depois,1,6,0.001996007984031936,0.00850546780072904,-1.456103892513398
vias,1,6,0.001996007984031936,0.00850546780072904,-1.456103892513398
afastou,1,6,0.001996007984031936,0.00850546780072904,-1.456103892513398
espanha,1,6,0.001996007984031936,0.00850546780072904,-1.456103892513398
dava,1,6,0.001996007984031936,0.00850546780072904,-1.456103892513398
juros,1,6,0.001996007984031936,0.00850546780072904,-1.456103892513398
meio nota,1,6,0.001996007984031936,0.00850546780072904,-1.456103892513398
nacional partido,1,6,0.001996007984031936,0.00850546780072904,-1.456103892513398
reformas,3,13,0.003992015968063872,0.01701093560145808,-1.46271732774834
sigla,3,13,0.003992015968063872,0.01701093560145808,-1.46271732774834
levado,3,13,0.003992015968063872,0.01701093560145808,-1.46271732774834
maior parte,3,13,0.003992015968063872,0.01701093560145808,-1.46271732774834
sexta-feira,22,75,0.022954091816367265,0.09234507897934387,-1.4657055817548743
supremo tribunal,31,102,0.031936127744510975,0.12515188335358446,-1.467037944917237
regiao,22,77,0.022954091816367265,0.09477521263669501,-1.4943620349113926
agenda,4,17,0.00499001996007984,0.02187120291616039,-1.494842338005339
entregou,4,17,0.00499001996007984,0.02187120291616039,-1.494842338005339
inacio lula,21,74,0.021956087824351298,0.0911300121506683,-1.496595253868135
seis meses,2,10,0.0029940119760479044,0.013365735115431349,-1.5065374226171366
prisao domiciliar,2,10,0.0029940119760479044,0.013365735115431349,-1.5065374226171366
decidiram,2,10,0.0029940119760479044,0.013365735115431349,-1.5065374226171366
veja video,2,10,0.0029940119760479044,0.013365735115431349,-1.5065374226171366
entidade,2,10,0.0029940119760479044,0.013365735115431349,-1.5065374226171366
tribunal,49,159,0.0499001996007984,0.19441069258809235,-1.524940854411184
programas,3,14,0.003992015968063872,0.018226002430133656,-1.532947057772688
registrado,3,14,0.003992015968063872,0.018226002430133656,-1.532947057772688
marcada,3,14,0.003992015968063872,0.018226002430133656,-1.532947057772688
serie,6,25,0.006986027944111776,0.031591737545565005,-1.5340744473345462
neste domingo,4,18,0.00499001996007984,0.023086269744835967,-1.550152567515212
provisoria,5,22,0.005988023952095809,0.027946537059538274,-1.5628702766177653
cerebral avc,1,7,0.001996007984031936,0.009720534629404616,-1.5908615268611648
relacionados,1,7,0.001996007984031936,0.009720534629404616,-1.5908615268611648
aceitou,1,7,0.001996007984031936,0.009720534629404616,-1.5908615268611648
dirigente,1,7,0.001996007984031936,0.009720534629404616,-1.5908615268611648
policiais militares,1,7,0.001996007984031936,0.009720534629404616,-1.5908615268611648
anteriores,1,7,0.001996007984031936,0.009720534629404616,-1.5908615268611648
protocolou,1,7,0.001996007984031936,0.009720534629404616,-1.5908615268611648
liderancas,1,7,0.001996007984031936,0.009720534629404616,-1.5908615268611648
bbc brasil,1,7,0.001996007984031936,0.009720534629404616,-1.5908615268611648
noite deste,1,7,0.001996007984031936,0.009720534629404616,-1.5908615268611648
jato curitiba,1,7,0.001996007984031936,0.009720534629404616,-1.5908615268611648
baleado,1,7,0.001996007984031936,0.009720534629404616,-1.5908615268611648
base delacoes,1,7,0.001996007984031936,0.009720534629404616,-1.5908615268611648
deste sabado,1,7,0.001996007984031936,0.009720534629404616,-1.5908615268611648
superior tribunal,1,7,0.001996007984031936,0.009720534629404616,-1.5908615268611648
batista donos,1,7,0.001996007984031936,0.009720534629404616,-1.5908615268611648
meta,1,7,0.001996007984031936,0.009720534629404616,-1.5908615268611648
botafogo,1,7,0.001996007984031936,0.009720534629404616,-1.5908615268611648
multas,1,7,0.001996007984031936,0.009720534629404616,-1.5908615268611648
portos,1,7,0.001996007984031936,0.009720534629404616,-1.5908615268611648
desenvolver,1,7,0.001996007984031936,0.009720534629404616,-1.5908615268611648
frigorifico jbs,1,7,0.001996007984031936,0.009720534629404616,-1.5908615268611648
nacoes unidas,1,7,0.001996007984031936,0.009720534629404616,-1.5908615268611648
evolucao,1,7,0.001996007984031936,0.009720534629404616,-1.5908615268611648
desafios,1,7,0.001996007984031936,0.009720534629404616,-1.5908615268611648
sobretudo,1,7,0.001996007984031936,0.009720534629404616,-1.5908615268611648
atendeu,1,7,0.001996007984031936,0.009720534629404616,-1.5908615268611648
domiciliar,2,11,0.0029940119760479044,0.014580801944106925,-1.5947810856530316
apresentada,2,11,0.0029940119760479044,0.014580801944106925,-1.5947810856530316
ministro fazenda,2,11,0.0029940119760479044,0.014580801944106925,-1.5947810856530316
lanca,2,11,0.0029940119760479044,0.014580801944106925,-1.5947810856530316
prisional,2,11,0.0029940119760479044,0.014580801944106925,-1.5947810856530316
jovens,3,15,0.003992015968063872,0.019441069258809233,-1.598723969161406
semana passada,3,15,0.003992015968063872,0.019441069258809233,-1.598723969161406
tribunal federal,26,102,0.02694610778443114,0.12515188335358446,-1.642078381213053
eldorado,3,16,0.003992015968063872,0.020656136087484813,-1.6605885167411611
abaixo integra,2,12,0.0029940119760479044,0.015795868772782502,-1.676057599775496
reune,2,12,0.0029940119760479044,0.015795868772782502,-1.676057599775496
presidente estados,2,12,0.0029940119760479044,0.015795868772782502,-1.676057599775496
investiga,6,29,0.006986027944111776,0.03645200486026731,-1.6822067481305867
primeira instancia,4,21,0.00499001996007984,0.026731470230862697,-1.7004943638176946
definir,1,8,0.001996007984031936,0.010935601458080195,-1.7098723097558706
comunidades,1,8,0.001996007984031936,0.010935601458080195,-1.7098723097558706
ministro luiz,1,8,0.001996007984031936,0.010935601458080195,-1.7098723097558706
policiais civis,1,8,0.001996007984031936,0.010935601458080195,-1.7098723097558706
contratos petrobras,1,8,0.001996007984031936,0.010935601458080195,-1.7098723097558706
desta quarta,1,8,0.001996007984031936,0.010935601458080195,-1.7098723097558706
nova fase,1,8,0.001996007984031936,0.010935601458080195,-1.7098723097558706
unidas,1,8,0.001996007984031936,0.010935601458080195,-1.7098723097558706
retomada,1,8,0.001996007984031936,0.010935601458080195,-1.7098723097558706
deputado cassado,1,8,0.001996007984031936,0.010935601458080195,-1.7098723097558706
paginas,1,8,0.001996007984031936,0.010935601458080195,-1.7098723097558706
tensao,3,18,0.003992015968063872,0.023086269744835967,-1.7742986251790476
anunciaram,1,9,0.001996007984031936,0.012150668286755772,-1.8164620818684263
ex-executivos empreiteira,1,9,0.001996007984031936,0.012150668286755772,-1.8164620818684263
temer nesta,1,9,0.001996007984031936,0.012150668286755772,-1.8164620818684263
cumpre,1,9,0.001996007984031936,0.012150668286755772,-1.8164620818684263
segunda-feira,17,83,0.017964071856287425,0.10206561360874848,-1.8267730170512007
manha desta,6,35,0.006986027944111776,0.04374240583232078,-1.872123278141986
municipal,2,15,0.0029940119760479044,0.019441069258809233,-1.8874075439502764
nesta quarta,2,15,0.0029940119760479044,0.019441069258809233,-1.8874075439502764
procuradora-geral,1,10,0.001996007984031936,0.013365735115431349,-1.9130030310588841
empreiteira odebrecht,1,10,0.001996007984031936,0.013365735115431349,-1.9130030310588841
recesso,1,10,0.001996007984031936,0.013365735115431349,-1.9130030310588841
raquel,1,10,0.001996007984031936,0.013365735115431349,-1.9130030310588841
unidos donald,1,10,0.001996007984031936,0.013365735115431349,-1.9130030310588841
video acima,1,10,0.001996007984031936,0.013365735115431349,-1.9130030310588841
fluminense,1,10,0.001996007984031936,0.013365735115431349,-1.9130030310588841
raquel dodge,1,10,0.001996007984031936,0.013365735115431349,-1.9130030310588841
ribeirao preto,1,10,0.001996007984031936,0.013365735115431349,-1.9130030310588841
dodge,1,10,0.001996007984031936,0.013365735115431349,-1.9130030310588841
desta terca-feira,1,10,0.001996007984031936,0.013365735115431349,-1.9130030310588841
processos lava,1,10,0.001996007984031936,0.013365735115431349,-1.9130030310588841
terminar,3,21,0.003992015968063872,0.026731470230862697,-1.9246404214815303
integra,5,32,0.005988023952095809,0.040097205346294046,-1.936462404361956
ex-ministro antonio,2,16,0.0029940119760479044,0.020656136087484813,-1.9492720915300317
uniao europeia,0,5,0.000998003992015968,0.007290400972053463,-1.9948751536832727
decorrente,0,5,0.000998003992015968,0.007290400972053463,-1.9948751536832727
bagatini chaves,0,5,0.000998003992015968,0.007290400972053463,-1.9948751536832727
sovietica,0,5,0.000998003992015968,0.007290400972053463,-1.9948751536832727
seis pessoas,0,5,0.000998003992015968,0.007290400972053463,-1.9948751536832727
sete pessoas,0,5,0.000998003992015968,0.007290400972053463,-1.9948751536832727
formato,0,5,0.000998003992015968,0.007290400972053463,-1.9948751536832727
aprovar reforma,0,5,0.000998003992015968,0.007290400972053463,-1.9948751536832727
decidida,0,5,0.000998003992015968,0.007290400972053463,-1.9948751536832727
desenvolvimento economico,0,5,0.000998003992015968,0.007290400972053463,-1.9948751536832727
confrontos,0,5,0.000998003992015968,0.007290400972053463,-1.9948751536832727
delegacao,0,5,0.000998003992015968,0.007290400972053463,-1.9948751536832727
retrospectiva principais,0,5,0.000998003992015968,0.007290400972053463,-1.9948751536832727
demandas,0,5,0.000998003992015968,0.007290400972053463,-1.9948751536832727
vallisney,0,5,0.000998003992015968,0.007290400972053463,-1.9948751536832727
rocinha,0,5,0.000998003992015968,0.007290400972053463,-1.9948751536832727
listou publicadas,0,5,0.000998003992015968,0.007290400972053463,-1.9948751536832727
area tecnica,0,5,0.000998003992015968,0.007290400972053463,-1.9948751536832727
durar,0,5,0.000998003992015968,0.007290400972053463,-1.9948751536832727
coercitivas,0,5,0.000998003992015968,0.007290400972053463,-1.9948751536832727
agencia nacional,0,5,0.000998003992015968,0.007290400972053463,-1.9948751536832727
prestaram depoimento,0,5,0.000998003992015968,0.007290400972053463,-1.9948751536832727
veja integra,0,5,0.000998003992015968,0.007290400972053463,-1.9948751536832727
relator processos,0,5,0.000998003992015968,0.007290400972053463,-1.9948751536832727
matheus,0,5,0.000998003992015968,0.007290400972053463,-1.9948751536832727
figueiredo,0,5,0.000998003992015968,0.007290400972053463,-1.9948751536832727
discutem,0,5,0.000998003992015968,0.007290400972053463,-1.9948751536832727
plataforma,0,5,0.000998003992015968,0.007290400972053463,-1.9948751536832727
deixou mortos,0,5,0.000998003992015968,0.007290400972053463,-1.9948751536832727
criticar,0,5,0.000998003992015968,0.007290400972053463,-1.9948751536832727
eldorado quarta-feira,0,5,0.000998003992015968,0.007290400972053463,-1.9948751536832727
pede cassacao,0,5,0.000998003992015968,0.007290400972053463,-1.9948751536832727
netto,0,5,0.000998003992015968,0.007290400972053463,-1.9948751536832727
empresarios joesley,0,5,0.000998003992015968,0.007290400972053463,-1.9948751536832727
decisao justica,0,5,0.000998003992015968,0.007290400972053463,-1.9948751536832727
nuclear misseis,0,5,0.000998003992015968,0.007290400972053463,-1.9948751536832727
nucleo,0,5,0.000998003992015968,0.007290400972053463,-1.9948751536832727
comedia,0,5,0.000998003992015968,0.007290400972053463,-1.9948751536832727
nota final,0,5,0.000998003992015968,0.007290400972053463,-1.9948751536832727
janeiro dezembro,0,5,0.000998003992015968,0.007290400972053463,-1.9948751536832727
isolar,0,5,0.000998003992015968,0.007290400972053463,-1.9948751536832727
joao batista,0,5,0.000998003992015968,0.007290400972053463,-1.9948751536832727
jato investiga,0,5,0.000998003992015968,0.007290400972053463,-1.9948751536832727
tomam,0,5,0.000998003992015968,0.007290400972053463,-1.9948751536832727
uniao sovietica,0,5,0.000998003992015968,0.007290400972053463,-1.9948751536832727
leia final,0,5,0.000998003992015968,0.007290400972053463,-1.9948751536832727
anuencia,0,5,0.000998003992015968,0.007290400972053463,-1.9948751536832727
reconheceu,0,5,0.000998003992015968,0.007290400972053463,-1.9948751536832727
vendas,0,5,0.000998003992015968,0.007290400972053463,-1.9948751536832727
crescente,0,5,0.000998003992015968,0.007290400972053463,-1.9948751536832727
impasse,0,5,0.000998003992015968,0.007290400972053463,-1.9948751536832727
mobilizacao,0,5,0.000998003992015968,0.007290400972053463,-1.9948751536832727
principais fatos,0,5,0.000998003992015968,0.007290400972053463,-1.9948751536832727
tributaria,0,5,0.000998003992015968,0.007290400972053463,-1.9948751536832727
dezembro deste,0,5,0.000998003992015968,0.007290400972053463,-1.9948751536832727
prorrogacao,0,5,0.000998003992015968,0.007290400972053463,-1.9948751536832727
legendas,0,5,0.000998003992015968,0.007290400972053463,-1.9948751536832727
acompanham,0,5,0.000998003992015968,0.007290400972053463,-1.9948751536832727
publicadas janeiro,0,5,0.000998003992015968,0.007290400972053463,-1.9948751536832727
classica,0,5,0.000998003992015968,0.007290400972053463,-1.9948751536832727
reportagens,0,5,0.000998003992015968,0.007290400972053463,-1.9948751536832727
lula ex-ministro,0,5,0.000998003992015968,0.007290400972053463,-1.9948751536832727
temporarias,0,5,0.000998003992015968,0.007290400972053463,-1.9948751536832727
inquerito investiga,0,5,0.000998003992015968,0.007290400972053463,-1.9948751536832727
decisao supremo,0,5,0.000998003992015968,0.007290400972053463,-1.9948751536832727
pre-candidatos,0,5,0.000998003992015968,0.007290400972053463,-1.9948751536832727
cinemas,0,5,0.000998003992015968,0.007290400972053463,-1.9948751536832727
volta desta,0,5,0.000998003992015968,0.007290400972053463,-1.9948751536832727
investigado operacao,0,5,0.000998003992015968,0.007290400972053463,-1.9948751536832727
avancos,0,5,0.000998003992015968,0.007290400972053463,-1.9948751536832727
conjunta,0,5,0.000998003992015968,0.007290400972053463,-1.9948751536832727
quarta,5,34,0.005988023952095809,0.0425273390036452,-1.9978377599880774
alternativa,1,11,0.001996007984031936,0.014580801944106925,-2.001246694094779
feridos,1,11,0.001996007984031936,0.014580801944106925,-2.001246694094779
pagamento propina,1,11,0.001996007984031936,0.014580801944106925,-2.001246694094779
americano donald,1,11,0.001996007984031936,0.014580801944106925,-2.001246694094779
traz,1,11,0.001996007984031936,0.014580801944106925,-2.001246694094779
justica federal,3,23,0.003992015968063872,0.02916160388821385,-2.014151799773244
quinta-feira,16,97,0.016966067864271458,0.11907654921020656,-2.05822412093177
republica pgr,2,18,0.0029940119760479044,0.023086269744835967,-2.062982199967918
apura,2,18,0.0029940119760479044,0.023086269744835967,-2.062982199967918
terca-feira,15,93,0.015968063872255488,0.11421628189550426,-2.0726886826242006
nesta segunda,1,12,0.001996007984031936,0.015795868772782502,-2.0825232082172436
neste sabado,1,12,0.001996007984031936,0.015795868772782502,-2.0825232082172436
regiao trf-4,1,12,0.001996007984031936,0.015795868772782502,-2.0825232082172436
desta sexta-feira,2,19,0.0029940119760479044,0.024301336573511544,-2.115520049587673
quarta-feira,15,98,0.015968063872255488,0.12029161603888214,-2.1313960901117284
passos,0,6,0.000998003992015968,0.00850546780072904,-2.150250573406427
pais asiatico,0,6,0.000998003992015968,0.00850546780072904,-2.150250573406427
disparos,0,6,0.000998003992015968,0.00850546780072904,-2.150250573406427
discutiram,0,6,0.000998003992015968,0.00850546780072904,-2.150250573406427
considerar,0,6,0.000998003992015968,0.00850546780072904,-2.150250573406427
presidente tribunal,0,6,0.000998003992015968,0.00850546780072904,-2.150250573406427
intervencao federal,0,6,0.000998003992015968,0.00850546780072904,-2.150250573406427
contrarios,0,6,0.000998003992015968,0.00850546780072904,-2.150250573406427
jae-in,0,6,0.000998003992015968,0.00850546780072904,-2.150250573406427
paris,0,6,0.000998003992015968,0.00850546780072904,-2.150250573406427
pre-candidatura,0,6,0.000998003992015968,0.00850546780072904,-2.150250573406427
david,0,6,0.000998003992015968,0.00850546780072904,-2.150250573406427
moon jae-in,0,6,0.000998003992015968,0.00850546780072904,-2.150250573406427
deu declaracao,0,6,0.000998003992015968,0.00850546780072904,-2.150250573406427
anunciou nesta,0,6,0.000998003992015968,0.00850546780072904,-2.150250573406427
leitores,0,6,0.000998003992015968,0.00850546780072904,-2.150250573406427
justica stj,0,6,0.000998003992015968,0.00850546780072904,-2.150250573406427
moon,0,6,0.000998003992015968,0.00850546780072904,-2.150250573406427
psl,0,6,0.000998003992015968,0.00850546780072904,-2.150250573406427
versoes,0,6,0.000998003992015968,0.00850546780072904,-2.150250573406427
repressao,0,6,0.000998003992015968,0.00850546780072904,-2.150250573406427
duas horas,0,6,0.000998003992015968,0.00850546780072904,-2.150250573406427
repertorio,0,6,0.000998003992015968,0.00850546780072904,-2.150250573406427
federal parana,0,6,0.000998003992015968,0.00850546780072904,-2.150250573406427
principais comecar,0,6,0.000998003992015968,0.00850546780072904,-2.150250573406427
avanca,0,6,0.000998003992015968,0.00850546780072904,-2.150250573406427
constituicao pec,0,6,0.000998003992015968,0.00850546780072904,-2.150250573406427
novembro passado,0,6,0.000998003992015968,0.00850546780072904,-2.150250573406427
moro responsavel,1,13,0.001996007984031936,0.01701093560145808,-2.157866510978958
entrevistas,1,13,0.001996007984031936,0.01701093560145808,-2.157866510978958
boa noite,2,20,0.0029940119760479044,0.02551640340218712,-2.165556319837352
tribunal regional,3,27,0.003992015968063872,0.03402187120291616,-2.1733213107124456
fase operacao,1,14,0.001996007984031936,0.018226002430133656,-2.228096241003306
terca,4,36,0.00499001996007984,0.04495747266099635,-2.2392739777427555
desta quinta-feira,2,22,0.0029940119760479044,0.027946537059538274,-2.2590249782416665
regional,4,37,0.00499001996007984,0.046172539489671933,-2.267215299471715
fazenda henrique,0,7,0.000998003992015968,0.009720534629404616,-2.2850082077541938
frances,0,7,0.000998003992015968,0.009720534629404616,-2.2850082077541938
anterior,0,7,0.000998003992015968,0.009720534629404616,-2.2850082077541938
cinema,0,7,0.000998003992015968,0.009720534629404616,-2.2850082077541938
vespera,0,7,0.000998003992015968,0.009720534629404616,-2.2850082077541938
liberal,0,7,0.000998003992015968,0.009720534629404616,-2.2850082077541938
relembre,0,7,0.000998003992015968,0.009720534629404616,-2.2850082077541938
desta terca,0,7,0.000998003992015968,0.009720534629404616,-2.2850082077541938
dificuldade,0,7,0.000998003992015968,0.009720534629404616,-2.2850082077541938
tarde desta,1,15,0.001996007984031936,0.019441069258809233,-2.293873152392024
federal regiao,2,23,0.0029940119760479044,0.02916160388821385,-2.3028353745621146
noite desta,1,16,0.001996007984031936,0.020656136087484813,-2.355737699971779
bom aqui,0,8,0.000998003992015968,0.010935601458080195,-2.4040189906488996
executiva,0,8,0.000998003992015968,0.010935601458080195,-2.4040189906488996
dilma-temer,0,8,0.000998003992015968,0.010935601458080195,-2.4040189906488996
escalada,0,8,0.000998003992015968,0.010935601458080195,-2.4040189906488996
propinas odebrecht,0,8,0.000998003992015968,0.010935601458080195,-2.4040189906488996
ptb,0,8,0.000998003992015968,0.010935601458080195,-2.4040189906488996
chapa dilma-temer,0,8,0.000998003992015968,0.010935601458080195,-2.4040189906488996
decidiu nesta,0,8,0.000998003992015968,0.010935601458080195,-2.4040189906488996
comecar bem-informado,0,8,0.000998003992015968,0.010935601458080195,-2.4040189906488996
moro nesta,0,8,0.000998003992015968,0.010935601458080195,-2.4040189906488996
regional federal,2,26,0.0029940119760479044,0.032806804374240585,-2.42438017014039
eleitoral tse,1,18,0.001996007984031936,0.023086269744835967,-2.4694478084096656
fase lava,0,9,0.000998003992015968,0.012150668286755772,-2.5106087627614553
goias,0,9,0.000998003992015968,0.012150668286755772,-2.5106087627614553
goiania,0,9,0.000998003992015968,0.012150668286755772,-2.5106087627614553
chefe estado,0,9,0.000998003992015968,0.012150668286755772,-2.5106087627614553
unanimidade,0,9,0.000998003992015968,0.012150668286755772,-2.5106087627614553
quinta,2,30,0.0029940119760479044,0.03766707168894289,-2.567568302651164
nesta terca,1,20,0.001996007984031936,0.02551640340218712,-2.5720219282790997
nesta segunda-feira,4,50,0.00499001996007984,0.061968408262454436,-2.5781539402272875
degravacao comentario,0,10,0.000998003992015968,0.013365735115431349,-2.607149711951913
morta,0,10,0.000998003992015968,0.013365735115431349,-2.607149711951913
sancoes,0,10,0.000998003992015968,0.013365735115431349,-2.607149711951913
degravacao,0,10,0.000998003992015968,0.013365735115431349,-2.607149711951913
integra degravacao,0,10,0.000998003992015968,0.013365735115431349,-2.607149711951913
listou,0,10,0.000998003992015968,0.013365735115431349,-2.607149711951913
mdb,0,10,0.000998003992015968,0.013365735115431349,-2.607149711951913
marcaram,0,10,0.000998003992015968,0.013365735115431349,-2.607149711951913
federal stf,6,71,0.006986027944111776,0.08748481166464156,-2.6120930553551998
nesta quinta,1,21,0.001996007984031936,0.026731470230862697,-2.6197896047121483
nesta,40,305,0.04091816367265469,0.3718104495747266,-2.629944569709936
luiz edson,0,11,0.000998003992015968,0.014580801944106925,-2.695393374987808
seguida play,0,11,0.000998003992015968,0.014580801944106925,-2.695393374987808
leia integra,0,11,0.000998003992015968,0.014580801944106925,-2.695393374987808
aqui seguida,0,11,0.000998003992015968,0.014580801944106925,-2.695393374987808
play,0,11,0.000998003992015968,0.014580801944106925,-2.695393374987808
play ouvir,0,11,0.000998003992015968,0.014580801944106925,-2.695393374987808
veja abaixo,0,11,0.000998003992015968,0.014580801944106925,-2.695393374987808
retrospectiva,0,11,0.000998003992015968,0.014580801944106925,-2.695393374987808
aqui abaixo,0,11,0.000998003992015968,0.014580801944106925,-2.695393374987808
ouvir clique,0,12,0.000998003992015968,0.015795868772782502,-2.7766698891102726
jato primeira,0,12,0.000998003992015968,0.015795868772782502,-2.7766698891102726
radio eldorado,0,13,0.000998003992015968,0.01701093560145808,-2.852013191871987
eldorado radio,0,13,0.000998003992015968,0.01701093560145808,-2.852013191871987
temas,0,14,0.000998003992015968,0.018226002430133656,-2.922242921896335
desta quarta-feira,0,14,0.000998003992015968,0.018226002430133656,-2.922242921896335
final desta,0,15,0.000998003992015968,0.019441069258809233,-2.988019833285053
nesta quinta-feira,3,60,0.003992015968063872,0.07411907654921021,-2.9943862236782386
nesta quarta-feira,3,61,0.003992015968063872,0.07533414337788578,-3.011959942374979
comentario eldorado,0,16,0.000998003992015968,0.020656136087484813,-3.049884380864808
nesta sexta-feira,1,36,0.001996007984031936,0.04495747266099635,-3.158569218637209
nesta terca-feira,2,56,0.0029940119760479044,0.0692588092345079,-3.210011588074403
terminar bem-informado,0,19,0.000998003992015968,0.024301336573511544,-3.2161323389224497
noite aqui,0,19,0.000998003992015968,0.024301336573511544,-3.2161323389224497
principais terminar,0,19,0.000998003992015968,0.024301336573511544,-3.2161323389224497
bem-informado,0,27,0.000998003992015968,0.03402187120291616,-3.5626171748360926
aqui principais,0,27,0.000998003992015968,0.03402187120291616,-3.5626171748360926
