termo,falsas,verdadeiras,total
presidente,461,501,962
lula,615,336,951
temer,413,313,726
federal,280,435,715
pais,330,234,564
brasil,355,192,547
governo,277,270,547
ex-presidente,248,247,495
nesta,44,398,442
ministro,243,197,440
acordo,293,141,434
odebrecht,231,200,431
coreia,212,195,407
vai,256,141,397
lava,135,261,396
jato,135,260,395
moro,246,130,376
milhoes,222,144,366
stf,184,181,365
dilma,221,136,357
norte,167,185,352
policia,181,171,352
eua,218,133,351
estado,176,167,343
pessoas,194,146,340
operacao,130,204,334
justica,167,162,329
juiz,174,145,319
caso,165,153,318
hoje,228,75,303
paulo,122,173,295
dinheiro,201,93,294
sergio,190,97,287
sera,191,94,285
tribunal,60,222,282
trump,136,142,278
delacao,163,111,274
deputado,160,113,273
michel,159,113,272
republica,128,143,271
publico,134,131,265
depois,121,131,252
grupo,128,124,252
video,206,45,251
senador,165,85,250
dois,117,133,250
mundo,160,90,250
defesa,125,125,250
corrupcao,132,117,249
politicos,162,86,248
prisao,108,140,248
casa,113,132,245
ministerio,100,140,240
parte,140,97,237
senado,131,101,232
estava,152,78,230
aecio,154,76,230
filho,149,80,229
supremo,71,158,229
mil,140,88,228
empresa,124,100,224
fez,137,87,224
camara,104,120,224
fazer,144,74,218
rio,70,145,215
decisao,60,154,214
politica,120,92,212
agora,134,76,210
vez,116,93,209
teria,156,52,208
pedido,75,126,201
maior,97,104,201
bolsonaro,136,63,199
pmdb,107,91,198
silva,73,124,197
petista,134,62,196
semana,96,98,194
seguranca,101,93,194
renan,122,71,193
tudo,145,48,193
teve,111,79,190
processo,77,111,188
preso,119,64,183
cunha,120,62,182
desta,41,140,181
globo,145,36,181
seja,111,69,180
alem,98,81,179
brasilia,89,90,179
veja,89,87,176
estados,62,114,176
fim,85,91,176
jbs,86,90,176
antes,81,95,176
jose,100,75,175
joesley,100,75,175
sul,81,93,174
kim,112,62,174
tres,65,109,174
nacional,78,96,174
partido,73,100,173
momento,104,69,173
ataque,97,72,169
vida,103,65,168
luiz,56,111,167
grande,90,77,167
sociais,133,32,165
bem,112,53,165
qualquer,96,69,165
eduardo,105,59,164
apenas,119,45,164
lei,94,69,163
conta,88,74,162
propina,83,79,162
seria,104,57,161
batista,72,89,161
rodrigo,83,76,159
acao,67,92,159
depoimento,78,80,158
aqui,84,73,157
mulher,80,76,156
entrevista,68,87,155
presidencia,66,88,154
projeto,92,61,153
tinha,84,68,152
janeiro,56,96,152
nome,88,64,152
abaixo,97,54,151
redes,125,25,150
deputados,85,65,150
primeira,49,100,149
unidos,47,102,149
politico,90,59,149
novo,63,86,149
local,93,55,148
meses,74,74,148
cerca,92,53,145
familia,93,51,144
quer,102,42,144
jornalista,120,23,143
advogado,81,62,143
empresario,65,78,143
nuclear,88,55,143
crime,84,58,142
nova,61,80,141
menos,70,68,138
militar,74,64,138
cidade,64,74,138
tempo,76,62,138
lava-jato,137,1,138
poder,83,54,137
neves,96,41,137
meio,47,90,137
noite,56,80,136
primeiro,52,83,135
duas,61,73,134
nota,63,71,134
foro,77,56,133
delacoes,65,68,133
alguns,93,40,133
joao,69,62,131
assim,77,54,131
manha,58,72,130
presos,62,68,130
relator,56,73,129
lider,50,79,129
petrobras,65,63,128
nem,75,53,128
faz,85,43,128
guerra,79,49,128
quarta-feira,15,113,128
paises,64,64,128
deu,75,52,127
ultimo,77,50,127
trabalho,65,62,127
congresso,72,54,126
janot,70,56,126
quinta-feira,18,108,126
nada,96,29,125
recebeu,66,59,125
feito,68,57,125
crise,55,70,125
fachin,59,65,124
marcelo,75,49,124
podera,99,25,124
regiao,24,99,123
ultima,86,37,123
saude,69,53,122
quase,58,64,122
situacao,83,38,121
crimes,55,66,121
homem,89,30,119
fato,80,39,119
campanha,57,62,119
relacao,56,63,119
pediu,64,55,119
leia,87,31,118
dele,48,69,117
terca-feira,16,101,117
brasileiro,78,39,117
inacio,42,75,117
pra,106,11,117
publica,53,64,117
china,74,43,117
misseis,70,47,117
dentro,70,46,116
pgr,65,50,115
neste,40,74,114
cargo,70,43,113
civil,52,61,113
rede,65,48,113
final,40,73,113
capital,54,58,112
hospital,60,52,112
denuncia,35,77,112
direito,61,51,112
maia,47,64,111
armas,58,53,111
pessoa,78,33,111
ex-ministro,35,74,109
entao,61,48,109
nunca,71,38,109
brasileira,64,45,109
sexta-feira,22,87,109
empresas,44,64,108
brasileiros,62,46,108
marisa,69,39,108
dizer,76,32,108
calheiros,60,48,108
coisa,81,27,108
ministros,52,56,108
chegou,64,44,108
militares,64,44,108
psdb,52,55,107
bilhoes,62,44,106
segunda-feira,17,89,106
responsavel,48,58,106
gente,60,45,105
principais,34,71,105
marco,37,67,104
lado,57,47,104
sistema,55,48,103
aviao,73,30,103
atraves,98,5,103
investigacoes,53,50,103
porem,78,23,101
forma,34,67,101
pai,65,36,101
apoio,53,48,101
rousseff,46,55,101
mpf,63,38,101
inicio,40,61,101
povo,90,11,101
ninguem,69,31,100
vezes,65,35,100
donald,43,57,100
quatro,25,75,100
ira,79,20,99
horas,49,50,99
pede,46,53,99
acidente,59,40,99
ontem,84,15,99
segunda,34,64,98
decidiu,62,36,98
pouco,68,30,98
investigacao,29,69,98
premiada,52,46,98
passou,51,46,97
forca,54,43,97
historia,48,49,97
enquanto,54,43,97
dono,50,46,96
base,38,58,96
mes,46,50,96
policiais,43,53,96
vamos,73,22,95
tipo,53,42,95
sempre,58,36,94
parlamentares,58,36,94
parlamentar,56,38,94
eleitoral,31,63,94
estar,62,32,94
deste,40,54,94
discurso,51,43,94
senadores,59,34,93
teori,59,34,93
cantor,49,43,92
julgamento,25,67,92
americano,37,55,92
curitiba,58,34,92
fora,48,44,92
deus,82,9,91
palocci,33,58,91
declarou,68,23,91
oficial,66,25,91
imprensa,57,34,91
mandato,45,45,90
comecou,45,45,90
programa,49,41,90
russia,59,31,90
instituto,62,28,90
propinas,47,43,90
proposta,43,46,89
medico,55,34,89
morte,44,45,89
missil,45,44,89
domingo,21,67,88
epoca,61,27,88
nucleares,60,28,88
falar,54,34,88
mae,44,43,87
reforma,24,63,87
fala,55,32,87
mostra,55,32,87
eleicoes,54,32,86
imagens,57,29,86
aconteceu,68,18,86
regime,32,54,86
tarde,47,39,86
impeachment,47,38,85
dar,55,30,85
populacao,51,34,85
mundial,49,36,85
algo,75,9,84
governador,25,59,84
lavagem,41,43,84
mendes,64,20,84
questao,59,25,84
jovem,53,31,84
antonio,36,47,83
comando,34,49,83
numero,36,46,82
feita,54,28,82
tse,39,43,82
lista,56,26,82
passado,25,57,82
atual,43,39,82
acusado,56,25,81
casos,36,45,81
candidato,24,57,81
conversa,42,39,81
nosso,58,23,81
proprio,51,30,81
advogados,50,30,80
condenado,45,35,80
empreiteira,43,37,80
folha,61,19,80
somente,61,19,80
exercito,55,25,80
violencia,27,52,79
equipe,42,37,79
planalto,38,41,79
dona,45,34,79
edson,36,42,78
prefeito,42,36,78
caixa,40,38,78
vem,45,33,78
ordem,37,41,78
publicos,55,23,78
possivel,48,30,78
jair,59,19,78
valor,41,36,77
claudio,56,21,77
proximo,46,31,77
pena,39,38,77
privilegiado,40,37,77
doria,52,25,77
esquema,43,34,77
pagamento,23,53,76
partir,40,36,76
siria,37,39,76
estamos,61,15,76
deixou,35,41,76
sabe,59,17,76
recursos,27,48,75
boa,32,43,75
ficou,50,25,75
frente,38,37,75
varios,55,20,75
fernando,43,32,75
hora,53,21,74
carne,42,32,74
algumas,51,23,74
alvo,36,38,74
forcas,46,28,74
jong-un,31,43,74
apartamento,42,31,73
publicou,57,15,72
autoridades,34,38,72
confirmou,52,20,72
internet,46,26,72
ver,51,20,71
acoes,28,43,71
cidadao,64,7,71
inquerito,20,51,71
cinco,27,44,71
uniao,27,44,71
carlos,38,32,70
serao,55,15,70
seis,17,53,70
ultimos,29,41,70
recebido,45,25,70
risco,44,26,70
palacio,31,39,70
acima,42,28,70
corte,28,42,70
estavam,42,27,69
social,33,36,69
lucia,40,29,69
divulgou,41,28,69
gilmar,50,19,69
revista,54,15,69
volta,35,34,69
objetivo,42,26,68
santos,28,40,68
ameaca,40,28,68
mulheres,37,31,68
quanto,40,28,68
esposa,56,12,68
parana,33,35,68
terra,45,23,68
diante,41,27,68
lugar,40,28,68
sabado,17,51,68
reuniao,22,45,67
centro,23,44,67
alerta,47,20,67
cadeia,50,17,67
delator,42,25,67
tera,51,16,67
processos,26,41,67
nenhum,43,23,66
precisa,39,27,66
igreja,48,18,66
grandes,32,34,66
problema,45,21,66
ricardo,39,27,66
bruno,28,38,66
ex-deputado,40,26,66
minas,28,37,65
bom,43,22,65
contas,37,28,65
valores,36,29,65
geral,26,39,65
mensagem,41,23,64
materia,56,8,64
roberto,41,23,64
assessoria,39,25,64
juca,46,18,64
melhor,41,23,64
organizacao,19,45,64
secretaria,29,35,64
conselho,22,42,64
previdencia,15,48,63
fase,15,48,63
fatos,26,37,63
leo,48,15,63
fogo,39,24,63
tao,44,19,63
documento,29,33,62
internacional,31,31,62
instancia,16,46,62
facebook,37,25,62
constituicao,33,29,62
incluindo,46,16,62
dados,29,33,62
vao,39,23,62
pois,48,14,62
maioria,24,37,61
dela,25,36,61
pagar,40,21,61
triplex,29,32,61
pedir,38,23,61
depoimentos,26,35,61
confira,44,17,61
amigo,49,12,61
carmen,34,27,61
teste,16,45,61
documentos,29,32,61
for,40,20,60
temos,46,14,60
eike,41,19,60
combate,32,28,60
encontro,30,30,60
nossa,40,20,60
fazendo,48,12,60
acabou,45,15,60
tal,50,10,60
fonte,49,11,60
alguem,45,15,60
tenha,28,32,60
tentou,45,14,59
carta,32,27,59
medida,16,43,59
fosse,39,20,59
operacoes,29,30,59
caiu,39,20,59
executivos,21,38,59
respeito,40,19,59
criancas,24,35,59
abuso,23,36,59
vivo,46,13,59
secretario,29,30,59
relatou,41,18,59
diversos,42,17,59
manter,26,33,59
deles,33,26,59
busca,23,36,59
tentar,36,22,58
ocorreu,28,30,58
logo,40,18,58
votacao,36,22,58
parece,33,25,58
vitima,35,23,58
corpo,34,24,58
henrique,35,23,58
ficar,38,20,58
aeronave,35,23,58
serra,38,19,57
vou,44,13,57
imagem,38,19,57
zavascki,38,19,57
acesso,24,33,57
area,25,32,57
superior,23,34,57
exemplo,29,28,57
porto,18,39,57
comissao,21,36,57
fevereiro,13,44,57
banco,24,33,57
conhecido,41,16,57
causa,32,25,57
chapa,25,32,57
provas,32,25,57
acusacoes,33,24,57
criminosa,25,32,57
votos,24,32,56
desse,40,16,56
receber,32,24,56
chefe,26,30,56
ataques,33,23,56
cara,49,7,56
helicoptero,33,23,56
plano,22,34,56
norte-coreano,21,35,56
varias,39,17,56
fazenda,26,30,56
oas,31,25,56
presidio,33,23,56
mortos,19,37,56
saber,32,24,56
campo,24,31,55
reais,47,8,55
total,27,28,55
diario,53,2,55
trabalhadores,26,29,55
alta,29,26,55
sociedade,31,24,55
coisas,41,14,55
executivo,25,30,55
favor,39,16,55
sim,45,10,55
policial,31,24,55
santo,39,16,55
uso,23,32,55
setor,15,40,55
passar,36,19,55
partidos,23,32,55
plenario,24,31,55
abril,26,29,55
leticia,29,26,55
vitimas,20,34,54
estaria,47,7,54
lancamento,22,32,54
tanto,30,24,54
chamou,32,22,54
penitenciaria,27,27,54
deveria,37,17,54
contou,27,27,54
rocha,28,26,54
longo,21,33,54
nega,19,35,54
penal,29,25,54
falou,19,34,53
envolvendo,23,30,53
declaracao,27,26,53
possa,39,14,53
assunto,37,16,53
passa,35,18,53
podemos,37,16,53
twitter,29,24,53
periodo,24,29,53
japao,33,20,53
nomes,35,18,53
crianca,36,17,53
costa,30,23,53
filha,28,25,53
contratos,24,28,52
dezembro,16,36,52
maria,26,26,52
eleicao,16,36,52
relacoes,33,19,52
chegar,35,17,52
pyongyang,19,33,52
existe,36,16,52
proxima,34,18,52
principal,33,19,52
ajuda,34,18,52
senhor,39,13,52
petistas,41,11,52
liberdade,30,22,52
defender,26,25,51
vale,34,17,51
deixar,21,30,51
usar,32,19,51
agentes,27,24,51
pec,35,16,51
passiva,21,30,51
oliveira,23,28,51
carro,33,18,51
futuro,24,27,51
sou,42,9,51
presidencial,31,20,51
ruas,34,16,50
entrou,25,25,50
novas,18,32,50
lima,26,24,50
evento,15,35,50
ator,32,18,50
defende,19,31,50
algum,31,19,50
ato,19,31,50
resposta,29,21,50
muitos,28,22,50
falta,29,21,50
especial,24,26,50
medidas,25,25,50
imediatamente,43,6,49
feitas,22,27,49
agencia,23,26,49
agua,37,12,49
judiciario,26,23,49
moreira,25,24,49
morreu,15,34,49
fica,35,14,49
novos,22,27,49
propria,22,27,49
dessa,36,13,49
problemas,28,21,49
procurador,29,20,49
governos,22,27,49
economia,22,27,49
tucano,23,26,49
economica,18,31,49
disso,24,25,49
friboi,47,2,49
juizes,29,20,49
maio,20,29,49
alexandre,33,15,48
doacoes,23,25,48
mensagens,23,25,48
claro,39,9,48
conseguiu,34,14,48
investigar,18,30,48
negou,21,27,48
tentativa,20,27,47
apresentador,42,5,47
territorio,32,15,47
condenacao,11,36,47
casal,31,16,47
fazem,23,24,47
prefeitura,13,34,47
compra,19,28,47
empresarios,21,26,47
aerea,31,16,47
setembro,15,32,47
sete,14,33,47
americana,20,27,47
verdade,33,14,47
dizendo,32,15,47
mal,26,21,47
maneira,33,14,47
melo,32,15,47
diretor,27,20,47
voo,30,17,47
citado,31,15,46
ouvir,9,37,46
criticas,19,27,46
realizado,21,25,46
especie,31,15,46
jorge,22,24,46
midia,36,10,46
minutos,17,29,46
apesar,14,32,46
comentario,17,29,46
muita,28,18,46
nenhuma,25,21,46
junto,22,24,46
possibilidade,22,24,46
seguinte,38,8,46
gestao,15,31,46
palavras,37,9,46
regional,4,42,46
amigos,29,16,45
medo,32,13,45
franco,23,22,45
delegacia,31,14,45
salario,33,12,45
novembro,12,33,45
santana,18,27,45
corruptos,42,3,45
jornalistas,19,26,45
marido,31,14,45
mao,27,18,45
mar,24,21,45
pedidos,18,27,45
procurador-geral,12,33,45
respondeu,30,15,45
alegou,42,3,45
intencao,27,18,45
perto,20,25,45
sigilo,19,26,45
moura,21,24,45
terca,5,40,45
tiririca,27,17,44
quarta,5,39,44
ameacas,24,20,44
tirar,35,9,44
mercado,20,24,44
funcionarios,32,12,44
alto,27,17,44
radio,13,31,44
america,31,13,44
mortes,13,31,44
romero,30,14,44
pratica,20,24,44
geddel,21,23,44
evitar,23,21,44
luis,26,18,44
reu,14,30,44
motivo,34,10,44
movimento,21,23,44
madrugada,34,10,44
via,31,13,44
senadora,24,20,44
unico,29,15,44
sejam,29,15,44
victor,19,25,44
pagamentos,23,21,44
zona,17,27,44
espaco,11,32,43
direitos,17,26,43
queda,17,26,43
levar,28,15,43
grave,30,13,43
tenho,26,17,43
discussao,12,31,43
oposicao,18,25,43
proximos,27,16,43
eldorado,3,40,43
luta,25,18,43
milhao,30,13,43
aumento,11,32,43
doenca,25,18,43
suspeita,12,31,43
alcance,16,27,43
continuar,21,22,43
sede,18,25,43
forca-tarefa,24,19,43
trabalhar,24,19,43
filhos,32,11,43
usou,35,7,42
sucesso,23,19,42
espirito,33,9,42
assista,33,9,42
reporter,25,17,42
ambito,20,22,42
tenta,27,15,42
homens,27,15,42
gravacao,22,20,42
servicos,26,16,42
estatal,26,16,42
unidade,9,33,42
continua,28,14,42
sair,22,20,42
atencao,30,12,42
armadas,25,17,42
ideia,20,22,42
destacou,32,10,42
declaracoes,18,24,42
aeroporto,25,17,42
abertura,13,29,42
colunista,35,7,42
junho,13,28,41
sirio,25,16,41
queria,27,14,41
voltar,22,19,41
perdeu,32,9,41
monica,14,27,41
decisoes,18,23,41
meirelles,6,35,41
pastor,37,4,41
sabia,24,17,41
sessao,8,33,41
educacao,21,20,41
esquerda,19,22,41
branca,17,24,41
interior,20,21,41
general,32,9,41
piloto,26,15,41
divulgado,16,25,41
alegre,13,27,40
news,37,3,40
investiga,8,32,40
desses,30,10,40
prazo,15,25,40
levou,20,20,40
global,21,19,40
katia,26,14,40
denuncias,25,15,40
procuradoria,14,26,40
procuradores,18,22,40
dizem,17,23,40
determinou,13,27,40
alckmin,12,28,40
turma,29,11,40
servico,23,17,40
suposto,20,20,40
querem,27,13,40
chamado,17,23,40
autoridade,25,15,40
conflito,23,17,40
novamente,30,10,40
poderao,29,11,40
estrategia,26,14,40
bomba,23,17,40
washington,12,27,39
inclusive,24,15,39
cargos,19,20,39
caminho,17,22,39
integra,5,34,39
comprar,24,15,39
estou,28,11,39
estadual,17,22,39
aliados,23,16,39
referindo,38,1,39
canal,23,16,39
francisco,31,8,39
pinheiro,27,12,39
colocar,26,13,39
pesquisa,25,14,39
silencio,12,27,39
pessoal,23,16,39
realizada,18,21,39
investigado,16,23,39
atacar,32,7,39
cabeca,27,12,39
mudanca,15,24,39
investigados,20,19,39
voto,16,23,39
forte,26,13,39
capacidade,24,15,39
considerado,23,15,38
segue,15,23,38
inqueritos,22,16,38
etica,15,23,38
loures,23,15,38
sofreu,27,11,38
entanto,14,24,38
voltou,20,18,38
outubro,12,26,38
dialogo,25,13,38
grupos,14,24,38
aparece,33,5,38
mudar,27,11,38
ocorrido,21,17,38
resultado,25,13,38
lideres,18,20,38
tomou,27,11,38
relatorio,18,20,38
wesley,15,23,38
quinta,3,35,38
viu,17,21,38
papel,23,15,38
possui,35,3,38
fizeram,25,12,37
artigo,23,14,37
suspeito,13,24,37
abreu,21,16,37
vista,14,23,37
agosto,9,28,37
condicoes,22,15,37
vara,19,18,37
seguida,13,24,37
tomar,22,15,37
pressao,23,14,37
preciso,26,11,37
anunciou,16,21,37
nesse,20,17,37
pretende,17,20,37
ajudar,23,14,37
ex-governador,17,20,37
irma,31,6,37
peninsula,23,14,37
chega,16,21,37
donos,11,26,37
procuradoria-geral,12,25,37
importante,23,14,37
agricultura,17,20,37
troca,21,16,37
pimentel,21,16,37
comecar,16,21,37
idade,24,13,37
cultura,17,20,37
serie,6,31,37
entrar,26,11,37
funcao,20,17,37
acontecer,24,13,37
bernardo,16,21,37
marina,27,9,36
delegado,17,19,36
demais,20,16,36
videos,14,22,36
muitas,16,20,36
nove,9,27,36
delatores,15,21,36
mello,15,21,36
magistrado,22,14,36
escreveu,22,14,36
pagou,20,16,36
whatsapp,18,18,36
especialistas,15,21,36
alguma,26,10,36
produtos,27,9,36
candidatura,10,26,36
cancer,21,15,36
campanhas,14,22,36
ditador,33,3,36
maos,30,6,36
professor,23,13,36
golpe,22,14,36
diversas,19,17,36
atingir,20,16,36
jon-un,36,0,36
detentos,25,11,36
apresentar,17,19,36
fundo,20,16,36
controle,18,18,36
pedro,16,20,36
atras,22,14,36
federais,20,16,36
porta-avioes,24,11,35
maiores,23,12,35
the,20,15,35
producao,10,25,35
dificil,22,13,35
padilha,26,9,35
carvalho,24,11,35
revelou,29,6,35
dado,18,17,35
autor,17,18,35
guaruja,14,21,35
devido,26,9,35
dez,17,18,35
ministra,18,17,35
eunicio,16,19,35
paz,15,20,35
opiniao,27,8,35
presenca,20,15,35
show,14,21,35
gerais,16,19,35
obra,19,16,35
democracia,20,15,35
legenda,6,29,35
afastado,18,17,35
americanos,17,17,34
real,19,15,34
medicos,26,8,34
carl,25,9,34
vieira,16,18,34
cupula,18,16,34
vinson,25,9,34
oficialmente,24,10,34
mandado,19,15,34
onu,11,23,34
intervencao,11,23,34
humanos,19,15,34
provavelmente,28,6,34
moraes,17,17,34
sitio,22,12,34
pensao,18,16,34
morto,15,19,34
integrantes,18,16,34
predio,14,20,34
poucos,15,19,34
saiu,12,22,34
urgencia,16,18,34
deixa,13,21,34
leis,27,7,34
reino,19,15,34
obras,20,14,34
mostram,14,20,34
cidades,15,19,34
economico,6,28,34
questionado,17,17,34
usando,28,6,34
popular,20,14,34
modelo,15,19,34
santa,21,13,34
conteudo,9,24,33
acordos,14,19,33
disseram,20,13,33
ambos,25,8,33
direcao,20,13,33
matar,14,19,33
simples,22,11,33
bndes,20,13,33
perguntas,13,20,33
fiscais,18,15,33
provisoria,5,28,33
fhc,25,8,33
complexo,18,15,33
emilio,16,17,33
tais,27,6,33
emissora,26,7,33
dolares,29,4,33
serem,20,13,33
contrario,17,16,33
chama,22,11,33
distrito,9,24,33
testemunha,20,13,33
torno,19,14,33
questoes,11,22,33
estadao,23,10,33
acontece,19,14,33
administracao,15,17,32
funaro,19,13,32
acabar,27,5,32
analise,9,23,32
drogas,17,15,32
atendimento,15,17,32
seul,13,19,32
conforme,18,14,32
manifestantes,14,18,32
associacao,14,18,32
inteligencia,21,11,32
negocios,14,18,32
audiencia,19,13,32
audio,22,10,32
colegas,18,14,32
exercicio,11,21,32
departamento,14,18,32
ponto,11,21,32
comunicacao,21,11,32
exterior,22,10,32
disputa,14,18,32
entender,19,13,32
afastamento,14,18,32
sei,20,12,32
fotos,20,12,32
politicas,11,20,31
livro,7,24,31
posicao,11,20,31
assumir,14,17,31
defendeu,10,21,31
barbosa,17,14,31
antagonista,28,3,31
dizia,25,6,31
presente,21,10,31
comeca,11,20,31
habeas,11,20,31
repasses,17,14,31
unica,15,16,31
industria,11,20,31
passada,10,21,31
ex-primeira-dama,9,22,31
morreram,12,19,31
carreira,11,20,31
atitude,22,9,31
acha,30,1,31
criminoso,26,5,31
sexta,10,21,31
divulgada,17,14,31
saud,10,21,31
posse,16,15,31
usado,23,8,31
trf-4,5,26,31
cenario,10,21,31
corpus,11,20,31
investigadores,14,16,30
festa,13,17,30
lancar,10,20,30
capaz,13,17,30
discutir,12,18,30
sentenca,20,10,30
coreana,18,12,30
tempos,18,12,30
publicas,13,17,30
encontrou,15,15,30
necessario,15,15,30
interesses,20,10,30
gomes,16,14,30
embora,14,16,30
belo,18,12,30
completa,13,17,30
jogo,17,13,30
fui,16,14,30
interesse,11,19,30
dezenas,16,14,30
clique,5,25,30
razao,23,7,30
judicial,15,15,30
junior,17,13,30
impostos,19,11,30
direita,16,14,30
trata,20,10,30
destruir,21,9,30
data,20,10,30
aurelio,14,16,30
renuncia,15,15,30
tratamento,16,14,30
conseguir,17,12,29
jamais,18,11,29
barroso,9,20,29
unidades,11,18,29
recorrer,6,23,29
participou,13,16,29
foto,18,11,29
norte-americano,23,6,29
aprovacao,9,20,29
entregar,19,10,29
familiares,19,10,29
votar,16,13,29
supostamente,10,19,29
pergunta,22,7,29
grosso,15,14,29
preventiva,11,18,29
tornar,12,17,29
acusacao,14,15,29
virus,18,11,29
medica,16,13,29
sentido,12,17,29
apontam,16,13,29
aqueles,23,6,29
bbc,4,25,29
prender,21,8,29
atualmente,17,12,29
oito,10,19,29
debate,10,19,29
presidios,17,12,29
ciro,23,6,29
explica,14,15,29
detalhes,15,14,29
reus,13,16,29
protesto,12,17,29
preve,14,15,29
apresentou,15,14,29
mantem,7,22,29
cerebral,17,12,29
assuntos,17,12,29
imovel,10,19,29
recurso,8,21,29
venezuela,21,7,28
boca,27,1,28
musica,12,16,28
julho,7,21,28
penitenciario,17,11,28
continuou,23,5,28
citados,17,11,28
escola,12,16,28
internautas,28,0,28
luz,20,8,28
reacao,14,14,28
manda,23,5,28
suica,13,15,28
financeiro,12,16,28
filme,9,19,28
vergonha,23,5,28
contato,17,11,28
ficaram,14,14,28
denunciado,14,14,28
suspensao,15,13,28
emenda,9,19,28
exercicios,15,13,28
proteger,19,9,28
ex-executivos,7,21,28
devera,10,18,28
proximas,19,9,28
dessas,21,7,28
cabral,20,8,28
possuem,24,4,28
unido,14,14,28
saida,12,16,28
uss,22,6,28
candidatos,13,15,28
salvador,12,16,28
seguir,11,17,28
menor,13,15,28
quadro,19,9,28
central,12,16,28
tragedia,18,10,28
contrato,18,10,28
entregue,13,15,28
legal,15,13,28
visita,11,17,28
teriam,15,13,28
balistico,15,13,28
membros,17,11,28
recado,27,1,28
celular,22,6,28
cruz,17,11,28
york,14,13,27
bem-informado,0,27,27
praticamente,21,6,27
recebe,18,9,27
certo,13,14,27
quero,18,9,27
comum,16,11,27
putin,19,8,27
saiba,8,19,27
dirceu,17,10,27
cardoso,20,7,27
mato,13,14,27
cassacao,13,14,27
jesus,16,11,27
tiveram,15,12,27
autorizou,11,16,27
instituicoes,20,7,27
onibus,14,13,27
guimaraes,12,15,27
mala,23,4,27
ficara,20,7,27
profissionais,13,14,27
principalmente,18,9,27
mim,17,10,27
sindicato,15,12,27
manifestacoes,12,15,27
abrir,19,8,27
criminosos,18,9,27
pagina,18,9,27
tom,14,13,27
confirma,17,10,27
chamar,22,5,27
peemedebista,15,12,27
moradores,7,20,27
atividades,13,14,27
eleitores,15,12,27
edicao,8,19,27
exames,14,13,27
responsaveis,12,15,27
pmdb-al,7,20,27
desculpas,24,3,27
alemanha,15,12,27
alega,15,12,27
natal,10,17,27
tensao,3,24,27
comentou,23,4,27
coluna,15,12,27
alvaro,22,5,27
energia,19,8,27
enfim,25,2,27
irmao,17,10,27
voz,17,9,26
suposta,12,14,26
andrea,18,8,26
vive,15,11,26
parar,20,6,26
pacifico,11,15,26
vitoria,18,8,26
andre,8,18,26
veiculo,16,10,26
veiculos,12,14,26
envolvidos,19,7,26
silvio,24,2,26
nessa,13,13,26
futebol,13,13,26
amor,20,6,26
massacre,12,14,26
marinha,14,12,26
quimico,13,13,26
massa,16,10,26
financiamento,12,14,26
liminar,5,21,26
dem,10,16,26
livre,15,11,26
hotel,20,6,26
somos,14,12,26
talvez,13,13,26
diferente,11,15,26
horizonte,13,13,26
acaba,20,6,26
aborto,15,11,26
encontrar,17,9,26
postou,24,2,26
usa,19,7,26
ribeirao,3,23,26
rua,12,14,26
criar,15,11,26
participar,8,18,26
basta,20,6,26
stj,14,12,26
pmdb-rj,11,15,26
clima,16,10,26
cofres,23,3,26
avc,13,13,26
testemunhas,14,12,26
conhecimento,18,8,26
chapecoense,23,3,26
nossas,14,12,26
planeta,17,9,26
famoso,19,7,26
entrada,13,13,26
colaboracao,8,18,26
fazia,17,9,26
ilegal,12,14,26
opcao,10,16,26
rodrigues,14,12,26
valdemiro,26,0,26
poliana,15,11,26
pauta,12,14,26
ex-diretor,15,11,26
amanha,24,2,26
decidir,9,17,26
fabio,15,11,26
milhares,17,9,26
esteve,16,10,26
registro,10,16,26
ganhou,12,13,25
media,14,11,25
cumprir,9,16,25
locais,18,7,25
gabinete,14,11,25
comunicado,9,16,25
aberta,14,11,25
postagem,23,2,25
neto,15,10,25
especialista,11,14,25
uti,15,10,25
centenas,18,7,25
cerimonia,8,17,25
carater,14,11,25
carros,10,15,25
cedo,17,8,25
comida,20,5,25
necessidade,10,15,25
terceiro,15,10,25
pcc,12,13,25
mudou,9,16,25
sangue,14,11,25
patrimonio,20,5,25
etc,25,0,25
aponta,10,15,25
tendo,11,14,25
dodge,4,21,25
macedo,21,4,25
moral,17,8,25
tema,4,21,25
clube,20,5,25
enviou,16,9,25
mostrou,16,9,25
lucio,14,11,25
coletiva,15,10,25
chaves,11,14,25
chegaram,19,6,25
indicios,15,10,25
bispo,19,6,25
aliado,16,9,25
responsabilidade,16,9,25
alves,13,12,25
sequer,19,6,25
obstrucao,12,13,25
significa,19,6,25
manaus,12,13,25
mandados,10,15,25
civis,7,18,25
registrou,12,13,25
inteiro,19,6,25
projetos,11,14,25
semanas,14,11,25
regras,15,10,25
provavel,20,5,25
totalmente,14,11,25
espera,10,15,25
analisar,12,13,25
orgao,14,11,25
assedio,13,12,25
correa,15,9,24
esporte,12,12,24
corrupto,22,2,24
fraca,6,18,24
parceria,13,11,24
criminal,6,18,24
acrescentou,13,11,24
atos,10,14,24
andrade,13,11,24
residencia,14,10,24
resolver,18,6,24
vice-presidente,10,14,24
internado,17,7,24
nunes,21,3,24
tinham,9,15,24
tratar,12,12,24
ocupar,14,10,24
internauta,24,0,24
perante,15,9,24
procedimento,12,12,24
minuto,22,2,24
professora,10,14,24
servidores,10,14,24
dando,15,9,24
impacto,9,15,24
terminar,3,21,24
versao,12,12,24
tenham,10,14,24
apreensao,11,13,24
bancada,14,10,24
salarios,15,9,24
marcado,5,19,24
funcionario,15,9,24
realmente,18,6,24
realizar,10,14,24
aprovar,7,17,24
urgente,22,2,24
jinping,14,10,24
comportamento,18,6,24
pontos,5,19,24
celso,10,14,24
curso,13,11,24
comecaram,10,14,24
soares,13,11,24
exame,16,8,24
benjamin,13,11,24
testes,11,13,24
agenda,4,20,24
afastar,10,14,24
nacao,19,5,24
condenados,9,15,24
navio,11,13,24
comentarios,19,5,24
opcoes,4,20,24
jovens,3,21,24
eleito,13,11,24
critica,13,10,23
jantar,11,12,23
paga,14,9,23
abriu,12,11,23
virou,15,8,23
comercio,4,19,23
nacoes,5,18,23
mexico,18,5,23
atividade,7,16,23
quebra,15,8,23
paulista,7,16,23
agir,15,8,23
eleitorais,7,16,23
colocou,12,11,23
avioes,18,5,23
confianca,15,8,23
venda,8,15,23
longe,13,10,23
passo,9,14,23
apontou,13,10,23
menina,11,12,23
conversas,6,17,23
beneficio,9,14,23
rotina,6,17,23
wyllys,17,6,23
feitos,8,15,23
emprego,10,13,23
vereadores,4,19,23
trafico,11,12,23
patricia,22,1,23
qualidade,19,4,23
herman,11,12,23
referencia,14,9,23
apresentado,9,14,23
sala,14,9,23
oficiais,14,9,23
classe,18,5,23
cair,21,2,23
titulo,13,10,23
particular,19,4,23
palavra,12,11,23
veio,15,8,23
dupla,8,15,23
cobra,17,6,23
geraldo,9,14,23
transporte,13,10,23
trecho,14,9,23
edir,21,2,23
entregou,5,18,23
confronto,13,10,23
garantir,10,13,23
iria,15,8,23
artista,15,8,23
ambiente,9,14,23
esperar,13,10,23
diretamente,19,4,23
desvio,5,18,23
frase,13,10,23
ganhar,12,11,23
detalhe,21,1,22
construtora,9,13,22
souza,10,12,22
explicou,16,6,22
identificado,13,9,22
assembleia,7,15,22
suficiente,15,7,22
explicar,17,5,22
transferido,13,9,22
zeze,17,5,22
brasileiras,6,16,22
desenvolvimento,9,13,22
russo,16,6,22
rebeliao,8,14,22
marte,15,7,22
linha,11,11,22
divulgacao,9,13,22
mantega,17,5,22
material,7,15,22
santiago,19,3,22
litoral,8,14,22
condicao,9,13,22
informa,14,8,22
influencia,11,11,22
recente,11,11,22
sirio-libanes,9,13,22
presa,14,8,22
preocupacao,10,12,22
dada,9,13,22
pedindo,14,8,22
metros,13,9,22
chamada,12,10,22
navios,17,5,22
chico,13,9,22
prova,8,14,22
familias,12,10,22
responder,13,9,22
apura,3,19,22
nossos,17,5,22
conjunto,11,11,22
profissional,16,6,22
esteja,10,12,22
ressaltar,21,1,22
domiciliar,4,18,22
conseguiram,16,6,22
alertou,18,4,22
argumentou,13,9,22
faca,17,5,22
faccoes,12,10,22
perder,22,0,22
arma,17,5,22
orgaos,14,8,22
casamento,13,9,22
simplesmente,17,5,22
quis,16,5,21
maximo,13,8,21
salvar,15,6,21
raquel,3,18,21
toffoli,14,7,21
acredita,12,9,21
irao,18,3,21
jean,16,5,21
corre,13,8,21
italiano,7,14,21
soldados,14,7,21
manifestacao,8,13,21
cirurgia,11,10,21
relatos,10,11,21
episodio,4,17,21
minimo,12,9,21
perfil,11,10,21
teatro,7,14,21
delas,6,15,21
juntos,10,11,21
senhora,18,3,21
televisao,12,9,21
gravida,11,10,21
codigo,14,7,21
relato,18,3,21
entra,12,9,21
reformas,3,18,21
tratado,8,13,21
conhecida,11,10,21
consegue,14,7,21
escandalo,17,4,21
conter,13,8,21
escandalos,17,4,21
pequeno,15,6,21
pior,15,6,21
prometeu,16,5,21
ativa,11,10,21
interno,15,6,21
dor,12,9,21
existem,13,8,21
suicidio,13,8,21
cima,18,3,21
mandou,13,8,21
eliseu,17,4,21
resumindo,21,0,21
terreno,10,11,21
sofrer,12,9,21
ilicitos,10,11,21
psd,8,13,21
chao,13,8,21
polemica,9,12,21
demissao,19,2,21
alemao,10,11,21
bilhao,17,4,21
prestou,9,12,21
faria,12,9,21
laudo,5,16,21
colombia,14,7,21
municipal,2,19,21
preto,4,17,21
primeiros,11,10,21
desemprego,12,9,21
assumiu,11,10,21
ex-executivo,13,8,21
fundamental,13,8,21
informado,6,15,21
quimicas,8,13,21
areas,7,14,21
suruba,21,0,21
exteriores,13,8,21
dito,14,7,21
homenagem,16,5,21
homicidio,14,7,21
divida,12,9,21
porta,15,6,21
nivel,14,7,21
coragem,17,4,21
quarto,8,13,21
recentemente,9,12,21
universidade,5,16,21
posso,16,5,21
sabem,13,8,21
fontes,15,5,20
vizinho,10,10,20
virar,16,4,20
expressao,11,9,20
fronteira,15,5,20
conversou,9,11,20
coracao,10,10,20
absolutamente,12,8,20
papa,18,2,20
criacao,8,12,20
escritorio,10,10,20
fiscal,8,12,20
cameras,15,5,20
hipotese,11,9,20
passageiros,13,7,20
soltou,20,0,20
divulgar,11,9,20
dama,17,3,20
lancado,12,8,20
latina,10,10,20
alvos,6,14,20
atibaia,11,9,20
escolha,8,12,20
recebendo,14,6,20
sofre,12,8,20
trabalha,10,10,20
solucao,9,11,20
chegam,9,11,20
prestar,10,10,20
companhia,7,13,20
reuniu,4,16,20
legislativa,7,13,20
emergencia,9,11,20
limites,17,3,20
nobre,17,3,20
apoiar,12,8,20
azevedo,11,9,20
blog,9,11,20
terceira,9,11,20
coloca,12,8,20
juridica,11,9,20
tecnica,3,17,20
deflagrada,7,13,20
fechado,12,8,20
perrella,9,11,20
construir,15,5,20
matou,11,9,20
assad,10,10,20
representante,9,11,20
representa,12,8,20
destino,10,10,20
realidade,8,12,20
doacao,11,9,20
propriedade,11,9,20
trata-se,9,11,20
impedir,9,11,20
pequena,9,11,20
continuam,7,13,20
gravacoes,12,8,20
tropas,16,4,20
greve,9,11,20
precisamos,16,4,20
precisava,15,5,20
completou,12,8,20
irmaos,7,13,20
suspeitas,9,11,20
leva,8,12,20
paraty,9,11,20
islamico,9,11,20
participacao,11,9,20
numeros,5,15,20
diferentes,8,12,20
carnaval,8,12,20
andamento,9,11,20
tornou,10,10,20
ameacou,11,9,20
excelencia,17,3,20
aparecem,13,7,20
importantes,8,12,20
presidenciavel,9,11,20
fara,12,8,20
internacionais,7,13,20
consequencias,14,6,20
duvida,11,9,20
motim,6,14,20
estudante,5,14,19
emendas,14,5,19
vantagens,6,13,19
distancia,13,6,19
figura,15,4,19
honesto,19,0,19
homicidios,4,15,19
criminosas,11,8,19
chances,17,2,19
nasa,14,5,19
psc-rj,7,12,19
olhos,8,11,19
bahia,7,12,19
combustivel,9,10,19
flagrado,15,4,19
boletim,5,14,19
lancou,6,13,19
apontado,12,7,19
visto,14,5,19
acho,12,7,19
jardim,10,9,19
franca,6,13,19
acusados,10,9,19
papuda,12,7,19
suprema,12,7,19
levado,3,16,19
deram,17,2,19
criticou,7,12,19
agressao,13,6,19
realizacao,8,11,19
orgulho,12,7,19
briga,10,9,19
telefone,12,7,19
parou,14,5,19
origem,6,13,19
negociacoes,5,14,19
cena,11,8,19
casas,9,10,19
sigla,3,16,19
determinacao,6,13,19
atuacao,9,10,19
pesquisas,10,9,19
reinaldo,14,5,19
escolas,11,8,19
decreto,6,13,19
programas,3,16,19
constitucional,9,10,19
retirar,6,13,19
modo,13,6,19
adolescente,6,13,19
prestes,13,6,19
faccao,8,11,19
mostrar,13,6,19
braco,16,3,19
colega,14,5,19
chines,11,8,19
ocorre,8,11,19
morrer,14,5,19
ex-primeira,16,3,19
medio,10,9,19
porta-voz,10,9,19
preco,13,6,19
comunista,17,2,19
ultimas,11,8,19
terao,13,6,19
europa,15,4,19
alma,17,2,19
cela,15,4,19
jaburu,8,11,19
ocasiao,6,13,19
acusa,9,9,18
sozinho,10,8,18
vira,12,6,18
flagrante,16,2,18
trabalham,7,11,18
estupro,11,7,18
turquia,7,11,18
emitiu,16,2,18
comunidade,7,11,18
elite,13,5,18
orcamento,9,9,18
diretora,4,14,18
diretoria,13,5,18
reeleicao,5,13,18
organizado,6,12,18
vereador,15,3,18
sarney,8,10,18
ilegais,13,5,18
dao,13,5,18
danos,11,7,18
daniel,12,6,18
psol,6,12,18
metropolitana,7,11,18
aprovado,8,10,18
registrado,3,15,18
preocupado,12,6,18
passando,12,6,18
vender,10,8,18
prejuizo,9,9,18
avaliacao,6,12,18
dem-rj,5,13,18
normal,10,8,18
poderes,10,8,18
limite,13,5,18
concedeu,10,8,18
bolsa,8,10,18
bancos,12,6,18
instituicao,9,9,18
gastos,11,7,18
revela,11,7,18
localizado,12,6,18
autorizacao,8,10,18
moca,17,1,18
pmdb-ce,7,11,18
bens,6,12,18
municipio,8,10,18
colaboradores,10,8,18
indica,9,9,18
considerada,10,8,18
tiros,7,11,18
huck,17,1,18
deveriam,7,11,18
psdb-mg,4,14,18
mesa,9,9,18
relacionamento,8,10,18
relata,12,6,18
marcada,3,15,18
havera,13,5,18
seriam,13,5,18
decide,13,5,18
kcna,16,2,18
responde,8,10,18
decadas,6,12,18
jogar,13,5,18
requerimento,11,7,18
pessoais,16,2,18
construcao,12,6,18
permite,8,10,18
miller,10,8,18
britanico,8,10,18
recesso,2,16,18
mata,8,10,18
disposicao,7,11,18
derrubar,12,6,18
usada,8,10,18
caos,16,2,18
ceara,6,12,18
amazonas,5,13,18
libanes,16,2,18
empreiteiro,9,9,18
irregularidades,11,7,18
supostas,8,9,17
cuidado,16,1,17
ouviu,5,12,17
pacientes,5,12,17
viver,11,6,17
banda,8,9,17
lembra,6,11,17
lembrar,14,3,17
levaram,7,10,17
liberacao,9,8,17
comprou,12,5,17
uol,17,0,17
usina,13,4,17
melhores,10,7,17
receberam,11,6,17
cantora,15,2,17
record,16,1,17
martins,6,11,17
humano,13,4,17
cassado,4,13,17
mayer,14,3,17
istoe,15,2,17
sugeriu,11,6,17
citou,11,6,17
prisoes,9,8,17
doutor,13,4,17
resolveu,13,4,17
gerar,13,4,17
julgar,11,6,17
equipamentos,13,4,17
sexual,3,14,17
atriz,8,9,17
alimentos,15,2,17
cidadaos,16,1,17
relatorios,11,6,17
proprios,11,6,17
manutencao,6,11,17
guido,11,6,17
tras,10,7,17
transparencia,10,7,17
decada,5,12,17
enviados,12,5,17
king,8,9,17
bombeiros,12,5,17
buscas,5,12,17
graves,7,10,17
apareceu,17,0,17
branco,7,10,17
picciani,2,15,17
admitiu,11,6,17
feridas,7,10,17
aumentar,8,9,17
ribeiro,6,11,17
londres,10,7,17
indenizacao,11,6,17
eventos,4,13,17
morador,10,7,17
termo,7,10,17
balisticos,10,7,17
bairro,9,8,17
baixa,10,7,17
fechou,7,10,17
aproximadamente,14,3,17
trabalhista,4,13,17
psl,0,17,17
punicao,11,6,17
merece,15,2,17
daquele,9,8,17
pegar,13,4,17
passaram,8,9,17
tecnologia,10,7,17
comercial,7,10,17
necessaria,10,7,17
bandido,16,1,17
nomeacao,6,11,17
poderiam,9,8,17
pobre,16,1,17
lauro,7,10,17
ensino,11,6,17
entende,12,5,17
mudancas,7,10,17
negocio,11,6,17
emprestimos,14,3,17
ligados,8,9,17
beneficios,11,6,17
goncalves,11,6,17
fatima,15,2,17
concluiu,12,5,17
concessao,5,12,17
comuns,8,9,17
apostolo,17,0,17
eventual,4,13,17
fab,10,7,17
horario,9,8,17
recuperacao,9,8,17
camargo,14,3,17
reduzir,8,9,17
pdt,7,10,17
peca,4,13,17
coordenador,13,4,17
garotinho,8,9,17
viagem,7,10,17
ordenou,11,6,17
culto,12,5,17
causar,9,8,17
assinado,7,10,17
vossa,15,2,17
analistas,6,11,17
crescimento,6,11,17
fraude,5,12,17
forum,4,13,17
jornalismo,8,8,16
esconder,12,4,16
assassinado,14,2,16
racismo,7,9,16
prerrogativa,12,4,16
investimentos,6,10,16
pronunciamento,11,5,16
facil,13,3,16
realizou,5,11,16
carnes,11,5,16
mario,7,9,16
pacote,10,6,16
frigorifico,5,11,16
levantamento,7,9,16
aereo,7,9,16
aeronautica,10,6,16
gay,11,5,16
adversarios,6,10,16
gleisi,9,7,16
utilizado,8,8,16
velorio,14,2,16
organizacoes,13,3,16
pessoalmente,10,6,16
sancoes,0,16,16
gilberto,10,6,16
vagabundo,15,1,16
agente,10,6,16
avo,8,8,16
declara,13,3,16
caminhao,14,2,16
cabo,10,6,16
renda,5,11,16
manifestou,11,5,16
soltar,14,2,16
sofrendo,11,5,16
sonho,7,9,16
assessor,13,3,16
espacial,8,8,16
araujo,12,4,16
trf4,3,13,16
premiadas,4,12,16
perde,9,7,16
localizada,12,4,16
luciano,8,8,16
odio,15,1,16
machado,11,5,16
duque,8,8,16
entrega,5,11,16
usadas,8,8,16
autoria,13,3,16
daqui,11,5,16
edificio,9,7,16
primeiras,11,5,16
primo,12,4,16
atuou,4,12,16
certa,9,7,16
imoveis,4,12,16
tcu,6,10,16
dignidade,11,5,16
tivesse,12,4,16
estara,9,7,16
estariam,12,4,16
aniversario,8,8,16
portugal,12,4,16
maranhao,7,9,16
marcos,7,9,16
marca,6,10,16
california,13,3,16
enviar,9,7,16
produto,13,3,16
morre,12,4,16
morais,8,8,16
anunciado,11,5,16
alegando,12,4,16
quantidade,12,4,16
quadrilha,7,9,16
aprovada,4,12,16
importancia,8,8,16
norte-coreanos,5,11,16
juiza,6,10,16
planos,8,8,16
oab,6,10,16
conhece,14,2,16
alcacuz,9,7,16
norte-coreana,8,8,16
pmdb-rr,11,5,16
ministerios,3,13,16
vidente,16,0,16
fiz,11,5,16
parada,8,8,16
criou,11,5,16
youtube,10,6,16
crescer,8,8,16
fotografo,16,0,16
terem,7,9,16
acusada,6,10,16
palco,5,11,16
ganha,14,2,16
fieis,12,4,16
acusou,13,3,16
orientacao,11,5,16
vice,6,10,16
empreiteiras,9,7,16
claramente,13,3,16
filosofo,8,8,16
vidas,9,7,16
cristo,11,5,16
fuga,11,5,16
destinado,8,8,16
informaram,11,5,16
ingles,6,10,16
detido,10,6,16
classificou,10,6,16
cliente,9,7,16
momentos,10,6,16
promete,10,6,16
frota,14,2,16
meta,3,13,16
apresenta,6,10,16
encerrou,13,3,16
sai,10,6,16
bangu,7,9,16
sabemos,13,2,15
leite,11,4,15
legislativo,7,8,15
destaque,6,9,15
estrangeiros,6,9,15
aparelho,13,2,15
indicar,7,8,15
europeia,2,13,15
desvios,8,7,15
ciencia,7,8,15
zika,6,9,15
formado,9,6,15
estudo,7,8,15
ccj,8,7,15
verdadeiro,13,2,15
garoto,13,2,15
lobao,12,3,15
empregos,8,7,15
lidar,5,10,15
partes,6,9,15
corrida,3,12,15
lindbergh,12,3,15
frases,8,7,15
fortes,11,4,15
cientistas,7,8,15
cidadania,7,8,15
choque,10,5,15
fluminense,1,14,15
ausencia,8,7,15
alberto,11,4,15
guarda,10,5,15
confusao,9,6,15
poderoso,10,5,15
confirmada,5,10,15
shows,3,12,15
regra,5,10,15
deixaram,6,9,15
memoria,5,10,15
menino,8,7,15
independente,9,6,15
anunciar,7,8,15
time,9,6,15
desempenho,5,10,15
ilha,3,12,15
possam,12,3,15
transformar,11,4,15
tive,9,6,15
rapido,11,4,15
estadio,10,5,15
identificacao,7,8,15
movimentos,8,7,15
presidentes,8,7,15
tamanho,13,2,15
interrogatorio,6,9,15
execucao,8,7,15
serio,13,2,15
falso,7,8,15
ali,6,9,15
invasao,12,3,15
argumento,10,5,15
temporaria,4,11,15
intencoes,8,7,15
institucionais,11,4,15
prisional,3,12,15
previsao,6,9,15
atuar,6,9,15
kassab,5,10,15
decoro,9,6,15
obvio,10,5,15
augusto,8,7,15
repercussao,7,8,15
mandar,12,3,15
breve,13,2,15
pertence,9,6,15
perguntou,9,6,15
conspiracao,10,5,15
boas,8,7,15
bandidos,13,2,15
lucas,12,3,15
denunciou,5,10,15
possiveis,5,10,15
extremamente,11,4,15
expulsa,5,10,15
alvorada,14,1,15
amanda,14,1,15
assinou,5,10,15
predios,3,12,15
depor,9,6,15
trechos,8,7,15
registradas,10,5,15
juizo,12,3,15
cadeira,9,6,15
manobras,7,8,15
precisou,11,4,15
alternativa,1,14,15
gritos,11,4,15
tucanos,8,7,15
doleiro,11,4,15
doente,9,6,15
embaixador,12,3,15
ocorrencia,8,7,15
perceber,12,3,15
custo,10,5,15
pedem,6,9,15
segundos,10,5,15
entendimento,3,12,15
seguidores,12,3,15
braga,2,13,15
dallagnol,14,1,15
contratacao,3,12,15
vascular,6,9,15
vaticano,15,0,15
afirmam,8,7,15
ficam,9,6,15
advogada,10,5,15
ouvido,7,8,15
osmar,10,5,15
icbm,12,3,15
trabalhava,6,9,15
experiencia,10,5,15
existencia,8,7,15
napoleao,13,2,15
precisam,7,8,15
jeito,11,4,15
disputar,3,12,15
quiser,14,1,15
ameacado,14,1,15
presentes,8,7,15
quebrar,7,8,15
investigadas,7,8,15
ditadura,8,7,15
situacoes,8,7,15
jornais,11,4,15
direto,11,4,15
abre,10,5,15
ligado,9,5,14
lideranca,6,8,14
roubar,12,2,14
revelar,3,11,14
liberado,8,6,14
bastante,8,6,14
bastidores,7,7,14
beneficiarios,11,3,14
lixo,14,0,14
literalmente,14,0,14
rico,9,5,14
sabendo,13,1,14
russa,5,9,14
verdadeira,11,3,14
ferreira,5,9,14
fundacao,10,4,14
g20,9,5,14
propostas,3,11,14
aberto,4,10,14
fortuna,11,3,14
flavio,3,11,14
vontade,10,4,14
paralisacao,5,9,14
costas,10,4,14
pagas,12,2,14
frigorificos,10,4,14
wagner,9,5,14
realizadas,7,7,14
submetido,6,8,14
discursos,7,7,14
expectativa,7,7,14
desafio,5,9,14
arthur,6,8,14
supermercado,11,3,14
italia,7,7,14
maxima,10,4,14
ramos,5,9,14
sistemas,6,8,14
asteroide,12,2,14
escrever,8,6,14
trabalhos,8,6,14
comprado,9,5,14
historico,3,11,14
houver,6,8,14
honra,13,1,14
denunciados,6,8,14
sofrido,8,6,14
atingido,5,9,14
mando,7,7,14
dom,9,5,14
buscar,7,7,14
almeida,6,8,14
haviam,3,11,14
gustavo,7,7,14
delito,12,2,14
reducao,9,5,14
receita,5,9,14
exige,6,8,14
cometidos,8,6,14
toma,8,6,14
tomada,6,8,14
mundiais,14,0,14
combater,10,4,14
comigo,12,2,14
cometeu,12,2,14
motivos,8,6,14
chacina,5,9,14
certeza,12,2,14
juridico,4,10,14
julio,3,11,14
atua,3,11,14
retirado,3,11,14
aliada,2,12,14
gravou,6,8,14
turno,13,1,14
envolve,8,6,14
julgado,8,6,14
sexo,10,4,14
diariamente,4,10,14
impossivel,11,3,14
anunciada,7,7,14
times,7,7,14
teto,4,10,14
colocado,5,9,14
previsto,6,8,14
temas,0,14,14
aquilo,11,3,14
tensoes,9,5,14
tentam,10,4,14
legado,5,9,14
legislacao,7,7,14
avanco,5,9,14
autoriza,8,6,14
maduro,10,4,14
durou,4,10,14
goiania,0,14,14
gracas,8,6,14
fas,8,6,14
conselheiro,4,10,14
entrevistas,1,13,14
ladrao,12,2,14
reserva,8,6,14
representantes,3,11,14
reune,2,12,14
eleitor,9,5,14
consta,7,7,14
constante,8,6,14
febre,9,5,14
afinal,6,8,14
fechar,6,8,14
federacao,6,8,14
aviacao,5,9,14
enfrentar,9,5,14
bordo,4,10,14
ordens,9,5,14
pediram,7,7,14
controlar,9,5,14
afirmacao,6,8,14
daily,13,1,14
gas,10,4,14
encerrar,12,2,14
encontra,10,4,14
internada,5,9,14
messias,13,1,14
protecao,10,4,14
provar,12,2,14
apresentada,2,12,14
chegada,4,10,14
aplicativos,4,10,14
apelo,7,7,14
citar,11,3,14
clara,8,6,14
moeda,9,5,14
min,14,0,14
voltando,13,1,14
votacoes,4,10,14
acham,12,2,14
aceita,7,7,14
criminais,8,5,13
criada,4,9,13
pago,9,4,13
panico,8,5,13
parecer,4,9,13
fisica,8,5,13
formacao,7,6,13
foco,9,4,13
viana,11,2,13
pacto,2,11,13
cuba,9,4,13
cuidados,9,4,13
cuidar,5,8,13
credito,4,9,13
olha,13,0,13
finais,6,7,13
fria,11,2,13
destaques,5,8,13
claudia,6,7,13
procurado,3,10,13
promotores,10,3,13
indicacao,6,7,13
infelizmente,9,4,13
instalacoes,12,1,13
despesas,8,5,13
professores,5,8,13
pronunciou,8,5,13
circunstancias,6,7,13
informar,7,6,13
inimigo,9,4,13
aposentadoria,7,6,13
teremos,12,1,13
mira,6,7,13
desembargador,7,6,13
inclui,6,7,13
exatamente,8,5,13
teixeira,9,4,13
tecnico,4,9,13
tanta,11,2,13
apurar,6,7,13
apurou,5,8,13
procurou,8,5,13
chance,10,3,13
publicadas,5,8,13
estavel,7,6,13
terroristas,9,4,13
terror,3,10,13
tendencia,5,8,13
apresentados,2,11,13
unidas,1,12,13
golpista,12,1,13
pescoco,10,3,13
peso,6,7,13
oferecer,8,5,13
sangria,13,0,13
segura,5,8,13
vantagem,7,6,13
geracao,7,6,13
age,12,1,13
fecha,12,1,13
legais,8,5,13
lanca,2,11,13
entidade,3,10,13
enorme,8,5,13
vaccari,10,3,13
favoraveis,3,10,13
bombardeiros,12,1,13
cometer,7,6,13
igrejas,8,5,13
exclusiva,7,6,13
imediato,3,10,13
invadir,11,2,13
mst,12,1,13
muda,6,7,13
multa,9,4,13
comentar,8,5,13
comandante,12,1,13
diferenca,5,8,13
certamente,7,6,13
chamados,6,7,13
armada,9,4,13
ex-presidentes,7,6,13
aprovou,3,10,13
mega,12,1,13
causou,8,5,13
usados,9,4,13
usam,7,6,13
uruguai,10,3,13
google,9,4,13
objeto,9,4,13
planetas,9,4,13
pinto,8,5,13
bonner,13,0,13
setores,7,6,13
aumentou,8,5,13
kalil,9,4,13
enviada,9,4,13
sertanejo,9,4,13
serraglio,7,6,13
trabalhando,11,2,13
humberto,13,0,13
transferencia,4,9,13
prendeu,7,6,13
praca,4,9,13
diretorio,3,10,13
direta,7,6,13
mbl,13,0,13
queixa,10,3,13
trabalhou,9,4,13
sul-coreano,4,9,13
castro,3,10,13
quilometros,3,10,13
randolfe,11,2,13
rapaz,11,2,13
planejamento,3,10,13
grampo,9,4,13
atender,6,7,13
envolvido,12,1,13
traz,1,12,13
campos,4,9,13
religioso,13,0,13
renato,7,6,13
domestica,5,8,13
deltan,12,1,13
conducao,5,8,13
normalmente,8,5,13
posicoes,2,11,13
portos,1,12,13
portanto,7,6,13
delegada,4,9,13
delegados,12,1,13
noblat,13,0,13
divulgadas,9,4,13
dividas,12,1,13
redor,5,8,13
gravidez,8,5,13
escapar,8,5,13
atentado,6,7,13
sites,10,3,13
honesta,13,0,13
expulsao,6,7,13
trajetoria,6,7,13
assistir,8,5,13
erro,7,6,13
escolher,7,6,13
preconceito,4,9,13
demonstra,11,2,13
posto,7,6,13
post,6,7,13
historiador,5,8,13
historias,2,11,13
jogador,6,7,13
especialmente,9,4,13
alimenticia,3,10,13
carolina,5,8,13
assinatura,5,8,13
tira,7,6,13
aspas,13,0,13
penas,8,5,13
pedra,10,3,13
afirmar,8,5,13
copa,9,4,13
encontrado,8,5,13
safadao,7,6,13
festival,2,11,13
velha,8,5,13
encontros,7,6,13
fome,9,4,13
loja,9,4,13
longa,6,7,13
bashar,8,5,13
ligacao,8,5,13
votado,8,5,13
aceitar,8,5,13
rumo,10,3,13
beneficiario,12,1,13
ricos,6,7,13
funcionaria,12,1,13
venezuelanos,4,9,13
gado,8,5,13
ouro,5,8,13
parlamento,8,5,13
corporacao,9,4,13
pau,11,1,12
participantes,5,7,12
original,5,7,12
partiu,10,2,12
fux,6,6,12
garante,6,6,12
vermelho,8,4,12
admite,4,8,12
feridos,1,11,12
ruim,10,2,12
rural,8,4,12
linhas,6,6,12
link,11,1,12
beneficiar,7,5,12
livros,6,6,12
revisao,3,9,12
bateu,6,6,12
absoluto,11,1,12
acougueiro,12,0,12
decidiram,2,10,12
daria,9,3,12
bla,12,0,12
beto,11,1,12
retirada,5,7,12
bombardear,10,2,12
bombardeio,4,8,12
bloqueio,3,9,12
reunioes,9,3,12
sbt,12,0,12
secretaria-geral,2,10,12
leste,4,8,12
barrar,6,6,12
velho,3,9,12
genero,8,4,12
aeronaves,10,2,12
curto,7,5,12
oportunidade,10,2,12
pasta,4,8,12
operador,6,6,12
explosao,8,4,12
tiro,10,2,12
ideias,7,5,12
assassinato,4,8,12
sozinhos,6,6,12
recibos,2,10,12
cardiaca,8,4,12
disparou,10,2,12
submarino,6,6,12
assinaram,7,5,12
janete,12,0,12
subiu,4,8,12
joaquim,8,4,12
som,6,6,12
ataca,9,3,12
demonstrou,11,1,12
nelson,3,9,12
nervoso,11,1,12
pouso,7,5,12
historica,6,6,12
erros,7,5,12
sobreviventes,5,7,12
sinal,9,3,12
calar,9,3,12
marcaram,0,12,12
divulga,9,3,12
recusa,11,1,12
marcio,4,8,12
marcou,5,7,12
famosa,6,6,12
trouxe,7,5,12
concorrer,9,3,12
democratica,4,8,12
pobres,8,4,12
haja,7,5,12
falando,10,2,12
faco,9,3,12
tratou,6,6,12
camisa,11,1,12
cacas,7,5,12
doencas,6,6,12
sol,7,5,12
errado,9,3,12
alegam,9,3,12
al-assad,7,5,12
polemicas,4,8,12
confirmado,11,1,12
conflitos,7,5,12
confirmacao,7,5,12
plateia,7,5,12
falsa,10,2,12
falha,5,7,12
super,12,0,12
sugere,10,2,12
catarina,7,5,12
rapida,8,4,12
queremos,11,1,12
artistas,3,9,12
tomando,9,3,12
premio,7,5,12
preocupa,5,7,12
deputada,6,6,12
nacionais,5,7,12
negociar,6,6,12
completamente,6,6,12
completar,5,7,12
pre-candidato,2,10,12
humanidade,6,6,12
hospitais,5,7,12
falhas,5,7,12
alianca,5,7,12
malafaia,12,0,12
brf,7,5,12
relataram,4,8,12
bombas,12,0,12
bons,6,6,12
justamente,7,5,12
continuara,9,3,12
contar,5,7,12
planilha,5,7,12
pista,8,4,12
obter,4,8,12
obteve,6,6,12
obrigado,7,5,12
pericia,1,11,12
aguarda,4,8,12
agredida,5,7,12
exato,12,0,12
meios,10,2,12
cautelar,5,7,12
dilma-temer,0,12,12
mentira,11,1,12
cerebro,8,4,12
tanques,10,2,12
armado,9,3,12
intuito,7,5,12
moto,10,2,12
comandar,7,5,12
comer,9,3,12
tomahawk,9,3,12
andar,9,3,12
aguas,9,3,12
governadores,8,4,12
farias,10,2,12
efeitos,5,7,12
efeito,5,7,12
resto,7,5,12
segredo,4,8,12
seguido,7,5,12
avisou,11,1,12
seguro,9,3,12
gesto,7,5,12
fechamento,3,9,12
peru,6,6,12
ocorrer,10,2,12
ex-assessor,8,4,12
termos,8,4,12
temporariamente,9,3,12
apresentacao,3,9,12
publicamente,10,2,12
publicitario,3,9,12
prostata,9,3,12
tentativas,3,9,12
estilo,9,3,12
procuradora-geral,1,11,12
moscou,6,6,12
prever,9,3,12
desfile,9,3,12
aparecer,11,1,12
thaad,12,0,12
impressionante,12,0,12
acreditar,7,5,12
acreditam,8,4,12
mineiro,10,2,12
milagre,9,3,12
pronto,8,4,12
promover,5,7,12
cita,7,5,12
inicial,4,8,12
estrategias,7,5,12
inocente,8,4,12
estudos,6,6,12
despacho,4,8,12
missao,5,7,12
profissao,11,1,12
destruicao,5,7,12
indicou,9,3,12
financeira,8,4,12
financeiras,4,8,12
frederico,5,7,12
fugir,6,6,12
frequencia,9,3,12
votaram,7,5,12
passaporte,8,4,12
parabens,12,0,12
rosa,7,5,12
fiscalizacao,6,6,12
fraudes,3,9,12
viva,8,4,12
acompanhado,7,5,12
parentes,5,7,12
palestra,7,5,12
conversar,7,5,12
acompanhamento,3,8,11
acompanhada,5,6,11
fortaleza,7,4,11
abe,5,6,11
vir,7,4,11
violentas,2,9,11
virtual,6,5,11
acidentes,6,5,11
iml,2,9,11
preliminares,4,7,11
comecam,7,4,11
comeco,4,7,11
tona,5,6,11
anistia,7,4,11
tiver,8,3,11
tipos,11,0,11
igual,8,3,11
explodir,10,1,11
prestaram,2,9,11
biografia,8,3,11
retrospectiva,0,11,11
retirou,5,6,11
retomada,2,9,11
eletronica,3,8,11
seguiu,6,5,11
azul,6,5,11
louco,7,4,11
rogerio,4,7,11
lancamentos,6,5,11
lama,6,5,11
ressaltou,5,6,11
restaurante,7,4,11
selecao,5,6,11
lesao,6,5,11
bebe,5,6,11
privada,4,7,11
humana,7,4,11
analisou,6,5,11
proibido,7,4,11
destruindo,11,0,11
proporcoes,10,1,11
indiciamento,8,3,11
cnn,10,1,11
testemunho,5,6,11
anunciaram,1,10,11
principio,2,9,11
tillerson,3,8,11
psc,6,5,11
chineses,9,2,11
infraestrutura,4,7,11
circuito,8,3,11
testar,6,5,11
autorizado,5,6,11
e-mails,3,8,11
maes,7,4,11
magistrados,7,4,11
vargas,8,3,11
semiaberto,2,9,11
pensa,6,5,11
felipe,6,5,11
utilizar,8,3,11
contrapartida,5,6,11
pence,5,6,11
terrorista,4,7,11
apoia,9,2,11
apoiadores,4,7,11
cia,4,7,11
determina,4,7,11
nele,7,4,11
infantil,5,6,11
nasceu,5,6,11
compartilhar,5,6,11
negro,8,3,11
torna,7,4,11
desafios,1,10,11
necessarias,8,3,11
perseguicao,6,5,11
planilhas,8,3,11
serve,6,5,11
sindrome,5,6,11
resgate,9,2,11
mail,10,1,11
aula,7,4,11
rejeitou,3,8,11
relacionado,4,7,11
equivalente,6,5,11
envolvimento,3,8,11
julga,6,5,11
dores,9,2,11
bracos,7,4,11
borges,3,8,11
bovina,6,5,11
merkel,5,6,11
provocacao,8,3,11
protestos,4,7,11
amarela,6,5,11
hoffmann,4,7,11
presidenciais,10,1,11
aposentado,7,4,11
merito,5,6,11
estrutura,4,7,11
chegando,7,4,11
denunciar,9,2,11
demora,4,7,11
quantia,6,5,11
altos,6,5,11
alunos,6,5,11
punido,9,2,11
dificuldades,2,9,11
digamos,9,2,11
tantos,10,1,11
intercontinental,6,5,11
questionou,9,2,11
teme,7,4,11
temor,6,5,11
mdb,0,11,11
surpresa,6,5,11
asiatico,4,7,11
artilharia,6,5,11
manteve,4,7,11
manifestar,8,3,11
cabe,7,4,11
socio,5,6,11
caiado,9,2,11
candidatar,6,5,11
campinas,5,6,11
permanecer,4,7,11
marcela,8,3,11
caju,11,0,11
percebeu,5,6,11
defesas,4,7,11
obama,3,8,11
pernambuco,5,6,11
categoria,7,4,11
cassar,5,6,11
estancar,11,0,11
esquemas,10,1,11
causada,6,5,11
quebrou,9,2,11
condenou,3,8,11
norte-americana,8,3,11
armamento,6,5,11
demitido,11,0,11
democratico,3,8,11
comunistas,10,1,11
conduta,9,2,11
portas,7,4,11
tribunais,4,7,11
demitida,3,8,11
caro,11,0,11
jogada,9,2,11
espanha,2,9,11
especiais,6,5,11
tutelar,0,11,11
consciencia,7,4,11
assinada,4,7,11
assinaturas,7,4,11
carlinhos,11,0,11
play,0,11,11
pleno,8,3,11
goleiro,5,6,11
pmdb-pr,5,6,11
reagir,6,5,11
disparos,0,11,11
guam,1,10,11
famosos,9,2,11
marques,8,3,11
recorde,2,9,11
recentes,8,3,11
caravana,3,8,11
reagiu,4,7,11
suspeitos,5,6,11
assessores,5,6,11
esplanada,7,4,11
escalao,7,4,11
emocional,10,1,11
liberal,0,11,11
rosto,5,6,11
convencer,4,7,11
parecem,6,5,11
codinome,6,5,11
terrorismo,7,4,11
preventivo,10,1,11
desespero,8,3,11
morta,0,11,11
seculo,9,2,11
sargento,7,4,11
revelam,2,9,11
russos,8,3,11
encaminhado,8,3,11
administrativa,7,4,11
advertencia,8,3,11
gaucha,2,9,11
ficava,8,3,11
leniencia,4,7,11
verba,6,5,11
filiado,4,7,11
adotado,2,9,11
frio,7,4,11
fiel,11,0,11
fidelix,7,4,11
fundos,5,6,11
acompanha,3,7,10
funcionamento,4,6,10
palestras,7,3,10
cresceu,2,8,10
correio,9,1,10
correcao,1,9,10
adiante,7,3,10
viajou,6,4,10
garantiu,3,7,10
seres,6,4,10
baleado,1,9,10
baixo,8,2,10
entendeu,4,6,10
luciana,9,1,10
riscos,2,8,10
biblia,5,5,10
eleita,5,5,10
listou,0,10,10
sabatina,6,4,10
roubo,4,6,10
sairam,3,7,10
bases,6,4,10
benesses,10,0,10
elogiou,5,5,10
lamia,8,2,10
citada,9,1,10
destaca,5,5,10
miudos,10,0,10
processar,10,0,10
explodiu,6,4,10
exploracao,2,8,10
trabalhador,9,1,10
ana,6,4,10
magistratura,6,4,10
inglaterra,5,5,10
inflacao,3,7,10
thiago,3,7,10
antigo,7,3,10
incluem,4,6,10
imunidade,4,6,10
imposto,3,7,10
degravacao,0,10,10
unir,2,8,10
turne,3,7,10
peticao,2,8,10
substituir,6,4,10
quimicos,6,4,10
espanhol,4,6,10
izar,7,3,10
registrados,7,3,10
gopi,9,1,10
goias,0,10,10
podia,4,6,10
alcancar,3,7,10
conheca,6,4,10
confirmaram,5,5,10
confirmam,5,5,10
marketing,7,3,10
recife,4,6,10
carioca,7,3,10
mau,7,3,10
mauricio,8,2,10
trio,8,2,10
falsas,8,2,10
registra,2,8,10
judiciais,2,8,10
esclarecer,6,4,10
esperanca,6,4,10
especificamente,7,3,10
iremos,10,0,10
surpreendeu,8,2,10
carceragem,6,4,10
israel,4,6,10
perigoso,8,2,10
ocorreram,6,4,10
ditado,9,1,10
calada,10,0,10
cai,3,7,10
rei,7,3,10
refere,7,3,10
recusou,8,2,10
estarao,4,6,10
cbn,2,8,10
consumo,4,6,10
defensores,4,6,10
defendem,5,5,10
defendendo,7,3,10
perigo,3,7,10
perigosa,7,3,10
conclusao,3,7,10
gutierrez,8,2,10
condominio,6,4,10
concurso,7,3,10
condenada,7,3,10
interrompeu,7,3,10
internos,7,3,10
interna,4,6,10
sugestao,2,8,10
jon,9,1,10
grades,10,0,10
porte,4,6,10
tropa,6,4,10
triste,8,2,10
trocando,9,1,10
noiva,4,6,10
postado,10,0,10
dentes,9,1,10
demonstrar,7,3,10
comprovar,8,2,10
compromissos,4,6,10
poucas,4,6,10
instancias,7,3,10
estrela,8,2,10
falam,5,5,10
facam,9,1,10
hamburgo,5,5,10
guilherme,7,3,10
transmitido,5,5,10
transpetro,8,2,10
transito,5,5,10
possuia,7,3,10
interessante,9,1,10
inteligente,9,1,10
tentando,8,2,10
apresentaram,4,6,10
mensal,5,5,10
meia,6,4,10
ptb,0,10,10
cervero,10,0,10
caes,5,5,10
cabelo,9,1,10
atingiu,5,5,10
registros,5,5,10
may,4,6,10
supostos,3,7,10
superiores,5,5,10
estatais,6,4,10
contam,2,8,10
tortura,8,2,10
tome,5,5,10
transferidos,5,5,10
negociacao,3,7,10
desabafou,9,1,10
natureza,7,3,10
tornozeleira,2,8,10
doou,8,2,10
restricoes,3,7,10
juntar,8,2,10
bruckner,10,0,10
perda,5,5,10
penitenciarios,6,4,10
ofereceu,2,8,10
ocupa,6,4,10
diabo,8,2,10
revelacao,9,1,10
braskem,3,7,10
boulos,4,6,10
economicas,2,8,10
atraso,3,7,10
ativos,3,7,10
duro,7,3,10
iniciativa,6,4,10
chamando,9,1,10
publicar,9,1,10
publicidade,9,1,10
aposta,1,9,10
deverao,5,5,10
metro,6,4,10
mike,4,6,10
enviado,5,5,10
justificar,6,4,10
revelacoes,5,5,10
sentiu,5,5,10
autorizar,5,5,10
aval,5,5,10
senso,8,2,10
magistrada,7,3,10
daqueles,7,3,10
africa,5,5,10
afirmaram,4,6,10
vaga,7,3,10
paula,3,7,10
pensam,8,2,10
fechada,6,4,10
gerou,5,5,10
cheio,7,3,10
terapia,2,8,10
aplicativo,4,6,10
pronta,7,3,10
perdido,6,4,10
controlada,3,7,10
penais,6,4,10
opinioes,5,5,10
completo,2,8,10
pre-candidatura,0,10,10
praticas,5,5,10
evolucao,1,9,10
evaristo,7,3,10
evangelica,8,2,10
indignacao,4,6,10
indios,8,2,10
fossem,3,7,10
vladimir,7,3,10
cpi,7,3,10
acontecendo,9,1,10
aceitou,1,9,10
waack,10,0,10
acompanhar,7,3,10
adolescentes,3,7,10
exercer,3,7,10
executiva,0,10,10
morrem,5,5,10
mora,6,4,10
procurar,6,4,10
fique,7,3,10
yunes,9,1,10
voos,7,3,10
cometido,6,4,10
comerciais,2,8,10
prejudicar,4,6,10
imaginar,8,2,10
animal,4,6,10
tocantins,4,6,10
imperio,4,6,10
exigiu,5,5,10
analisa,5,5,10
amorim,8,2,10
tido,5,5,10
identificados,3,7,10
municipios,4,6,10
descobriu,8,2,10
movendo,10,0,10
motorista,5,5,10
roubados,6,4,10
roraima,7,3,10
ligada,5,5,10
fronteiras,9,1,10
atacou,7,3,10
assuncao,6,4,10
solicitou,4,6,10
juan,6,4,10
cumpre,1,9,10
culpa,9,1,10
partidarios,3,7,10
curioso,10,0,10
culpado,7,3,10
licitacoes,3,7,10
emprestimo,2,8,10
roupa,5,5,10
previsoes,9,1,10
pagos,7,3,10
pacheco,4,6,10
cristiano,4,6,10
ouvidos,3,7,10
fumaca,10,0,10
paraiso,1,9,10
palhaco,7,3,10
adotar,6,4,10
vazamento,6,4,10
ficarao,9,1,10
bandeira,3,7,10
saudavel,8,2,10
ler,8,2,10
cobranca,6,4,10
colisao,5,5,10
absurdo,8,1,9
vivem,6,3,9
visualizacoes,8,1,9
visao,5,4,9
fizer,4,5,9
roubado,4,5,9
ronaldo,7,2,9
liderancas,1,8,9
licenca,7,2,9
empreendimento,3,6,9
livrar,8,1,9
lingua,7,2,9
bendine,0,9,9
rurais,5,4,9
basico,4,5,9
barra,7,2,9
encerra,7,2,9
leu,7,2,9
seguintes,6,3,9
engenheiro,7,2,9
resultados,2,7,9
resta,9,0,9
bastos,3,6,9
rex,3,6,9
reuters,6,3,9
email,9,0,9
online,4,5,9
olho,5,4,9
pereira,3,6,9
retrospectiva2017,9,0,9
retomar,5,4,9
elementos,6,3,9
ritmo,3,6,9
satelite,1,8,9
agencias,3,6,9
afirmando,5,4,9
passam,4,5,9
contravencao,3,6,9
peito,7,2,9
cut,3,6,9
dai,7,2,9
onda,7,2,9
terminou,3,6,9
aplicacao,3,6,9
inferno,9,0,9
indio,7,2,9
americanas,6,3,9
negativa,5,4,9
necessarios,3,6,9
preparando,7,2,9
anuncio,3,6,9
propos,3,6,9
propaganda,5,4,9
circula,6,3,9
cinema,0,9,9
desviar,5,4,9
milionario,8,1,9
microcefalia,7,2,9
promessa,4,5,9
destacar,9,0,9
independencia,2,7,9
ex-ministros,4,5,9
ex-ministra,4,5,9
incluir,4,5,9
theresa,4,5,9
anuncia,4,5,9
multas,1,8,9
descarta,3,6,9
idoso,1,8,9
identificar,4,5,9
identificou,9,0,9
indice,2,7,9
indevida,2,7,9
prontos,4,5,9
comunicacoes,5,4,9
compromisso,2,7,9
potencial,3,6,9
postagens,8,1,9
posteriormente,6,3,9
prefeitos,5,4,9
alerj,2,7,9
almoco,5,4,9
mentiras,7,2,9
apresentadora,7,2,9
estuda,6,3,9
estreia,1,8,9
iniciou,5,4,9
injuria,5,4,9
alencar,5,4,9
ponte,3,6,9
provocou,7,2,9
providencias,4,5,9
provincia,5,4,9
proprias,6,3,9
diagnostico,2,7,9
devolver,6,3,9
dever,6,3,9
metade,6,3,9
preocupados,8,1,9
toquio,4,5,9
amazonia,2,7,9
tramitacao,5,4,9
tradicional,3,6,9
extra,7,2,9
expulsar,3,6,9
homologacao,4,5,9
raul,6,3,9
rapidamente,7,2,9
raciocinio,7,2,9
invadiram,7,2,9
intolerancia,3,6,9
internacao,5,4,9
arquivo,8,1,9
nordeste,3,6,9
integracao,3,6,9
provocar,7,2,9
surto,8,1,9
arruda,7,2,9
superlotacao,1,8,9
causado,5,4,9
medicina,6,3,9
diretas,5,4,9
punicoes,3,6,9
membro,7,2,9
questionada,5,4,9
tantas,4,5,9
suspender,5,4,9
aprova,3,6,9
estiver,5,4,9
estatuto,1,8,9
fagundes,4,5,9
face,8,1,9
fabrica,3,6,9
habitantes,6,3,9
argumentos,6,3,9
argentina,3,6,9
taxa,3,6,9
certas,7,2,9
solaris,4,5,9
solidariedade,7,2,9
jbs-friboi,8,1,9
itapetininga,2,7,9
sudeste,5,4,9
carregando,7,2,9
unanimidade,0,9,9
conhecidos,5,4,9
especifico,5,4,9
ironia,8,1,9
sintomas,7,2,9
escalada,0,9,9
jogou,7,2,9
john,6,3,9
solo,4,5,9
solto,6,3,9
discriminacao,6,3,9
marqueteiro,5,4,9
marinho,3,6,9
capitulo,2,7,9
assassinatos,2,7,9
assalto,2,7,9
sovietica,0,9,9
espero,6,3,9
noivo,4,5,9
comunidades,1,8,9
tribuna,6,3,9
trimestre,1,8,9
fantasma,5,4,9
fantasmas,7,2,9
gravador,5,4,9
mataram,7,2,9
perspectiva,6,3,9
obviamente,9,0,9
obstruir,7,2,9
decretou,6,3,9
declarado,6,3,9
considera,3,6,9
continha,9,0,9
conteudos,4,5,9
registrar,7,2,9
repassados,3,6,9
cadeias,5,4,9
relatado,5,4,9
relatam,2,7,9
capazes,7,2,9
recebimento,6,3,9
sobretudo,1,8,9
governar,5,4,9
favoravel,3,6,9
faremos,9,0,9
air,8,1,9
usuarios,2,7,9
atendeu,1,8,9
reis,3,6,9
registrada,3,6,9
conheco,7,2,9
pessimo,6,3,9
definir,1,8,9
podre,9,0,9
conduzido,4,5,9
alegacoes,4,5,9
ajudaram,5,4,9
ajudou,2,7,9
semelhantes,5,4,9
lago,6,3,9
entrevistados,6,3,9
envelope,9,0,9
entregues,4,5,9
fechados,4,5,9
fecharam,3,6,9
varginha,6,3,9
shinzo,5,4,9
episodios,2,7,9
botafogo,1,8,9
domingos,3,6,9
duvidas,5,4,9
luxo,9,0,9
revelado,7,2,9
sente,5,4,9
requiao,5,4,9
repetir,9,0,9
repassado,6,3,9
mandatos,7,2,9
dura,6,3,9
dormir,7,2,9
restricao,2,7,9
sic,9,0,9
contem,5,4,9
datafolha,3,6,9
oeste,2,7,9
feminista,5,4,9
servir,5,4,9
relacionados,1,8,9
bumlai,7,2,9
respiracao,6,3,9
acontecera,6,3,9
vinho,9,0,9
vinicius,7,2,9
vieram,6,3,9
zanin,5,4,9
abc,2,7,9
forcado,3,6,9
liberar,5,4,9
william,7,2,9
frei,7,2,9
freitas,6,3,9
zelotes,4,5,9
finalizou,9,0,9
viralizou,7,2,9
vinte,6,3,9
acucar,5,4,9
adianta,7,2,9
adiar,6,3,9
viabilizar,1,8,9
garcia,9,0,9
ficha,5,4,9
fugiu,6,3,9
corporal,4,5,9
abertos,2,7,9
leitao,8,1,9
bolivia,4,5,9
afastou,1,8,9
gays,6,3,9
ficaria,4,5,9
ferimentos,4,5,9
gastar,8,1,9
vias,1,8,9
impede,7,2,9
imigrantes,4,5,9
ilicito,8,1,9
animais,4,5,9
aneurisma,9,0,9
tirou,5,4,9
companhias,5,4,9
muro,8,1,9
critico,3,6,9
cristiane,3,6,9
paginas,1,8,9
colocaram,7,2,9
mortas,3,6,9
moreno,3,6,9
coincidencia,7,2,9
codinomes,9,0,9
oposto,4,5,9
convidados,7,2,9
creche,1,8,9
covarde,9,0,9
paranaense,8,1,9
parceiro,5,4,9
paraiba,3,6,9
papeis,6,3,9
levy,3,6,9
partidaria,4,5,9
participaram,2,7,9
participa,2,7,9
otto,9,0,9
cumprimento,6,3,9
cujo,2,7,9
orbita,4,5,9
absoluta,6,2,8
willian,8,0,8
voltaram,2,6,8
abandonar,5,3,8
zero,4,4,8
vizinhos,5,3,8
abusos,1,7,8
voar,8,0,8
escarpas,6,2,8
especializada,3,5,8
lgbt,3,5,8
encontraram,5,3,8
enderecos,4,4,8
limpo,6,2,8
liderado,2,6,8
empresaria,6,2,8
encaminhada,3,5,8
irrita,8,0,8
esperava,7,1,8
linguagem,6,2,8
lobista,6,2,8
tributaria,0,8,8
alternativas,2,6,8
universal,7,1,8
turistas,7,1,8
uber,6,2,8
valdo,7,1,8
ahhh,8,0,8
agrediu,4,4,8
adquiriu,5,3,8
adriano,8,0,8
agindo,8,0,8
agiu,5,3,8
lutam,5,3,8
eleitorado,3,5,8
eletrica,5,3,8
loucura,6,2,8
irresponsavel,4,4,8
eficiencia,4,4,8
e-mail,5,3,8
economicos,3,5,8
magalhaes,7,1,8
eliminar,6,2,8
manifestaram,4,4,8
divulgados,5,3,8
efetivo,5,3,8
distante,2,6,8
investimento,3,5,8
estabelece,1,7,8
tornaram,4,4,8
tomado,5,3,8
tivemos,7,1,8
toa,6,2,8
transportar,7,1,8
tranquilo,5,3,8
amizade,5,3,8
frentes,0,8,8
frequentes,3,5,8
treinador,2,6,8
tremembe,0,8,8
altitude,8,0,8
altura,6,2,8
alteracao,4,4,8
funcoes,5,3,8
disputas,2,6,8
marqueteiros,3,5,8
discursou,3,5,8
medicamentos,7,1,8
dirigente,1,7,8
diplomata,7,1,8
materiais,5,3,8
disponiveis,4,4,8
dispositivo,5,3,8
disposto,4,4,8
diogo,8,0,8
digital,6,2,8
diferencas,1,7,8
meados,2,6,8
mentiroso,7,1,8
menores,5,3,8
intimidacao,4,4,8
aparentemente,6,2,8
teoria,2,6,8
tentaram,4,4,8
anteriores,1,7,8
terrivel,6,2,8
tese,7,1,8
fuzil,2,6,8
gabinetes,8,0,8
gabriela,1,7,8
antiga,2,6,8
antigos,4,4,8
tognolli,8,0,8
tomadas,2,6,8
anuencia,0,8,8
filmado,6,2,8
filmes,3,5,8
figueiredo,0,8,8
deveres,5,3,8
devidamente,4,4,8
detento,5,3,8
desviado,6,2,8
moon,0,8,8
montante,3,5,8
montar,7,1,8
monte,6,2,8
missa,5,3,8
estrada,3,5,8
sujo,8,0,8
suficientes,6,2,8
substituicao,4,4,8
assinar,6,2,8
surpreendente,3,5,8
artistico,6,2,8
ascensao,2,6,8
asia,3,5,8
surge,8,0,8
apuracao,2,6,8
apuracoes,2,6,8
armados,7,1,8
festas,5,3,8
ferias,4,4,8
descartada,6,2,8
descobertas,4,4,8
motoristas,2,6,8
movimentacao,3,5,8
desenvolver,1,7,8
naquele,3,5,8
namorada,5,3,8
desejo,4,4,8
desembarcar,4,4,8
descobrir,6,2,8
instabilidade,1,7,8
instagram,7,1,8
desastre,4,4,8
negar,4,4,8
necessariamente,7,1,8
depressao,5,3,8
nascimento,2,6,8
natural,7,1,8
dependencias,6,2,8
integridade,5,3,8
inspecao,3,5,8
atuais,5,3,8
atracao,7,1,8
sessoes,3,5,8
sexto,3,5,8
shopping,6,2,8
simpatia,6,2,8
fbi,7,1,8
gelo,6,2,8
george,5,3,8
solar,3,5,8
solicitado,4,4,8
sorte,4,4,8
soube,6,2,8
sozinha,6,2,8
getulio,7,1,8
feio,7,1,8
feliz,6,2,8
nomeado,3,5,8
new,5,3,8
nisso,6,2,8
nesses,6,2,8
dei,6,2,8
definitivamente,7,1,8
norma,2,6,8
norte-americanos,8,0,8
norte-coreanas,6,2,8
estudar,4,4,8
etapa,2,6,8
delatar,8,0,8
objetivos,4,4,8
objetos,5,3,8
inocentes,3,5,8
bagatini,2,6,8
banho,6,2,8
autos,3,5,8
senti,7,1,8
segurancas,8,0,8
serviu,5,3,8
aulas,4,4,8
atuando,3,5,8
atuava,6,2,8
sentir,7,1,8
sequencia,4,4,8
avaliar,6,2,8
gil,7,1,8
globonews,1,7,8
autonomia,3,5,8
ocidentais,2,6,8
deficiencia,3,5,8
cuja,2,6,8
cruzeiro,1,7,8
otavio,2,6,8
cumpriu,2,6,8
cuida,5,3,8
ex-chefe,3,5,8
evidencias,6,2,8
infancia,4,4,8
pan,8,0,8
criado,4,4,8
criador,5,3,8
paciente,4,4,8
padre,5,3,8
credibilidade,6,2,8
cortar,6,2,8
cortes,2,6,8
parado,4,4,8
coronel,6,2,8
partidario,4,4,8
parecido,8,0,8
passos,0,8,8
inedito,3,5,8
inevitavel,4,4,8
indignado,8,0,8
benfica,4,4,8
besteira,8,0,8
boatos,2,6,8
rodovia,2,6,8
roma,7,1,8
rocinha,0,8,8
saia,3,5,8
beira,4,4,8
grau,7,1,8
gravado,3,5,8
gostou,7,1,8
bate,6,2,8
pastora,7,1,8
patamar,3,5,8
passagem,3,5,8
passara,5,3,8
peco,8,0,8
pedacos,5,3,8
ex-procurador,3,5,8
pedras,3,5,8
peemedebistas,2,6,8
convocar,6,2,8
pentagono,2,6,8
continuidade,4,4,8
exatos,4,4,8
reputacao,4,4,8
representar,5,3,8
repasse,5,3,8
brincadeira,8,0,8
resolucao,2,6,8
respectivos,7,1,8
restringir,5,3,8
brutal,3,5,8
habitos,4,4,8
retorno,5,3,8
retaliacao,5,3,8
perdendo,8,0,8
perderam,6,2,8
pequenas,3,5,8
pensar,5,3,8
consorcio,4,4,8
personagem,4,4,8
permitiu,5,3,8
perdas,4,4,8
conjuntos,6,2,8
consumidor,6,2,8
constam,5,3,8
constrangimento,7,1,8
considerou,1,7,8
inaceitavel,5,3,8
plataforma,0,8,8
consideracao,3,5,8
consideradas,5,3,8
caetano,2,6,8
regioes,5,3,8
referentes,3,5,8
caciques,6,2,8
cabecas,2,6,8
cabeleireiro,7,1,8
falava,5,3,8
remuneracao,5,3,8
cache,7,1,8
repente,4,4,8
renuncie,4,4,8
falado,4,4,8
confessa,8,0,8
confia,4,4,8
conclui,5,3,8
concordaram,2,6,8
concedida,4,4,8
portao,4,4,8
popularidade,5,3,8
competentes,7,1,8
comparacao,5,3,8
computadores,6,2,8
poupou,8,0,8
complicar,8,0,8
compoem,4,4,8
prestados,5,3,8
preocupar,6,2,8
precos,3,5,8
primeiro-ministro,6,2,8
comemoracao,6,2,8
comenta,3,5,8
comandada,7,1,8
procedimentos,4,4,8
privacidade,8,0,8
colo,6,2,8
cobrou,4,4,8
causando,7,1,8
causas,5,3,8
querer,7,1,8
quarteis,6,2,8
ceu,5,3,8
rebelioes,4,4,8
catolica,6,2,8
homologar,7,1,8
cardeal,7,1,8
capacidades,8,0,8
cao,7,1,8
refinaria,6,2,8
recuperar,4,4,8
reduzido,6,2,8
recomendou,1,7,8
reconhecer,3,5,8
extrema,5,3,8
cinemas,0,8,8
proibe,6,2,8
chile,4,4,8
protestam,5,3,8
protestar,4,4,8
protocolou,1,7,8
propoe,5,3,8
honestidade,7,1,8
pudesse,3,5,8
chefao,7,1,8
chuva,6,2,8
expor,7,1,8
expedido,4,4,8
homossexuais,6,2,8
esclareceu,5,3,8
escolar,2,6,8
jungmann,6,2,8
juntamente,7,1,8
equipes,5,3,8
envio,3,5,8
envolvidas,3,5,8
entram,4,4,8
entraram,7,1,8
jurista,6,2,8
lados,6,2,8
vendo,6,2,8
velocidade,3,5,8
advertiu,4,4,8
afastada,4,4,8
verificar,4,4,8
vermelha,7,1,8
vento,6,2,8
verbas,4,4,8
acre,4,4,8
videoconferencia,4,4,8
abrigo,2,5,7
achar,4,3,7
violentos,2,5,7
viram,3,4,7
fixado,6,1,7
flagra,7,0,7
formas,2,5,7
forem,5,2,7
formada,4,3,7
acredita-se,4,3,7
vigor,1,6,7
vindo,5,2,7
vinha,4,3,7
viaturas,7,0,7
admitir,4,3,7
adilson,2,5,7
vespera,0,7,7
vesperas,4,3,7
vera,6,1,7
venezuelano,5,2,7
vencer,5,2,7
aereas,7,0,7
aleluia,5,2,7
alema,2,5,7
especulacoes,4,3,7
esperancas,4,3,7
lins,6,1,7
limitada,6,1,7
limitar,2,5,7
limpa,4,3,7
ultrapassou,6,1,7
unem,5,2,7
alegria,6,1,7
turismo,3,4,7
tripulacao,3,4,7
trocar,5,2,7
alias,3,4,7
trinta,4,3,7
fox,6,1,7
foguetes,6,1,7
validade,2,5,7
vandalos,6,1,7
vagabundos,6,1,7
aguardar,4,3,7
utilizacao,5,2,7
agradecer,5,2,7
edison,5,2,7
maggi,2,5,7
lugares,4,3,7
louca,6,1,7
embaixadores,3,4,7
embaixadora,3,4,7
vazou,7,0,7
frances,0,7,7
clientes,6,1,7
clamor,6,1,7
citadas,5,2,7
coibir,4,3,7
cocaina,3,4,7
coercitiva,2,5,7
clt,3,4,7
pro,3,4,7
radical,3,4,7
questionamentos,1,6,7
cem,4,3,7
queira,5,2,7
querendo,5,2,7
cesar,5,2,7
iguais,3,4,7
ida,4,3,7
reclamou,5,2,7
exposicoes,0,7,7
caras,7,0,7
recebia,2,5,7
realizaram,2,5,7
rebateu,4,3,7
carga,3,4,7
razoes,4,3,7
prorrogacao,0,7,7
cingapura,4,3,7
cinzas,6,1,7
prontidao,6,1,7
promotor,1,6,7
promovido,3,4,7
proibiu,3,4,7
recorreu,1,6,7
confessou,5,2,7
conduzir,5,2,7
poderosas,6,1,7
condenar,7,0,7
poco,6,1,7
incendio,3,4,7
renunciar,5,2,7
repare,7,0,7
exemplos,4,3,7
pre-candidatos,0,7,7
praticados,3,4,7
postada,7,0,7
postura,1,6,7
potencia,1,6,7
conceito,4,3,7
poe,1,6,7
prende,3,4,7
comite,1,6,7
comentarista,5,2,7
impedido,4,3,7
exibido,4,3,7
exclusivamente,5,2,7
exclusividade,3,4,7
exclusivo,5,2,7
processados,3,4,7
privado,5,2,7
collor,6,1,7
previu,7,0,7
primeira-ministra,3,4,7
comedia,0,7,7
pressionar,2,5,7
preparado,6,1,7
conseguira,4,3,7
pernas,5,2,7
perito,4,3,7
perdi,4,3,7
continente,5,2,7
contendo,6,1,7
pequenos,2,5,7
pensamento,1,6,7
reforco,2,5,7
referia,6,1,7
conheceu,4,3,7
conhecia,5,2,7
confrontos,0,7,7
conquistar,3,4,7
conseguem,6,1,7
conseguia,7,0,7
cachorro,6,1,7
cachorros,4,3,7
cabelos,3,4,7
relembre,0,7,7
calunia,4,3,7
regionais,3,4,7
cancelar,4,3,7
reforcar,5,2,7
holiday,6,1,7
fake,4,3,7
falaram,3,4,7
facilitar,3,4,7
helio,6,1,7
hemorragico,2,5,7
remedios,5,2,7
caca,2,5,7
continuarao,4,3,7
excecao,4,3,7
ex-marido,7,0,7
ex-prefeito,2,5,7
peixe,7,0,7
pedi,6,1,7
pedia,6,1,7
convocou,2,5,7
resolveram,5,2,7
reservado,5,2,7
repudio,7,0,7
reportagens,0,7,7
reporteres,5,2,7
representacao,2,5,7
contraria,4,3,7
contratado,3,4,7
bono,1,6,7
bope,2,5,7
britanica,2,5,7
bretas,2,5,7
respeita,6,1,7
respeitar,3,4,7
respeite,7,0,7
resolve,7,0,7
pensando,6,1,7
haveria,7,0,7
helicopteros,5,2,7
guardar,3,4,7
guardian,2,5,7
retornar,6,1,7
restante,3,4,7
respostas,3,4,7
bilionarios,6,1,7
berlim,1,6,7
reverter,4,3,7
bois,1,6,7
bola,4,3,7
indiretas,5,2,7
indonesia,4,3,7
indicado,3,4,7
batochio,5,2,7
rota,2,5,7
rouba,7,0,7
romano,1,6,7
rivais,3,4,7
bimotor,6,1,7
bezerra,4,3,7
bicho,3,4,7
patmos,4,3,7
san,5,2,7
faltar,7,0,7
fantastico,4,3,7
batalhao,4,3,7
safado,7,0,7
beleza,0,7,7
ruins,5,2,7
cooperacao,1,6,7
convite,4,3,7
convivencia,3,4,7
peculato,3,4,7
contudo,3,4,7
patriota,0,7,7
patrocinadores,5,2,7
pavoroso,7,0,7
optou,1,6,7
danilo,2,5,7
operadores,4,3,7
omc,0,7,7
ong,2,5,7
olimpiada,0,7,7
datas,2,5,7
dava,1,6,7
infarto,3,4,7
infeccao,3,4,7
infeliz,7,0,7
ouca,6,1,7
orientou,5,2,7
organizar,4,3,7
cultural,1,6,7
ops,7,0,7
parecia,3,4,7
parceiros,3,4,7
paraguai,2,5,7
paralelo,4,3,7
pane,1,6,7
paciencia,4,3,7
ingresso,3,4,7
influenciar,5,2,7
indiciado,4,3,7
india,4,3,7
correndo,5,2,7
paris,0,7,7
parque,2,5,7
participado,2,5,7
crescendo,3,4,7
costuma,6,1,7
estruturadas,2,5,7
estrelas,3,4,7
iniciar,2,5,7
inimigos,4,3,7
delatora,2,5,7
deflagracao,3,4,7
deixado,5,2,7
noticiario,1,6,7
bancarias,5,2,7
bancarios,4,3,7
sanguineo,7,0,7
salva,5,2,7
dedo,7,0,7
declarar,5,2,7
novidade,4,3,7
inocencia,5,2,7
augusta,0,7,7
avancar,4,3,7
avalia,2,5,7
sentia,5,2,7
sentimento,5,2,7
semelhante,2,5,7
aviso,6,1,7
barack,2,5,7
ofensiva,4,3,7
oferece,4,3,7
decorrente,0,7,7
favores,5,2,7
fases,1,6,7
faturamento,6,1,7
gostaria,6,1,7
gloria,4,3,7
institucional,3,4,7
naval,4,3,7
munhoz,0,7,7
descoberto,6,1,7
descartou,3,4,7
mudam,2,5,7
desobediencia,6,1,7
apresentacoes,3,4,7
simbolo,4,3,7
atualizado,5,2,7
atleta,1,6,7
atores,5,2,7
negros,5,2,7
negociada,3,4,7
negociou,5,2,7
integram,2,5,7
assustador,2,5,7
sofrimento,4,3,7
atingiram,4,3,7
atestado,5,2,7
atinge,1,6,7
atingida,4,3,7
atende,3,4,7
silas,5,2,7
normas,2,5,7
noruega,7,0,7
delatou,7,0,7
neymar,6,1,7
nessas,4,3,7
feminino,5,2,7
faziam,6,1,7
atacado,5,2,7
destruido,7,0,7
destroi,5,2,7
determinar,4,3,7
detencao,3,4,7
determinado,3,4,7
detalhou,5,2,7
militantes,5,2,7
mineira,5,2,7
submeter,5,2,7
interino,2,5,7
interlocutores,3,4,7
estiveram,4,3,7
estejam,4,3,7
estima,5,2,7
estima-se,5,2,7
interceptado,1,6,7
tarefa,4,3,7
tarefas,4,3,7
articulacao,2,5,7
arsenal,3,4,7
art,6,1,7
superintendencia,4,3,7
superar,1,6,7
suecia,5,2,7
apresentam,2,5,7
ferido,5,2,7
fernandes,1,6,7
garota,2,5,7
garantias,5,2,7
apontar,3,4,7
aproximacao,2,5,7
tapa,4,3,7
interrogado,2,5,7
interrupcao,3,4,7
internas,2,5,7
digo,7,0,7
dificuldade,0,7,7
melhorar,4,3,7
diarias,4,3,7
medeiros,4,3,7
aplicada,3,4,7
apoiam,7,0,7
apartamentos,4,3,7
apelido,5,2,7
teor,5,2,7
teologia,4,3,7
mendonca,2,5,7
mensais,6,1,7
figuras,6,1,7
gabriel,5,2,7
anteriormente,3,4,7
anterior,0,7,7
terco,2,5,7
terras,3,4,7
terremoto,5,2,7
territorios,5,2,7
milhas,7,0,7
devedores,3,4,7
devemos,5,2,7
metodos,2,5,7
mesada,6,1,7
mera,5,2,7
mensalao,3,4,7
texas,2,5,7
mantido,4,3,7
mantidos,4,3,7
estabilidade,5,2,7
dobro,3,4,7
documentacao,3,4,7
documentario,1,6,7
duracao,3,4,7
domingao,5,2,7
anac,3,4,7
amparo,2,5,7
tornando,2,5,7
torres,3,4,7
angustiado,6,1,7
angela,4,3,7
distribuicao,4,3,7
mantidas,2,5,7
funcionou,5,2,7
fiquem,4,3,7
treinamento,4,3,7
tratava,1,6,7
transmissao,5,2,7
tramita,2,5,7
amaral,6,1,7
tragico,6,1,7
disparar,3,4,7
marcas,3,4,7
marqueteira,1,6,7
divisao,3,4,7
manuel,4,3,7
altera,6,1,7
fundamento,5,2,7
funciona,5,2,7
voltamos,6,1,7
voltara,5,2,7
fomos,4,3,7
abastecer,6,1,7
volte,5,2,7
absolvicao,2,5,7
abriga,3,4,7
afeganistao,4,3,7
acalmar,6,1,7
aceito,5,2,7
aco,1,6,7
absurda,4,3,7
acerto,3,4,7
viveu,5,2,7
acertou,4,3,7
visitar,7,0,7
leonardo,4,3,7
letras,3,4,7
encaminhados,3,4,7
leia-se,7,0,7
entenda,1,6,7
enfrenta,2,5,7
jaques,3,4,7
jobim,3,4,7
ligadas,4,3,7
liderada,6,1,7
empregada,4,3,7
liberou,3,4,7
lewandowski,7,0,7
levada,4,3,7
levados,3,4,7
encontrada,4,3,7
quantos,2,5,7
existir,5,2,7
chegado,5,2,7
chorou,6,1,7
chinesa,3,4,7
proximidade,4,3,7
cheiro,5,2,7
protocolada,3,4,7
escolheu,3,4,7
jogos,1,6,7
errou,5,2,7
escala,3,4,7
acompanham,0,7,7
chamadas,4,3,7
quadros,3,4,7
quantas,3,4,7
juventude,2,5,7
juridicos,3,4,7
juristas,4,3,7
juros,1,6,7
equipamento,4,3,7
envolvem,4,3,7
julgados,1,6,7
escreve,7,0,7
jae-in,0,7,7
escrito,6,1,7
isis,7,0,7
ivan,6,1,7
lasier,7,0,7
envia,6,1,7
enviadas,5,2,7
laboratorio,3,4,7
japonesa,3,3,6
flagrou,6,0,6
justificativa,4,2,6
justifica,3,3,6
abrigos,6,0,6
julgara,4,2,6
julgamentos,1,5,6
fornece,3,3,6
votada,5,1,6
votou,3,3,6
vulneraveis,3,3,6
formalmente,5,1,6
vocabulario,5,1,6
joga,5,1,6
fisico,4,2,6
fixa,6,0,6
visitas,4,2,6
escolhido,4,2,6
escondido,4,2,6
fluxo,6,0,6
acionada,5,1,6
conversado,2,4,6
conversando,3,3,6
pega,5,1,6
pego,6,0,6
pele,3,3,6
flagrados,5,1,6
ex-lider,2,4,6
israelense,1,5,6
jader,1,5,6
acredito,4,2,6
james,3,3,6
resende,6,0,6
acontecido,5,1,6
acusando,6,0,6
repassar,6,0,6
subir,6,0,6
perspectivas,1,5,6
violando,4,2,6
permitido,2,4,6
percepcao,1,5,6
pensava,5,1,6
sujeito,5,1,6
incrivel,3,3,6
ex-presidenta,6,0,6
ex-senador,4,2,6
ex-tesoureiro,3,3,6
contrarias,2,4,6
contrarios,0,6,6
indeferida,5,1,6
indiciados,3,3,6
correria,4,2,6
pecuarista,4,2,6
pecuaristas,6,0,6
consultor,2,4,6
incompetente,3,3,6
pesquisadores,4,2,6
constantemente,3,3,6
peter,4,2,6
inelegivel,1,5,6
havai,5,1,6
esforcos,4,2,6
espacos,2,4,6
espalhou,3,3,6
especifica,5,1,6
larga,3,3,6
representam,6,0,6
repressao,0,6,6
gritaria,4,2,6
resistencia,2,4,6
engevix,0,6,6
facilmente,4,2,6
respeitado,4,2,6
gigante,2,4,6
fechadas,2,4,6
feminicidio,0,6,6
pessima,4,2,6
consumidores,4,2,6
fenomeno,4,2,6
fere,5,1,6
cooperativa,1,5,6
pezao,1,5,6
geralmente,4,2,6
pha,6,0,6
piaui,2,4,6
pib,4,2,6
pistas,3,3,6
considerados,3,3,6
cortella,6,0,6
administrativo,3,3,6
endereco,2,4,6
viatura,4,2,6
vice-presidencia,2,4,6
boechat,6,0,6
repertorio,0,6,6
vila,5,1,6
guevara,1,5,6
haley,2,4,6
reuniram,1,5,6
blogueiro,4,2,6
harmonia,1,5,6
surgimento,2,4,6
surgiram,2,4,6
arte,2,4,6
indireta,3,3,6
artigos,4,2,6
patrao,6,0,6
patria,5,1,6
considerar,0,6,6
suspeicao,0,6,6
participando,5,1,6
participava,5,1,6
suspendeu,4,2,6
suspenso,3,3,6
aquisicao,4,2,6
sustentar,6,0,6
tailandia,5,1,6
sus,4,2,6
vendidos,3,3,6
liberados,2,4,6
viagens,5,1,6
levantou,6,0,6
libera,2,4,6
leitura,1,5,6
lascou,6,0,6
lata,6,0,6
lar,4,2,6
laranja,2,4,6
verbo,6,0,6
letra,4,2,6
encaminhar,3,3,6
encarar,3,3,6
leitores,0,6,6
adesao,3,3,6
correm,2,4,6
correto,5,1,6
indevidas,2,4,6
covardia,2,4,6
confuso,5,1,6
conhecem,5,1,6
conhecer,3,3,6
correta,5,1,6
confirmar,3,3,6
imprudente,5,1,6
implementacao,1,5,6
incidente,2,4,6
lincoln,2,4,6
livres,1,5,6
ventilador,5,1,6
limitacao,3,3,6
relevante,2,4,6
religiao,1,5,6
remedio,3,3,6
rejeicao,3,3,6
rejeita,1,5,6
versoes,0,6,6
cabera,3,3,6
assume,4,2,6
assusta,5,1,6
sonhos,4,2,6
asteroides,3,3,6
confiar,2,4,6
creditos,4,2,6
parede,2,4,6
surgiu,3,3,6
posicionamento,1,5,6
particulares,5,1,6
atingira,4,2,6
criminalista,2,4,6
tasso,1,5,6
palanque,4,2,6
populares,3,3,6
paradeiro,2,4,6
argumenta,3,3,6
atirar,2,4,6
incentivos,1,5,6
sofrida,5,1,6
concentracao,2,4,6
composta,5,1,6
possibilidades,4,2,6
atitudes,3,3,6
potencialmente,4,2,6
potencias,4,2,6
tecnicas,2,4,6
roupas,4,2,6
caminhoes,4,2,6
refugiados,1,5,6
caixas,1,5,6
calma,6,0,6
aereos,4,2,6
blairo,2,4,6
bernardes,6,0,6
revolucao,1,5,6
telefonico,4,2,6
cui,2,4,6
evidencia,1,5,6
evidentemente,3,3,6
ovacionado,4,2,6
crises,4,2,6
crescente,0,6,6
cresceram,1,5,6
cria,3,3,6
orientacoes,3,3,6
oriente,3,3,6
aprender,6,0,6
inferiores,3,3,6
eliana,6,0,6
eleger,3,3,6
elegeu,3,3,6
financiou,3,3,6
finalidade,2,4,6
vejo,4,2,6
financeiros,4,2,6
financiamentos,2,4,6
beijo,4,2,6
camarotti,3,3,6
camera,5,1,6
frango,4,2,6
robinson,3,3,6
rock,1,5,6
canais,2,4,6
camarote,6,0,6
otimo,2,4,6
aprovaram,3,3,6
evangelho,3,3,6
apreendido,3,3,6
situado,5,1,6
skate,2,4,6
soberania,5,1,6
praia,4,2,6
comprovado,6,0,6
comunicou,3,3,6
custa,5,1,6
similar,2,4,6
simultaneamente,3,3,6
garantia,2,4,6
gasolina,4,2,6
cura,6,0,6
atrair,2,4,6
compareceu,4,2,6
comparou,4,2,6
execucoes,1,5,6
compras,2,4,6
excluir,3,3,6
luto,2,4,6
macaco,2,4,6
einstein,4,2,6
duras,2,4,6
mainardi,6,0,6
eis,6,0,6
elaborar,4,2,6
lutar,4,2,6
embarcacao,2,4,6
embate,1,5,6
embaixada,5,1,6
lourenco,2,4,6
lucro,3,3,6
embaixo,4,2,6
aprendeu,1,5,6
apresentadas,2,4,6
tenso,4,2,6
custodia,4,2,6
olhar,4,2,6
oms,1,5,6
onze,4,2,6
dag,3,3,6
damasco,2,4,6
aparencia,3,3,6
define,2,4,6
ocorrem,3,3,6
okamoto,6,0,6
debora,2,4,6
oferta,2,4,6
david,0,6,6
ogivas,6,0,6
debaixo,6,0,6
deficit,2,4,6
homologada,1,5,6
sabiam,5,1,6
saco,5,1,6
saem,5,1,6
sagrado,2,4,6
foguete,3,3,6
fortalecimento,2,4,6
varanda,3,3,6
roteiro,1,5,6
extremo,6,0,6
benedicto,3,3,6
reclusao,5,1,6
extorsao,4,2,6
extraordinaria,1,5,6
extremas,6,0,6
ronda,2,4,6
anticorrupcao,2,4,6
anual,4,2,6
termina,1,5,6
impasse,0,6,6
favorecer,2,4,6
audios,5,1,6
aumenta,2,4,6
prevencao,3,3,6
globais,2,4,6
comeu,6,0,6
gosta,4,2,6
companheiro,5,1,6
audiencias,3,3,6
vallisney,0,6,6
valorizacao,1,5,6
investigam,1,5,6
investigando,5,1,6
mantinha,3,3,6
maquina,5,1,6
afundar,4,2,6
estaremos,6,0,6
lojas,3,3,6
capitais,2,4,6
capitao,5,1,6
capitolio,5,1,6
iraque,6,0,6
reclamar,4,2,6
holofotes,3,3,6
beneficiou,3,3,6
logica,3,3,6
preparacao,4,2,6
pressa,3,3,6
preparados,1,5,6
definida,4,2,6
ficcao,1,5,6
antecipar,5,1,6
anthony,2,4,6
dedos,2,4,6
ganham,3,3,6
tio,5,1,6
apagar,4,2,6
testando,4,2,6
estranho,5,1,6
novis,0,6,6
estudantes,3,3,6
gabrielli,1,5,6
discutem,0,6,6
discutiram,0,6,6
margem,1,5,6
recebi,4,2,6
disponivel,3,3,6
utilizada,3,3,6
agressivo,5,1,6
agressoes,4,2,6
fotografa,1,5,6
investidores,1,5,6
dispara,3,3,6
essenciais,4,2,6
pretendem,1,5,6
comandou,4,2,6
comemorar,2,4,6
comemorou,2,4,6
declarados,3,3,6
prevista,4,2,6
principios,3,3,6
prioridade,2,4,6
colegiado,1,5,6
coletivo,4,2,6
comanda,4,2,6
privilegios,1,5,6
presta,2,4,6
prestacao,3,3,6
colocando,4,2,6
governantes,5,1,6
batizada,1,5,6
urbana,1,5,6
diploma,6,0,6
diplomacia,1,5,6
marun,2,4,6
bate-boca,4,2,6
saido,2,4,6
cartas,4,2,6
realizados,3,3,6
realizando,4,2,6
maracana,2,4,6
deixando,5,1,6
del,1,5,6
figurinista,3,3,6
filiacao,1,5,6
iniciaram,2,4,6
prestadas,3,3,6
angola,1,5,6
nestor,6,0,6
netto,0,6,6
titular,2,4,6
niveis,5,1,6
delirio,6,0,6
nobel,2,4,6
noites,2,4,6
depende,2,4,6
intensiva,2,4,6
deliberacao,4,2,6
nicolas,3,3,6
analista,3,3,6
torre,5,1,6
cobrar,4,2,6
delcidio,5,1,6
cofre,3,3,6
profundamente,4,2,6
instaurada,1,5,6
aldemir,0,6,6
divide,2,4,6
usava,4,2,6
usp,5,1,6
uniforme,2,4,6
universitario,1,5,6
queijo,6,0,6
valer,4,2,6
aguardando,6,0,6
casada,4,2,6
urso,2,4,6
ramo,4,2,6
rara,2,4,6
baseado,2,4,6
batalha,1,5,6
procurando,5,1,6
produtora,2,4,6
nervosa,4,2,6
inteira,5,1,6
coercitivas,0,6,6
negativas,6,0,6
negativo,2,4,6
anexo,1,5,6
citam,2,4,6
humor,1,5,6
iguacu,2,4,6
igualdade,2,4,6
sentindo,4,2,6
auxiliar,1,5,6
ignora,6,0,6
auxiliares,4,2,6
explicacao,6,0,6
explicacoes,3,3,6
intervir,6,0,6
meninas,3,3,6
inumeras,4,2,6
mentor,6,0,6
merecem,4,2,6
massacres,1,5,6
dirigiu,2,4,6
divisas,2,4,6
intermediar,4,2,6
digna,6,0,6
digno,2,4,6
avaliado,5,1,6
avanca,0,6,6
derrubou,4,2,6
desabafo,5,1,6
desarmamento,0,6,6
negado,3,3,6
negam,2,4,6
semestre,1,5,6
cientista,2,4,6
and,2,4,6
municao,5,1,6
musa,0,6,6
navais,2,4,6
depositos,3,3,6
classifica,4,2,6
desgaste,1,5,6
transmitir,5,1,6
transportava,4,2,6
descriminalizacao,2,4,6
desdobramento,1,5,6
desdobramentos,1,5,6
desembarcou,6,0,6
desesperado,5,1,6
saudaveis,4,2,6
samba,0,6,6
microfone,5,1,6
miguel,2,4,6
milagres,6,0,6
dialogar,2,4,6
alheia,5,1,6
salas,4,2,6
queriam,3,3,6
questiona,3,3,6
aluguel,3,3,6
celebridades,3,3,6
celulares,5,1,6
exportacao,2,4,6
exportacoes,1,5,6
desconhecido,1,5,6
descreve,2,4,6
ambulancia,3,3,6
traficante,4,2,6
traficantes,3,3,6
mudaram,1,5,6
seguindo,6,0,6
provenientes,3,3,6
circo,6,0,6
provocacoes,4,2,6
provocado,4,2,6
provocando,4,2,6
protocolo,2,4,6
baiana,5,1,6
bala,5,1,6
hostilizado,6,0,6
pudessem,3,3,6
sedada,1,5,6
chanceler,4,2,6
milionarios,5,1,6
destruiram,6,0,6
minima,4,2,6
medicas,4,2,6
cerveja,4,2,6
quaisquer,3,3,6
censura,5,1,6
cercado,4,2,6
familiar,2,4,6
faleceu,6,0,6
diminuir,3,3,6
balanco,3,3,6
baleados,3,3,6
baleia,3,3,6
estragada,6,0,6
desmoralizar,5,1,6
psb,3,3,6
desistiu,2,4,6
psicologico,1,5,6
prudente,3,3,6
firmar,2,4,6
firme,4,2,6
frear,2,4,6
barbalho,1,5,6
altar,1,5,6
destinados,2,4,6
mole,6,0,6
band,4,2,6
bando,5,1,6
albert,4,2,6
trupe,6,0,6
tumulto,3,3,6
chamaram,2,4,6
chamava,6,0,6
moram,3,3,6
chave,5,1,6
satelites,2,4,6
alasca,3,3,6
interessa,5,1,6
fred,6,0,6
tratada,5,1,6
detectar,3,3,6
metas,2,4,6
ministro-chefe,2,4,6
miranda,3,3,6
detectou,3,3,6
detenta,6,0,6
desempregados,3,3,6
metais,3,3,6
metalurgicos,3,3,6
alimentacao,6,0,6
alimentar,4,2,6
desrespeito,2,4,6
entrarao,5,1,6
entregaram,3,3,6
lamachia,2,4,6
entretanto,3,3,6
entretenimento,3,3,6
jornada,4,2,6
josias,6,0,6
lacuna,1,5,6
gravaram,2,4,6
gravata,6,0,6
xingado,6,0,6
acompanhou,1,5,6
enviando,4,2,6
visitou,3,3,6
acolhimento,1,5,6
abastecimento,1,5,6
aconteca,4,2,6
pensou,5,1,6
submarinos,4,2,6
pertencem,4,2,6
contabilidade,4,2,6
assassina,5,1,6
assassino,6,0,6
assegurar,3,3,6
contabilizados,1,5,6
envolveu,3,3,6
escravo,1,5,6
equador,5,1,6
perdao,6,0,6
buarque,4,2,6
resume,3,3,6
retomado,3,3,6
walter,0,5,5
restos,0,5,5
restringe,4,1,5
resultou,2,3,5
enviaram,3,2,5
envolver,3,2,5
envolvida,2,3,5
equilibrio,3,2,5
equivale,4,1,5
eremita,5,0,5
assassinar,3,2,5
sucessor,2,3,5
sucessos,0,5,5
pequim,3,2,5
percebe,3,2,5
aconteceram,4,1,5
acontecimentos,2,3,5
violento,4,1,5
acumulo,2,3,5
isolamento,3,2,5
isolar,0,5,5
escrita,2,3,5
acusar,4,1,5
controlado,3,2,5
penitenciarias,3,2,5
perfeito,4,1,5
asmaislidas,5,0,5
assaltado,5,0,5
perfis,5,0,5
perguntar,3,2,5
peritos,3,2,5
contratou,5,0,5
contribuicao,2,3,5
exageros,2,3,5
ex-mulher,5,0,5
incompetencia,3,2,5
incluiu,1,4,5
permaneceu,3,2,5
percentual,4,1,5
pesquisador,2,3,5
pesado,5,0,5
petrolao,4,1,5
petroleo,3,2,5
pecas,1,4,5
consultoria,1,4,5
inconformado,5,0,5
convidado,3,2,5
chovia,4,1,5
churrascaria,2,3,5
churrasco,2,3,5
psdb-sp,3,2,5
interferencia,3,2,5
interferir,4,1,5
interinamente,3,2,5
estoca,5,0,5
destinada,1,4,5
modalidade,0,5,5
montes,1,4,5
mero,4,1,5
psol-rj,3,2,5
tremor,1,4,5
chorando,3,2,5
chorar,2,3,5
turbulencia,1,4,5
bandeirantes,1,4,5
banheiro,5,0,5
chegue,3,2,5
cheguei,3,2,5
altamente,2,3,5
destacam,1,4,5
destacando,3,2,5
desembargadores,1,4,5
psicologia,2,3,5
chapeu,4,1,5
homs,1,4,5
che,1,4,5
chefia,2,3,5
chegamos,5,0,5
alcancou,4,1,5
seguidas,2,3,5
baia,1,4,5
baixada,0,5,5
baladas,4,1,5
estatistica,2,3,5
circulacao,4,1,5
circulando,5,0,5
tranquilidade,0,5,5
mineracao,1,4,5
destruiu,4,1,5
desviados,3,2,5
chegara,5,0,5
houvesse,2,3,5
secretario-geral,2,3,5
secreto,2,3,5
seculos,2,3,5
falo,4,1,5
centros,2,3,5
meia-noite,1,4,5
memorial,1,4,5
die,2,3,5
cerco,0,5,5
hospedado,5,0,5
militancia,2,3,5
desmoronar,5,0,5
selecionada,5,0,5
semelhancas,0,5,5
segmento,5,0,5
transferir,4,1,5
transformado,3,2,5
protocolado,4,1,5
falhou,3,2,5
michael,3,2,5
quao,0,5,5
descartado,3,2,5
motivado,1,4,5
trama,2,3,5
tratados,3,2,5
tratamentos,2,3,5
tratando,3,2,5
cenipa,4,1,5
alertar,3,2,5
diagnosticado,2,3,5
aliancas,1,4,5
tristeza,5,0,5
alterar,3,2,5
falecido,5,0,5
satisfacao,3,2,5
ameacando,5,0,5
ceder,2,3,5
explosivo,2,3,5
explosivos,5,0,5
grade,1,4,5
grana,5,0,5
grava,5,0,5
causados,3,2,5
amarelo,4,1,5
senao,2,3,5
sensacao,2,3,5
seguira,4,1,5
ilegalidade,3,2,5
ilhas,4,1,5
desconforto,2,3,5
trajeto,3,2,5
classica,0,5,5
anisio,2,3,5
negada,2,3,5
desabou,2,3,5
amo,4,1,5
instalada,3,2,5
auxilio,1,4,5
avalanche,1,4,5
amplamente,1,4,5
namoro,4,1,5
ilicitas,4,1,5
ilustre,2,3,5
imagina,5,0,5
prometem,4,1,5
promove,2,3,5
imediata,2,3,5
anatel,4,1,5
ancora,4,1,5
narrativa,3,2,5
narrou,4,1,5
cidada,5,0,5
cifra,4,1,5
cinismo,3,2,5
tracar,3,2,5
transportes,1,4,5
nascida,4,1,5
muros,4,1,5
musico,4,1,5
movimentar,4,1,5
naquela,2,3,5
naqueles,3,2,5
multidao,3,2,5
ignorado,4,1,5
clausula,1,4,5
claros,0,5,5
humorista,2,3,5
identidade,2,3,5
identificada,5,0,5
demonstracao,3,2,5
demonstrado,3,2,5
mer,5,0,5
mencionado,2,3,5
expedidos,3,2,5
intimacao,4,1,5
ajudando,4,1,5
cautela,4,1,5
autores,4,1,5
idosa,4,1,5
diretorios,0,5,5
mateus,0,5,5
matheus,0,5,5
mariano,1,4,5
inusitada,3,2,5
invade,4,1,5
mentir,4,1,5
mentiu,3,2,5
avaliou,2,3,5
desaparecido,1,4,5
ideologia,4,1,5
dirigida,1,4,5
dirigir,2,3,5
diferenciar,1,4,5
mascarenhas,3,2,5
matam,2,3,5
clinica,1,4,5
clinicas,2,3,5
programacoes,0,5,5
citacoes,3,2,5
sertao,0,5,5
avancos,0,5,5
aves,4,1,5
sequestro,0,5,5
interpretacao,4,1,5
interrompido,3,2,5
dino,0,5,5
mencao,4,1,5
alcunha,4,1,5
alegava,4,1,5
interpol,5,0,5
cogita,5,0,5
raiva,3,2,5
vagas,3,2,5
valerio,3,2,5
cartorio,4,1,5
quinto,1,4,5
raca,4,1,5
universo,2,3,5
alcool,2,3,5
negativos,1,4,5
tiroteio,1,4,5
tiroteios,0,5,5
nela,3,2,5
intensa,1,4,5
nervosismo,5,0,5
categorias,3,2,5
cassada,2,3,5
filmou,5,0,5
preta,4,1,5
deixara,3,2,5
deixaria,4,1,5
notar,5,0,5
privatizacoes,2,3,5
recebiam,5,0,5
cartaz,2,3,5
tomam,0,5,5
tomara,5,0,5
tocar,3,2,5
fila,4,1,5
filhas,4,1,5
textos,3,2,5
filipinas,2,3,5
filmada,4,1,5
dependentes,4,1,5
tijuca,2,3,5
tinhamos,4,1,5
netos,3,2,5
neutralidade,0,5,5
ansioso,2,3,5
antecedencia,5,0,5
antecessor,2,3,5
delegacao,0,5,5
instrumentos,1,4,5
insultos,2,3,5
integrante,2,3,5
colocados,2,3,5
nikki,1,4,5
dentre,3,2,5
demandas,0,5,5
combinado,2,3,5
preventivas,1,4,5
previamente,3,2,5
comecara,3,2,5
declaram,3,2,5
notas,2,3,5
definiu,1,4,5
democracias,0,5,5
usuario,4,1,5
racial,0,5,5
privatizar,3,2,5
privilegio,4,1,5
procura,1,4,5
procurada,1,4,5
colapso,4,1,5
colecao,2,3,5
agradeceu,4,1,5
agredido,3,2,5
agredir,1,4,5
agressiva,1,4,5
catedral,1,4,5
graca,3,2,5
salao,2,3,5
baseadas,2,3,5
carteira,3,2,5
receberem,3,2,5
distintos,4,1,5
reagan,4,1,5
barco,5,0,5
realiza,1,4,5
raramente,3,2,5
ratos,5,0,5
nucleo,0,5,5
normais,4,1,5
declaradas,3,2,5
tirando,3,2,5
apareceram,4,1,5
testou,0,5,5
futuras,4,1,5
fuzis,2,3,5
dispensa,4,1,5
utilizadas,1,4,5
discussoes,1,4,5
discute,2,3,5
marcantes,0,5,5
marcar,2,3,5
mare,3,2,5
noturna,2,3,5
estaduais,3,2,5
fortemente,5,0,5
fotografado,2,3,5
fracassado,4,1,5
vasto,4,1,5
fofocas,4,1,5
inves,5,0,5
disparo,0,5,5
pretensoes,5,0,5
pretendia,1,4,5
eticos,2,3,5
manchada,3,2,5
essencial,4,1,5
manipulacao,2,3,5
manobra,2,3,5
invadiu,4,1,5
gonzaga,3,2,5
presenciei,5,0,5
aumentando,3,2,5
australiano,2,3,5
farra,5,0,5
exigir,2,3,5
comete,5,0,5
preferencia,2,3,5
mapa,2,3,5
afronta,3,2,5
investigada,4,1,5
investigue,3,2,5
investiu,4,1,5
diziam,3,2,5
comissoes,0,5,5
comitiva,3,2,5
reclama,1,4,5
homenageado,2,3,5
ryong,1,4,5
londrina,1,4,5
capa,4,1,5
recebida,3,2,5
estabelecido,1,4,5
mantendo,4,1,5
decretar,4,1,5
dedicar,2,3,5
companheiros,4,1,5
preocupada,3,2,5
prepara,3,2,5
prescreveu,4,1,5
cometendo,4,1,5
recessao,2,3,5
recebidas,5,0,5
apelacao,1,4,5
decidida,0,5,5
observou,2,3,5
ocidental,2,3,5
ocidente,0,5,5
observacao,3,2,5
ocultacao,4,1,5
bebida,2,3,5
beneficiados,3,2,5
fogueira,4,1,5
afora,3,2,5
afp,3,2,5
belem,1,4,5
homenagens,2,3,5
safadeza,4,1,5
observatorio,2,3,5
receio,3,2,5
reconheceu,0,5,5
reconhecido,4,1,5
expresso,3,2,5
extincao,5,0,5
extinguir,5,0,5
rumos,2,3,5
imparcial,2,3,5
fator,3,2,5
favelas,2,3,5
prega,4,1,5
decidido,2,3,5
anualmente,2,3,5
impediu,2,3,5
exigencias,3,2,5
iminente,2,3,5
compreender,3,2,5
excesso,4,1,5
aparecida,1,4,5
preliminar,3,2,5
atomica,0,5,5
gosto,3,2,5
ativistas,1,4,5
duarte,5,0,5
durar,0,5,5
elaborado,2,3,5
luxuoso,5,0,5
economias,1,4,5
longos,1,4,5
lopes,3,2,5
homologadas,1,4,5
eletronicas,4,1,5
eletronico,0,5,5
embarque,3,2,5
irritou,5,0,5
elo,0,5,5
elogia,3,2,5
ligar,3,2,5
lorenzoni,3,2,5
teorias,3,2,5
cuspir,4,1,5
aparentava,5,0,5
temporarias,0,5,5
temporario,2,3,5
comparado,3,2,5
localizar,4,1,5
elemento,2,3,5
aposentados,4,1,5
ganhando,3,2,5
aproximar,2,3,5
apontaram,3,2,5
ostentacao,5,0,5
evangelico,5,0,5
evasao,1,4,5
crucial,0,5,5
atualizacao,1,4,5
sigilosos,1,4,5
significativamente,3,2,5
opositores,3,2,5
ora,2,3,5
custos,3,2,5
custou,2,3,5
computador,2,3,5
silval,0,5,5
simpatico,4,1,5
simpatizantes,1,4,5
sinais,4,1,5
comunicar,3,2,5
praticado,3,2,5
praticou,5,0,5
prb,1,4,5
imoral,3,2,5
cumprem,1,4,5
orcrim,5,0,5
orelha,4,1,5
gasto,2,3,5
cumprindo,2,3,5
sindicatos,3,2,5
sistemica,4,1,5
culpar,3,2,5
fgts,0,5,5
organizaram,1,4,5
orientado,2,3,5
tentara,4,1,5
padrao,3,2,5
informando,4,1,5
pagara,3,2,5
financiar,4,1,5
emissoras,3,2,5
ferir,3,2,5
ferraco,5,0,5
crueldade,3,2,5
criticado,3,2,5
criticar,0,5,5
curiosidade,4,1,5
bill,2,3,5
bin,4,1,5
regalias,0,5,5
finalizar,4,1,5
ronald,4,1,5
eletronicos,3,2,5
luisa,1,4,5
lutando,4,1,5
aproxima,3,2,5
ficariam,3,2,5
caminhos,2,3,5
rodas,2,3,5
canalha,4,1,5
cancelado,2,3,5
refeicoes,5,0,5
refem,1,4,5
adquirir,2,3,5
adriana,3,2,5
adversario,2,3,5
advocacia,2,3,5
poderosos,4,1,5
postos,4,1,5
templo,3,2,5
apresentara,2,3,5
vazamentos,4,1,5
vazar,2,3,5
esportivo,3,2,5
espuma,3,2,5
esquecer,3,2,5
esquecido,4,1,5
rollemberg,2,3,5
romance,3,2,5
rindo,3,2,5
caico,2,3,5
caindo,4,1,5
cairam,3,2,5
relatar,3,2,5
calendario,0,5,5
rigor,4,1,5
afeta,3,2,5
politicamente,5,0,5
tela,5,0,5
cuiaba,2,3,5
influentes,4,1,5
possuir,4,1,5
reveillon,5,0,5
revolta,5,0,5
riqueza,4,1,5
atingidos,1,4,5
partida,1,4,5
cozinha,5,0,5
paredes,2,3,5
surpreso,5,0,5
solucoes,3,2,5
assistindo,5,0,5
importado,0,5,5
taxas,1,4,5
parcela,3,2,5
pao,4,1,5
possamos,3,2,5
atirador,0,5,5
sobreviver,4,1,5
socorrido,0,5,5
socorro,2,3,5
condenacoes,5,0,5
condicionado,3,2,5
papai,3,2,5
paquistao,1,4,5
armamentos,1,4,5
solido,2,3,5
atirou,2,3,5
atingindo,3,2,5
sobrenome,3,2,5
concluido,2,3,5
concluir,3,2,5
concessionaria,3,2,5
concreto,4,1,5
socios,1,4,5
incapaz,3,2,5
solicitar,1,4,5
implantacao,4,1,5
importa,3,2,5
pmdb-ba,3,2,5
inadequada,2,3,5
inauguracao,3,2,5
plena,3,2,5
indicacoes,3,2,5
indicam,2,3,5
liquido,3,2,5
lidice,2,3,5
ironizou,4,1,5
especificos,2,3,5
esperando,4,1,5
bolha,2,3,5
confundir,4,1,5
improvavel,2,3,5
cade,4,1,5
espetacular,3,2,5
espetaculos,2,3,5
espiritual,4,1,5
espontaneamente,2,3,5
veracidade,4,1,5
afetou,3,2,5
vendas,0,5,5
atacada,5,0,5
hemorragia,2,3,5
vereadora,2,3,5
veremos,1,4,5
vergonhoso,5,0,5
relevancia,3,2,5
fabricacao,2,3,5
cachoeiro,3,2,5
verbal,3,2,5
regular,3,2,5
susto,1,4,5
correu,5,0,5
corinthians,4,1,5
suspenda,1,4,5
tarcisio,4,1,5
suspende,2,3,5
empresarial,1,4,5
emociona,5,0,5
lembrou,3,2,5
empresariais,4,1,5
vendidas,2,3,5
liberais,2,3,5
versos,2,3,5
vestindo,4,1,5
correspondente,1,4,5
suspensa,1,4,5
endurece,1,4,5
encerramento,1,4,5
legitima,4,1,5
lazer,1,4,5
leandro,4,1,5
lance,0,5,5
parto,1,4,5
coutinho,2,3,5
coro,3,2,5
corporacoes,3,2,5
corredores,3,2,5
corrente,2,3,5
pasadena,3,2,5
indenizar,5,0,5
levantaram,5,0,5
encontrados,2,3,5
admar,3,2,5
adaptacao,1,4,5
adequado,3,2,5
conjunta,0,5,5
pirotecnia,2,3,5
consegui,2,3,5
rendeu,2,3,5
retribuir,2,3,5
vindos,3,2,5
bloqueou,4,1,5
bobo,5,0,5
c90gt,5,0,5
leva-lo,1,4,5
levantar,2,3,5
piada,5,0,5
guerras,4,1,5
bloco,2,3,5
repassou,2,3,5
hidreletrica,1,4,5
hipoteses,2,3,5
represalias,4,1,5
render,3,2,5
indulto,4,1,5
arts,4,1,5
arvore,2,3,5
surgem,2,3,5
passe,4,1,5
consideravel,4,1,5
artificial,0,5,5
arquivos,3,2,5
largo,3,2,5
entendem,2,3,5
entendi,2,3,5
harvard,4,1,5
enfrentara,1,4,5
esforco,2,3,5
vigilancia,3,2,5
reunido,3,2,5
esferas,1,4,5
isolado,4,1,5
gravissima,3,2,5
resgatar,2,3,5
residentes,5,0,5
respectivamente,3,2,5
engracada,5,0,5
legendas,0,5,5
copia,1,4,5
cor,4,1,5
consulta,2,3,5
gerson,2,3,5
status,5,0,5
faculdade,2,3,5
heroi,2,3,5
respondem,0,5,5
genetica,1,4,5
gerente,3,2,5
conservador,1,4,5
conservadora,3,2,5
phs,1,4,5
feminina,4,1,5
gestos,5,0,5
inclusao,2,3,5
volume,0,5,5
brito,5,0,5
julgou,3,2,5
jurisdicao,1,4,5
justa,4,1,5
brincou,3,2,5
wallber,3,2,5
contados,5,0,5
fizesse,2,3,5
bruto,4,1,5
acabado,3,2,5
acabam,3,2,5
brother,5,0,5
formato,0,5,5
brahma,5,0,5
fornecedores,4,1,5
pegou,3,2,5
fisicamente,3,2,5
acionou,3,2,5
errada,3,2,5
jardins,3,2,5
jogado,5,0,5
jogadores,4,1,5
acertada,2,3,5
superintendente,3,2,5
supermercados,1,4,5
incomodar,2,3,5
arredores,1,4,5
arrogancia,3,2,5
sul-coreanos,3,2,5
convencao,0,5,5
pedira,4,1,5
fugiram,5,0,5
funcionar,1,4,5
mostrando,3,2,5
mostraram,1,4,5
motivada,1,4,5
morar,4,1,5
estatua,2,3,5
estimado,4,1,5
vizinha,3,2,5
alterado,4,1,5
furnas,3,2,5
desviou,4,1,5
mobilizacao,0,5,5
mortal,5,0,5
furtou,5,0,5
fruto,3,2,5
wilson,2,3,5
vital,3,2,5
vitimou,4,1,5
lamentavel,3,2,5
gritou,5,0,5
violenta,0,5,5
entrando,4,1,5
entrevistou,4,1,5
contido,3,2,5
percorrer,4,1,5
acontecem,2,3,5
acervo,3,2,5
abandona,4,1,5
substituido,3,2,5
weber,4,1,5
wellington,1,4,5
zonas,4,0,4
achou,3,1,4
virando,2,2,4
virgolino,2,2,4
virtude,4,0,4
visa,4,0,4
flecha,2,2,4
flexibilizar,1,3,4
florida,2,2,4
focal,2,2,4
fornecimento,3,1,4
kin,4,0,4
justificou,3,1,4
justifique,4,0,4
justo,1,3,4
entrado,3,1,4
entrava,4,0,4
forcar,4,0,4
formar,2,2,4
retrato,0,4,4
gravidade,2,2,4
lambada,4,0,4
lamento,3,1,4
lancada,2,2,4
lacerda,3,1,4
laden,3,1,4
ladroes,4,0,4
repudia,1,3,4
resgatados,4,0,4
representando,4,0,4
reproducao,3,1,4
reproduz,3,1,4
greenfield,1,3,4
grotesca,2,2,4
guardados,1,3,4
escuta,3,1,4
itamaraty,4,0,4
itens,3,1,4
respeitados,2,2,4
responda,2,2,4
residem,3,1,4
resolvido,4,0,4
republicano,1,3,4
continuarem,4,0,4
contradicoes,1,3,4
incomum,1,3,4
inconsciente,3,1,4
incriminar,3,1,4
ex-secretario,2,2,4
ex-vereador,1,3,4
sugerir,3,1,4
continuando,3,1,4
perfeita,1,3,4
asiaticos,2,2,4
asmaislidas2017,4,0,4
aspectos,1,3,4
contratadas,2,2,4
contribuicoes,1,3,4
penha,1,3,4
personalidades,1,3,4
pertencente,3,1,4
permanente,1,3,4
permitir,3,1,4
performance,4,0,4
perguntado,3,1,4
perguntava,4,0,4
pericial,2,2,4
contexto,2,2,4
contabilizada,1,3,4
contabilizadas,3,1,4
contador,2,2,4
perca,2,2,4
perceberam,3,1,4
contribuir,2,2,4
controladas,2,2,4
peticoes,2,2,4
construindo,1,3,4
construido,3,1,4
pautas,1,3,4
pavilhao,2,2,4
pcdob,0,4,4
pedaladas,2,2,4
industrial,2,2,4
coracoes,1,3,4
sonora,0,4,4
sovieticos,2,2,4
street,2,2,4
gestacao,3,1,4
felicidade,3,1,4
felizes,4,0,4
pet,0,4,4
superando,0,4,4
superficie,3,1,4
superou,2,2,4
incomodou,3,1,4
ex-funcionaria,4,0,4
ex-funcionario,2,2,4
ex-marqueteiro,0,4,4
pedida,1,3,4
suicidios,2,2,4
suja,3,1,4
sujeitos,2,2,4
sul-coreana,1,3,4
substituto,1,3,4
arrogante,4,0,4
arrogantes,4,0,4
sun,4,0,4
costamarques,1,3,4
costumes,0,4,4
corrupta,4,0,4
independentemente,3,1,4
indeterminado,3,1,4
indicada,2,2,4
corrompeu,3,1,4
passadas,4,0,4
conselheiros,2,2,4
generalizada,3,1,4
genro,3,1,4
gerencia,1,3,4
atencoes,1,3,4
somam,2,2,4
park,3,1,4
cortou,3,1,4
planeja,2,2,4
planejado,3,1,4
plantao,3,1,4
plastico,2,2,4
plasticos,2,2,4
pilares,3,1,4
piramide,2,2,4
conseguindo,4,0,4
passaria,3,1,4
passava,4,0,4
indiciou,2,2,4
indo,4,0,4
surgir,2,2,4
arroz,3,1,4
suporte,2,2,4
consiga,3,1,4
imperialistas,4,0,4
confirmando,1,3,4
conducoes,0,4,4
condutor,0,4,4
conexao,0,4,4
pobreza,2,2,4
poderemos,4,0,4
poderio,4,0,4
astronautas,2,2,4
atacarem,4,0,4
associacoes,1,3,4
associada,2,2,4
importacoes,0,4,4
impressao,0,4,4
improbidade,2,2,4
implodir,4,0,4
sustentabilidade,2,2,4
sustentacao,1,3,4
surpreende,3,1,4
cores,1,3,4
crack,2,2,4
somando,4,0,4
sombra,4,0,4
sombras,2,2,4
indefinicao,1,3,4
corresponde,3,1,4
correligionario,1,3,4
arabia,1,3,4
sustentados,3,1,4
tabela,1,3,4
tamanha,4,0,4
suspensos,2,2,4
palhacada,3,1,4
panama,1,3,4
criaram,3,1,4
criatividade,2,2,4
criminalidade,4,0,4
criminalistas,2,2,4
taxista,2,2,4
soco,2,2,4
paragrafo,3,1,4
paraisos,4,0,4
parados,1,3,4
painel,3,1,4
paixao,3,1,4
paixoes,3,1,4
palavroes,3,1,4
palcos,2,2,4
soltos,1,3,4
atirando,3,1,4
telespectadores,4,0,4
armamentista,0,4,4
te-lo,0,4,4
araraquara,3,1,4
arcar,4,0,4
arena,3,1,4
poderosa,3,1,4
imprudentes,4,0,4
impunidade,3,1,4
inaugurado,1,3,4
incentivo,3,1,4
sofrem,3,1,4
solicitacao,0,4,4
solida,1,3,4
paes,2,2,4
ingressos,1,3,4
inicia,0,4,4
iniciado,2,2,4
evidente,3,1,4
informam,1,3,4
temendo,4,0,4
temores,2,2,4
pop,2,2,4
populismo,1,3,4
porcaria,4,0,4
conferir,4,0,4
pague,1,3,4
criadores,3,1,4
ouvintes,1,3,4
pacata,0,4,4
positivas,2,2,4
positivo,2,2,4
porrada,4,0,4
portugues,1,3,4
pos,0,4,4
posicionado,2,2,4
policias,3,1,4
ponta,4,0,4
atentados,1,3,4
atingirem,1,3,4
sobrevoando,4,0,4
socialista,3,1,4
atendendo,3,1,4
atendido,2,2,4
posicionados,4,0,4
posicionaram,1,3,4
aprovados,2,2,4
aproveitou,2,2,4
evangelicos,3,1,4
eventuais,1,3,4
criticaram,1,3,4
criticos,2,2,4
cruel,3,1,4
criterio,1,3,4
sinceramente,4,0,4
sindicalistas,4,0,4
aposentar,3,1,4
apologia,4,0,4
apontava,1,3,4
aporte,4,0,4
aprofundar,1,3,4
aprovadas,2,2,4
possivelmente,2,2,4
postar,4,0,4
conclusoes,3,1,4
concreta,3,1,4
concentrar,3,1,4
concluida,2,2,4
sobrevivente,2,2,4
sinaliza,4,0,4
temporada,2,2,4
telefonicas,2,2,4
confesso,2,2,4
poeira,3,1,4
polemico,3,1,4
policiamento,2,2,4
pouca,2,2,4
comprados,4,0,4
comprovada,3,1,4
comprovam,3,1,4
ocupou,0,4,4
oportunidades,4,0,4
oportunista,4,0,4
oral,1,3,4
daquela,0,4,4
daquelas,4,0,4
siglas,2,2,4
prata,3,1,4
praticar,4,0,4
pre-sal,1,3,4
pouquinho,3,1,4
pp-sp,2,2,4
pps-ba,1,3,4
pr-sp,1,3,4
organizadores,0,4,4
cujos,2,2,4
cumplices,4,0,4
cuido,2,2,4
garrafa,2,2,4
atualizados,1,3,4
sigilosas,2,2,4
sigiloso,0,4,4
ouvi,3,1,4
ficado,2,2,4
gazeta,4,0,4
feriado,1,3,4
ferrari,2,2,4
originais,0,4,4
cumprida,0,4,4
cumprira,3,1,4
sigam,1,3,4
ativo,2,2,4
gostariamos,4,0,4
sessenta,3,1,4
setimo,2,2,4
severa,2,2,4
faustao,2,2,4
favela,1,3,4
competente,1,3,4
competicao,3,1,4
precaria,3,1,4
comparecer,1,3,4
compartilhada,3,1,4
atrapalhar,2,2,4
atravessa,2,2,4
atribuido,1,3,4
executado,2,2,4
executar,3,1,4
complementar,0,4,4
complicacoes,1,3,4
imensa,2,2,4
imigracao,2,2,4
compartilham,0,4,4
compartilhou,3,1,4
custam,2,2,4
custear,1,3,4
omissao,2,2,4
tentava,2,2,4
compraram,3,1,4
comprei,1,3,4
comprovacao,3,1,4
exclusao,0,4,4
debito,2,2,4
decapitacao,1,3,4
ofensivo,3,1,4
oferecido,2,2,4
ocupacao,3,1,4
ocupada,4,0,4
estudam,3,1,4
ocorra,2,2,4
apelidos,4,0,4
aplicam,4,0,4
decidira,1,3,4
ogiva,2,2,4
oitiva,2,2,4
debandada,1,3,4
debater,2,2,4
debates,1,3,4
exerce,2,2,4
exigencia,2,2,4
anti-aerea,4,0,4
apoiado,2,2,4
apoiou,4,0,4
tesoureiro,2,2,4
tesouro,1,3,4
testa,2,2,4
faze-lo,1,3,4
premie,0,4,4
precedentes,4,0,4
precisaria,2,2,4
preconceitos,1,3,4
preferiu,4,0,4
impediram,4,0,4
comportamentos,2,2,4
servira,2,2,4
glaucos,1,3,4
gois,4,0,4
goldman,2,2,4
aumentaram,2,2,4
australia,1,3,4
autointitula,4,0,4
autorais,1,3,4
presas,1,3,4
companheira,3,1,4
preocupante,3,1,4
cometeram,4,0,4
comocao,4,0,4
gostar,2,2,4
farao,4,0,4
servidas,3,1,4
observando,3,1,4
defensor,2,2,4
futura,3,1,4
fidelidade,2,2,4
presenciou,3,1,4
preservar,3,1,4
presidenta,4,0,4
pressas,4,0,4
ocultar,2,2,4
oculto,1,3,4
observar,0,4,4
obtidos,2,2,4
oceano,1,3,4
obriga,3,1,4
obrigados,4,0,4
observado,2,2,4
estranha,4,0,4
estrategica,1,3,4
estrategicos,3,1,4
estreou,0,4,4
estresse,4,0,4
tipica,3,1,4
aparecia,4,0,4
filmagem,4,0,4
norte-americanas,4,0,4
nuvem,2,2,4
declararam,3,1,4
decorrencia,1,3,4
insiste,1,3,4
novinho,4,0,4
esvaziar,1,3,4
injustamente,4,0,4
coma,4,0,4
comandado,4,0,4
notebook,3,1,4
definitiva,1,3,4
demitir,4,0,4
nora,3,1,4
nordestino,2,2,4
noroeste,0,4,4
servia,2,2,4
atuam,2,2,4
auditoria,1,3,4
auditorio,3,1,4
prevendo,3,1,4
preventivamente,0,4,4
previa,2,2,4
comendo,4,0,4
nobres,4,0,4
nilson,1,3,4
depender,2,2,4
depol,4,0,4
tias,3,1,4
anderson,2,2,4
andreia,1,3,4
anexados,3,1,4
colocada,4,0,4
primeira-dama,2,2,4
cola,4,0,4
colchoes,3,1,4
intenso,4,0,4
insustentavel,1,3,4
integral,2,2,4
demite,3,1,4
prestado,2,2,4
prestigio,1,3,4
privatizacao,3,1,4
processado,3,1,4
colocasse,4,0,4
prisionais,1,3,4
privados,1,3,4
coligacao,1,3,4
gafe,4,0,4
figado,4,0,4
filiar,0,4,4
injusta,4,0,4
deixam,2,2,4
deixe,3,1,4
delatados,2,2,4
comboio,3,1,4
analisada,0,4,4
analisado,1,3,4
analises,0,4,4
tornou-se,2,2,4
torquato,2,2,4
amigas,3,1,4
tomaram,1,3,4
toneladas,3,1,4
sequestrar,4,0,4
seremos,4,0,4
sertaneja,3,1,4
servem,4,0,4
avancados,1,3,4
avenida,0,4,4
separacao,3,1,4
separar,2,2,4
programacao,2,2,4
procurei,2,2,4
produzir,1,3,4
coercitivamente,1,3,4
cogitam,2,2,4
cobertura,0,4,4
cobrado,0,4,4
sequestrado,2,2,4
anexos,1,3,4
titulos,1,3,4
demonstrava,3,1,4
negaram,2,2,4
negocia,1,3,4
negociando,4,0,4
integrar,1,3,4
intelectual,3,1,4
derrota,2,2,4
narra,3,1,4
namorado,1,3,4
murilo,2,2,4
andando,4,0,4
trabalharam,3,1,4
trabalhistas,3,1,4
ampliacao,2,2,4
progressao,2,2,4
progresso,1,3,4
humilde,4,0,4
clareza,2,2,4
movimentado,0,4,4
mtst,1,3,4
necessidades,4,0,4
deposito,0,4,4
desabar,3,1,4
ansiedade,4,0,4
avaliam,0,4,4
sentencas,0,4,4
sentimentos,3,1,4
autorizada,2,2,4
ignorar,4,0,4
classico,0,4,4
torce,3,1,4
torcendo,3,1,4
instaurou,1,3,4
descanse,3,1,4
negao,4,0,4
desabastecimento,2,2,4
desafia,2,2,4
desapareceu,2,2,4
descoberta,2,2,4
descobriram,4,0,4
desconfianca,1,3,4
motor,1,3,4
movido,3,1,4
trara,3,1,4
traseiro,3,1,4
desmascarado,4,0,4
ameacaram,3,1,4
tramitar,0,4,4
amantes,2,2,4
ambas,1,3,4
ambiental,1,3,4
traduzindo,4,0,4
tragica,1,3,4
trajes,3,1,4
proibicao,3,1,4
ilicita,4,0,4
ilusao,3,1,4
senhores,3,1,4
sentada,3,1,4
seguidos,4,0,4
seguiram,1,3,4
ameacar,1,3,4
amplo,2,2,4
classes,1,3,4
prontas,3,1,4
ciclo,2,2,4
projetil,2,2,4
prol,3,1,4
promotoria,1,3,4
imediatas,3,1,4
interceptacoes,1,3,4
mosca,4,0,4
mordomias,4,0,4
fins,2,2,4
fiquei,4,0,4
firmado,1,3,4
fraudulento,2,2,4
treinado,3,1,4
protestaram,1,3,4
protocolos,4,0,4
propor,2,2,4
proposito,3,1,4
protagonizou,4,0,4
pronuncia,3,1,4
furo,4,0,4
frustracao,2,2,4
transformou,3,1,4
transmitida,3,1,4
ambulancias,2,2,4
selfie,1,3,4
seguem,1,3,4
seguia,2,2,4
baixar,3,1,4
chegasse,4,0,4
desmascarar,4,0,4
desmentiu,3,1,4
desfazer,1,3,4
desentendimento,1,3,4
estimativa,1,3,4
transcricao,2,2,4
transforma,1,3,4
transformaram,1,3,4
alivio,0,4,4
alo,4,0,4
aloysio,2,2,4
alteracoes,2,2,4
trf,3,1,4
alimenta,2,2,4
alinhado,3,1,4
fundador,3,1,4
moradia,4,0,4
destroieres,3,1,4
moleque,4,0,4
monopolio,2,2,4
destinatario,3,1,4
mobilizar,2,2,4
mochila,2,2,4
aliviar,4,0,4
chocolates,4,0,4
barato,2,2,4
avisa,4,0,4
bancoop,1,3,4
banguela,4,0,4
bancadas,0,4,4
bancar,3,1,4
montagem,2,2,4
treinamentos,3,1,4
pt-sp,1,3,4
publicaram,3,1,4
prtb,2,2,4
chocou,2,2,4
chora,4,0,4
cheias,3,1,4
chocaram,1,3,4
chefes,1,3,4
chegaria,0,4,4
publicitarios,1,3,4
trocaram,3,1,4
turbulencias,2,2,4
algemado,4,0,4
alienados,4,0,4
trilhos,3,1,4
hospitalizado,4,0,4
hostil,2,2,4
http,4,0,4
existente,4,0,4
punidos,4,0,4
punir,3,1,4
pura,4,0,4
checagem,2,2,4
detalha,1,3,4
detectado,2,2,4
milionaria,3,1,4
milton,0,4,4
mina,1,3,4
mineradora,2,2,4
bancario,2,2,4
secretos,4,0,4
detonar,3,1,4
devastador,2,2,4
merenda,1,3,4
mesquita,2,2,4
metal,3,1,4
minoria,1,3,4
misericordia,4,0,4
determinados,3,1,4
quantias,1,3,4
explicito,3,1,4
diligencias,2,2,4
medico-penal,2,2,4
diego,4,0,4
mercadorias,1,3,4
mercados,1,3,4
mencionar,2,2,4
fama,2,2,4
salvo,0,4,4
falei,2,2,4
falencia,1,3,4
falsidade,0,4,4
falsos,2,2,4
centro-direita,0,4,4
quadrados,3,1,4
metodo,1,3,4
samu,1,3,4
sangramento,3,1,4
sanguinario,4,0,4
sanitario,4,0,4
faltam,1,3,4
faltando,3,1,4
faltaram,1,3,4
trocadas,2,2,4
alertam,1,3,4
alertava,3,1,4
alexandrino,2,2,4
algemada,2,2,4
microfones,4,0,4
devidos,2,2,4
devolucao,3,1,4
international,2,2,4
interpretado,1,3,4
interrompe,2,2,4
interrompida,1,3,4
diminuiu,3,1,4
menciona,2,2,4
intermediario,1,3,4
dificilmente,2,2,4
quedas,0,4,4
gravada,2,2,4
gravados,3,1,4
fale,2,2,4
ungido,4,0,4
alegacao,2,2,4
turistica,4,0,4
turnos,0,4,4
explorar,2,2,4
censo,0,4,4
cautelares,0,4,4
cenarios,1,3,4
queimado,3,1,4
cateterismo,4,0,4
quartos,3,1,4
quebrando,3,1,4
mental,2,2,4
mente,2,2,4
intracraniana,0,4,4
intima,4,0,4
intimo,4,0,4
ajude,3,1,4
ajuste,0,4,4
alagoas,3,1,4
casar,3,1,4
vacina,3,1,4
valdir,3,1,4
aguardava,2,2,4
aguardem,3,1,4
aguentar,2,2,4
agressivos,3,1,4
agricola,3,1,4
catarinense,1,3,4
catastrofe,4,0,4
catastrofico,3,1,4
cash,4,0,4
cassa,2,2,4
cassio,1,3,4
carteirinha,4,0,4
casado,4,0,4
mazelas,2,2,4
diplomatas,2,2,4
matanca,1,3,4
urnas,1,3,4
batendo,4,0,4
batizado,2,2,4
saira,2,2,4
bastasse,3,1,4
diga,4,0,4
margens,1,3,4
maritima,3,1,4
divididos,4,0,4
discreto,3,1,4
medellin,2,2,4
diplomatica,1,3,4
maus,2,2,4
marcadas,2,2,4
distribuir,3,1,4
distribuiu,3,1,4
dita,4,0,4
manoel,1,3,4
mantida,2,2,4
manto,4,0,4
investigativo,1,3,4
caros,4,0,4
rastro,0,4,4
reacoes,0,4,4
reafirmou,2,2,4
saindo,3,1,4
bares,2,2,4
barreira,0,4,4
africano,0,4,4
recebem,4,0,4
recebemos,4,0,4
cartao,2,2,4
reage,2,2,4
reajuste,1,3,4
caribe,1,3,4
carinho,3,1,4
carona,3,1,4
agripino,4,0,4
agronegocio,3,1,4
disfarcar,4,0,4
disparado,2,2,4
disparados,1,3,4
radios,3,1,4
rafael,3,1,4
rebate,2,2,4
eita,4,0,4
logistica,2,2,4
duramente,1,3,4
dominar,2,2,4
dominicana,3,1,4
dormi,4,0,4
dose,0,4,4
dou,4,0,4
russas,1,3,4
bem-sucedido,2,2,4
homofobica,2,2,4
expressar,4,0,4
cardiacas,4,0,4
cardiaco,2,2,4
cantos,2,2,4
carceraria,4,0,4
malas,3,1,4
maleta,4,0,4
maluco,4,0,4
fracasso,2,2,4
fraga,4,0,4
variados,3,1,4
afonso,4,0,4
barreto,0,4,4
estacao,1,3,4
estarem,2,2,4
valida,1,3,4
van,4,0,4
madeira,1,3,4
esquisito,4,0,4
manipulado,2,2,4
dobrar,3,1,4
vazado,3,1,4
filosofia,2,2,4
finalmente,0,4,4
elevado,4,0,4
luiza,1,3,4
eletrico,4,0,4
los,4,0,4
lucros,3,1,4
romulo,2,2,4
rosario,3,1,4
rouanet,3,1,4
vazio,1,3,4
velada,3,1,4
velhos,1,3,4
financas,2,2,4
financial,1,3,4
cantar,3,1,4
recupera,3,1,4
recuperados,3,1,4
extrapola,3,1,4
exterminar,4,0,4
externa,1,3,4
bebes,1,3,4
bebidas,4,0,4
duzentos,3,1,4
edinho,1,3,4
editora,1,3,4
editorial,0,4,4
machismo,2,2,4
recebidos,3,1,4
cansaco,4,0,4
cansou,3,1,4
vencidos,4,0,4
vendeu,1,3,4
esperavam,2,2,4
espontanea,3,1,4
ironico,4,0,4
ironiza,4,0,4
irregular,1,3,4
irregulares,3,1,4
caminhando,4,0,4
reforcou,1,3,4
recupere,4,0,4
reduto,4,0,4
refens,3,1,4
venho,3,1,4
verao,1,3,4
venceu,2,2,4
irreversivel,3,1,4
roubou,3,1,4
rodovias,1,3,4
riquezas,2,2,4
rir,1,3,4
rival,1,3,4
canada,3,1,4
regina,3,1,4
emirados,4,0,4
emitida,3,1,4
emitiram,2,2,4
emails,4,0,4
embarcou,3,1,4
elogiar,2,2,4
elogios,3,1,4
esqueceu,4,0,4
lidera,0,4,4
liderar,2,2,4
emocionou,4,0,4
empenho,2,2,4
leve,3,1,4
liberada,3,1,4
viajando,2,2,4
verde,2,2,4
calculos,1,3,4
caia,4,0,4
caira,4,0,4
calado,2,2,4
reguffe,4,0,4
emyr,2,2,4
licenciado,0,4,4
licitacao,3,1,4
ricco,4,0,4
bolso,4,0,4
revelaram,3,1,4
revertido,4,0,4
cama,2,2,4
relacionada,2,2,4
calcula,3,1,4
calculo,1,3,4
espectadores,1,3,4
espectro,2,2,4
limpar,4,0,4
liga,3,1,4
ligacoes,4,0,4
benjamim,0,4,4
bico,4,0,4
revoltado,4,0,4
aderir,1,3,4
enfatizou,1,3,4
encontra-se,2,2,4
encontradas,4,0,4
encontram,0,4,4
lancaram,1,3,4
entidades,1,3,4
legislativas,1,3,4
reunir,3,1,4
vinculado,3,1,4
vinganca,3,1,4
vinhos,1,3,4
adolescencia,2,2,4
adjunto,0,4,4
administrada,2,2,4
viajar,3,1,4
buscando,1,3,4
business,2,2,4
relatoria,4,0,4
religiosa,2,2,4
boate,1,3,4
boato,2,2,4
bolada,4,0,4
reunidos,2,2,4
vendia,3,1,4
reitera,1,3,4
reiteradamente,2,2,4
cafe,1,3,4
heraclito,4,0,4
heranca,0,4,4
remoto,2,2,4
religiosos,1,3,4
acumulado,3,1,4
viola,1,3,4
violacao,0,4,4
acreditava,4,0,4
acrescenta,2,2,4
acrescentando,2,2,4
escritor,3,1,4
escritos,1,3,4
reparacao,0,4,4
hidrogenio,0,4,4
historicamente,1,3,4
holanda,2,2,4
fonseca,1,3,4
foragido,3,1,4
foragidos,1,3,4
forbes,4,0,4
bloquear,3,1,4
havido,3,1,4
guatemala,3,1,4
hacker,4,0,4
repetidas,2,2,4
repetindo,3,1,4
repetiu,2,2,4
renovacao,1,3,4
enganar,3,1,4
engenharia,0,4,4
enrolado,4,0,4
especializado,2,2,4
especializados,2,2,4
enfrentamento,0,4,4
espalhadas,2,2,4
bloqueados,0,4,4
burra,2,2,4
brigar,3,1,4
brigas,1,3,4
broadcast,4,0,4
abriram,3,1,4
absolver,3,1,4
abordagem,2,2,4
fortalecer,1,3,4
resumo,3,1,4
retirados,2,2,4
bras,2,2,4
brasiliense,4,0,4
respondia,2,2,4
botar,4,0,4
bunkers,4,0,4
buraco,4,0,4
escravidao,2,2,4
jonas,2,2,4
jong,2,2,4
gravissimo,1,3,4
grecia,0,4,4
retomou,1,3,4
retornaram,2,2,4
resultar,1,3,4
fornecer,2,2,4
japones,2,2,4
vladmir,4,0,4
absolvido,4,0,4
acabaram,1,3,4
julia,2,2,4
juntas,3,1,4
epidemia,2,2,4
submetida,1,3,4
subordinados,3,1,4
substancia,1,3,4
substituindo,3,1,4
assassinadas,0,4,4
assegurou,2,2,4
assina,1,3,4
conteve,4,0,4
yonhap,1,3,4
zarattini,2,2,4
world,3,1,4
www,3,1,4
abrigar,2,2,4
acharam,4,0,4
sugerem,4,0,4
sugerindo,3,1,4
voltaria,2,2,4
abandonou,2,2,4
abordado,2,2,4
acessivel,1,3,4
acompanharam,3,1,4
acompanhava,4,0,4
acompanhe,3,1,4
vivendo,4,0,4
escolta,1,3,4
escondendo,4,0,4
japoneses,3,1,4
jaqueline,1,3,4
escapou,3,1,4
abandonados,2,2,4
voice,3,1,4
abertamente,2,2,4
abracos,2,1,3
abrem,2,1,3
waldir,2,1,3
wonsan,1,2,3
xavier,1,2,3
xingamentos,2,1,3
xingar,3,0,3
xingou,3,0,3
zavaski,2,1,3
vistos,0,3,3
vitor,3,0,3
vitrine,1,2,3
viuva,2,1,3
vivenciando,3,0,3
acompanhando,2,1,3
acompanhante,2,1,3
aconselha,3,0,3
abertas,1,2,3
acessar,1,2,3
acessos,2,1,3
voltada,1,2,3
abatido,1,2,3
volto,2,1,3
volumes,1,2,3
vomitar,2,1,3
brilhante,3,0,3
brincadeiras,3,0,3
britanicos,1,2,3
entrevistado,1,2,3
envenenado,2,1,3
enviam,3,0,3
kremlin,0,3,3
laboratoriais,0,3,3
lagrimas,1,2,3
lambanca,3,0,3
lamenta,1,2,3
jackson,2,1,3
escudeiro,3,0,3
esfera,0,3,3
acreditando,2,1,3
acusam,3,0,3
violencias,1,2,3
violentamente,3,0,3
formaram,0,3,3
entenderam,3,0,3
enterrado,1,2,3
lancam,2,1,3
las,2,1,3
laudos,2,1,3
lavar,3,0,3
leao,2,1,3
legalizacao,3,0,3
espalhando,2,1,3
especializadas,2,1,3
enfrentam,2,1,3
enfrentando,3,0,3
enganada,3,0,3
engolir,2,1,3
enquadrada,3,0,3
entendendo,2,1,3
relembra,1,2,3
relevantes,1,2,3
religiosas,2,1,3
buscam,1,2,3
buscava,1,2,3
cabine,3,0,3
cachoeira,2,1,3
cacula,3,0,3
guerrilha,1,2,3
habitacional,1,2,3
haddad,1,2,3
reumatologista,1,2,3
reunida,3,0,3
bloqueia,1,2,3
boeing,2,1,3
boi,3,0,3
hierarquia,1,2,3
hilberto,1,2,3
hiroshima,3,0,3
renunciou,2,1,3
repassadas,1,2,3
replica,0,3,3
representada,1,2,3
representado,1,2,3
respondera,2,1,3
brazil,3,0,3
braziliense,3,0,3
fachada,2,1,3
facilidade,1,2,3
faixa,1,2,3
falas,1,2,3
herois,3,0,3
biblioteca,3,0,3
bicicleta,1,2,3
bilionario,3,0,3
blefando,3,0,3
blindados,2,1,3
blindagem,2,1,3
recusado,3,0,3
redacao,3,0,3
reveladas,1,2,3
revelando,2,1,3
revolucionario,1,2,3
riam,2,1,3
ricas,3,0,3
rigidas,1,2,3
benesse,3,0,3
besteirol,2,1,3
calamidade,2,1,3
calca,2,1,3
calibre,2,1,3
calicute,3,0,3
calou,2,1,3
relatei,2,1,3
relativa,1,2,3
relativo,1,2,3
cadeiras,2,1,3
remocao,3,0,3
fabiano,1,2,3
fabricas,2,1,3
facada,3,0,3
facadas,2,1,3
registraram,0,3,3
caixa-preta,2,1,3
extinta,0,3,3
extraoficialmente,3,0,3
extrapolaram,2,1,3
extrapolou,2,1,3
homologado,2,1,3
recolher,3,0,3
recomenda,2,1,3
recompensa,2,1,3
romper,1,2,3
rompimento,0,3,3
rousseff-michel,0,3,3
royal,3,0,3
beechcraft,3,0,3
expressoes,2,1,3
expressou,3,0,3
expulsou,3,0,3
caminha,2,1,3
campea,0,3,3
cancelada,1,2,3
risca,3,0,3
robustas,1,2,3
rodoviaria,0,3,3
romana,3,0,3
rombo,1,2,3
referida,2,1,3
referir,2,1,3
referiu,2,1,3
reflete,2,1,3
reflexos,0,3,3
reforca,2,1,3
reforcando,2,1,3
cambio,1,2,3
saga,2,1,3
saidas,2,1,3
saio,1,2,3
raupp,2,1,3
reafirmada,2,1,3
cardiacos,2,1,3
carrega,2,1,3
carregava,2,1,3
bem-estar,2,1,3
bencao,3,0,3
bencaos,3,0,3
beneficiada,0,3,3
beneficiado,1,2,3
ruth,1,2,3
sabe-se,2,1,3
sadi,0,3,3
cardapio,3,0,3
homenageia,3,0,3
exportar,2,1,3
exposicao,1,2,3
exposto,2,1,3
beira-mar,2,1,3
bela,3,0,3
belica,2,1,3
reconhece,1,2,3
reconhecimento,1,2,3
reconstrucao,0,3,3
recuou,1,2,3
recuperando,1,2,3
candidaturas,0,3,3
capixaba,1,2,3
caracterizada,3,0,3
gratificacao,3,0,3
ceus,2,1,3
chamam,2,1,3
quebra-pau,3,0,3
quebraram,2,1,3
queiram,1,2,3
querida,2,1,3
querido,3,0,3
batida,2,1,3
salarial,0,3,3
saldo,1,2,3
governando,0,3,3
governou,3,0,3
goza,2,1,3
gra-bretanha,1,2,3
grampeado,3,0,3
casou,2,1,3
castigo,3,0,3
catar,3,0,3
rapazes,1,2,3
barros,2,1,3
baseada,2,1,3
baseados,2,1,3
bate-papo,1,2,3
cartaxo,2,1,3
cartazes,0,3,3
quinze,0,3,3
rabo,3,0,3
radar,2,1,3
raimundo,1,2,3
casaram,2,1,3
cascalho,1,2,3
saneamento,2,1,3
sapatos,0,3,3
sarro,3,0,3
satisfeito,0,3,3
saudita,1,2,3
saudoso,3,0,3
seap,2,1,3
chamamos,2,1,3
qualificado,2,1,3
quarenta,3,0,3
centro-oeste,1,2,3
ceo,1,2,3
certos,1,2,3
salvacao,2,1,3
salvou,2,1,3
sandro,1,2,3
existentes,2,1,3
existia,2,1,3
exito,2,1,3
expandir,1,2,3
experiencias,0,3,3
expondo,1,2,3
exportador,0,3,3
pyeongchang,0,3,3
causara,3,0,3
celebracao,1,2,3
cenas,1,2,3
questionar,0,3,3
questionaram,3,0,3
quieta,3,0,3
quilos,2,1,3
quimica,3,0,3
choro,2,1,3
chutes,3,0,3
chuveiro,2,1,3
proximidades,1,2,3
psb-ba,1,2,3
psc-sp,2,1,3
pt-ac,2,1,3
pt-rj,1,2,3
barba,2,1,3
barbarie,3,0,3
avila,1,2,3
avisado,2,1,3
avisando,3,0,3
chinesas,3,0,3
choca,2,1,3
chocar,2,1,3
sediado,0,3,3
seg,2,1,3
balneario,1,2,3
banana,3,0,3
banca,3,0,3
bancaria,2,1,3
bandeiras,1,2,3
bangladesh,1,2,3
chapelaria,3,0,3
puder,1,2,3
pulmao,1,2,3
homossexualismo,3,0,3
horror,0,3,3
humildade,3,0,3
secao,1,2,3
secreta,1,2,3
imbassahy,2,1,3
imbecil,3,0,3
proibida,2,1,3
proibir,1,2,3
projecoes,1,2,3
projetada,2,1,3
prometendo,3,0,3
promovida,0,3,3
azeitona,3,0,3
baba,2,1,3
balas,1,2,3
sem-terra,3,0,3
seminario,1,2,3
sensata,1,2,3
senta,2,1,3
imaginava,1,2,3
prosseguir,1,2,3
protegendo,3,0,3
protegido,1,2,3
providencia,1,2,3
provisorias,2,1,3
provoca,3,0,3
provou,3,0,3
chegariam,1,2,3
circular,1,2,3
circunstancia,2,1,3
pronunciar,2,1,3
pronunciaram,3,0,3
proporcao,1,2,3
propriamente,1,2,3
propulsao,2,1,3
prorrogou,0,3,3
cogitado,3,0,3
prodigio,3,0,3
produtor,0,3,3
produtores,1,2,3
produzido,2,1,3
produziu,1,2,3
proferida,1,2,3
proferiu,2,1,3
separada,2,1,3
separados,2,1,3
seriedade,3,0,3
clipe,3,0,3
coacao,2,1,3
cobertos,1,2,3
cobrir,2,1,3
coelho,2,1,3
ideologica,2,1,3
ideologico,1,2,3
idiota,3,0,3
igualmente,0,3,3
il-sung,1,2,3
sentem,1,2,3
autorizando,2,1,3
avancado,1,2,3
ciente,2,1,3
cintura,1,2,3
citando,2,1,3
civel,2,1,3
clandestina,2,1,3
claras,1,2,3
classificada,2,1,3
ideais,2,1,3
compara,3,0,3
preparadas,1,2,3
preparam,1,2,3
preparar,2,1,3
preparativos,1,2,3
presidiario,2,1,3
presidida,1,2,3
press,1,2,3
autenticidade,1,2,3
servidor,3,0,3
gigantes,2,1,3
gols,0,3,3
fascista,2,1,3
fatais,0,3,3
comicio,2,1,3
comido,3,0,3
preste,3,0,3
comecado,3,0,3
comemorando,3,0,3
pretexto,2,1,3
prevalece,1,2,3
prevenir,1,2,3
service,2,1,3
aumentam,0,3,3
previstos,0,3,3
colar,0,3,3
coleta,0,3,3
colocaria,2,1,3
colonizacao,2,1,3
colorado,2,1,3
print,3,0,3
pressionados,1,2,3
atrasar,1,2,3
atribui,2,1,3
atrizes,2,1,3
precarias,1,2,3
comparar,3,0,3
compartilhamentos,3,0,3
compativel,1,2,3
compensa,3,0,3
fazendeiro,2,1,3
gostava,3,0,3
setima,2,1,3
shop,1,2,3
sigilos,2,1,3
atracoes,1,2,3
atraiu,1,2,3
atrasados,3,0,3
precisaram,2,1,3
prefiro,3,0,3
pregam,0,3,3
prejudica,2,1,3
comentaristas,3,0,3
cometem,0,3,3
favorito,1,2,3
fazemos,1,2,3
exibe,2,1,3
exibidos,2,1,3
exigindo,3,0,3
impactos,0,3,3
imparcialidade,2,1,3
impedimento,2,1,3
compor,2,1,3
precisando,2,1,3
concedido,2,1,3
concentra,0,3,3
concessoes,1,2,3
conciliar,0,3,3
concorda,2,1,3
concordado,1,2,3
concordou,2,1,3
concretas,2,1,3
significativo,1,2,3
simone,0,3,3
sinto,3,0,3
siqueira,0,3,3
sistematicamente,2,1,3
situada,2,1,3
sobrar,3,0,3
sobrevivencia,1,2,3
comprovadas,2,1,3
comprovou,3,0,3
pousar,2,1,3
povao,3,0,3
pp-ma,1,2,3
praias,1,2,3
prazer,3,0,3
atuado,1,2,3
competencia,2,1,3
complexa,0,3,3
complicado,2,1,3
excelentissimo,2,1,3
exceto,3,0,3
compreendeu,2,1,3
comprometedor,3,0,3
comprometida,1,2,3
pmdb-mg,1,2,3
pmdb-to,1,2,3
poderiamos,3,0,3
condolencias,1,2,3
condutas,2,1,3
conduz,1,2,3
conduzida,2,1,3
confederacao,2,1,3
atendida,3,0,3
atingem,1,2,3
atiradores,1,2,3
sofra,3,0,3
incertezas,0,3,3
incluia,2,1,3
plenamente,3,0,3
pmdb-ap,2,1,3
porco,2,1,3
porra,3,0,3
portaria,0,3,3
portava,3,0,3
posicionou,1,2,3
conceder,2,1,3
sobreviveram,2,1,3
sobrou,2,1,3
concursados,1,2,3
possuimos,2,1,3
posta,3,0,3
potenciais,2,1,3
comportar,2,1,3
conferencias,3,0,3
podiam,2,1,3
populistas,0,3,3
conjuntura,1,2,3
consecutivo,1,2,3
conseguido,1,2,3
consequentemente,3,0,3
pilantras,3,0,3
pinhais,2,1,3
pinos,3,0,3
pioneiros,0,3,3
astronomicas,2,1,3
atacando,2,1,3
atacante,2,1,3
atacaram,1,2,3
sombrio,1,2,3
gemeas,2,1,3
gentileza,3,0,3
gericino,0,3,3
implacavel,3,0,3
implantado,3,0,3
implementar,2,1,3
impoe,3,0,3
imposta,2,1,3
impostas,1,2,3
assistencia,0,3,3
assustadora,2,1,3
conferencia,1,2,3
confirmadas,1,2,3
confortavel,1,2,3
congressistas,1,2,3
conheci,2,1,3
pleito,1,2,3
impetrada,3,0,3
impetrado,2,1,3
subiram,1,2,3
subito,3,0,3
perdemos,3,0,3
perdoa,2,1,3
perdoaram,3,0,3
perdoou,2,1,3
peregrinacao,1,2,3
perigosos,1,2,3
feira,1,2,3
gestoes,0,3,3
gestor,1,2,3
sonia,1,2,3
sono,0,3,3
sovietico,1,2,3
star,2,1,3
subestimar,1,2,3
consolidado,0,3,3
consolidou,1,2,3
constantes,3,0,3
construcoes,2,1,3
construida,1,2,3
pesos,3,0,3
pesquisar,2,1,3
gero,3,0,3
piora,2,1,3
placa,1,2,3
plastica,2,1,3
plataformas,2,1,3
pesada,2,1,3
consideram,0,3,3
considerava,3,0,3
consiste,3,0,3
sujeitas,1,2,3
ex-vice-presidente,1,2,3
exata,1,2,3
pen,0,3,3
continue,2,1,3
contra-ataque,3,0,3
contraiu,2,1,3
contratada,3,0,3
continental,2,1,3
submeteria,3,0,3
subsolo,2,1,3
substituira,3,0,3
sucessivas,1,2,3
sucessora,1,2,3
sucessoria,1,2,3
suicida,1,2,3
contribuiu,2,1,3
pensamentos,1,2,3
pensei,2,1,3
percentuais,1,2,3
consumir,2,1,3
contaminacao,1,2,3
contava,1,2,3
contesta,1,2,3
permanece,1,2,3
permanencia,0,3,3
permitira,2,1,3
perpetua,2,1,3
perseguir,2,1,3
pertencentes,2,1,3
pertencia,2,1,3
perturbado,1,2,3
inedita,0,3,3
infame,1,2,3
passariam,3,0,3
passear,2,1,3
patente,2,1,3
patetico,3,0,3
patio,2,1,3
patrocinio,3,0,3
articuladores,3,0,3
articulam,2,1,3
articulando,3,0,3
artistica,2,1,3
individuais,2,1,3
individual,1,2,3
individuos,1,2,3
induzir,3,0,3
copacabana,2,1,3
incomoda,3,0,3
ex-governadores,3,0,3
sumir,2,1,3
arrecadacao,1,2,3
arrecadador,3,0,3
artefato,1,2,3
articulacoes,2,1,3
contratados,1,2,3
convence,3,0,3
convida,1,2,3
conviver,2,1,3
convoca,2,1,3
convocada,0,3,3
convocado,3,0,3
coordenacao,1,2,3
sustenta,2,1,3
tapete,2,1,3
tarifa,0,3,3
taxi,2,1,3
arabes,3,0,3
criam,2,1,3
criando,1,2,3
criminalmente,3,0,3
cotovelos,2,1,3
cresce,1,2,3
participacoes,2,1,3
participam,3,0,3
participante,3,0,3
coreias,1,2,3
surtos,1,2,3
susllem,2,1,3
parcelas,1,2,3
parcerias,2,1,3
pareca,2,1,3
corta,3,0,3
cortado,1,2,3
cortina,2,1,3
costumam,1,2,3
cotado,1,2,3
pecuaria,0,3,3
corrigido,2,1,3
corrigir,1,2,3
corriqueiro,0,3,3
partiram,3,0,3
indenizacoes,2,1,3
independent,3,0,3
indicados,1,2,3
ex-dirigentes,1,2,3
ex-esposa,3,0,3
informatica,2,1,3
infra-estrutura,3,0,3
cuidassem,3,0,3
pacifica,0,3,3
pacotes,3,0,3
pagava,1,2,3
tecido,1,2,3
tecnicos,1,2,3
telas,2,1,3
telefones,2,1,3
temem,3,0,3
temperatura,1,2,3
tempinho,3,0,3
evitando,3,0,3
arbitraria,2,1,3
arcoverde,2,1,3
argentino,1,2,3
argumentando,2,1,3
arizona,3,0,3
armazenar,3,0,3
arquidiocese,1,2,3
arquivar,1,2,3
papas,3,0,3
par,2,1,3
parafraseando,3,0,3
paralisacoes,3,0,3
paralisado,1,2,3
paralisar,1,2,3
param,3,0,3
pararam,3,0,3
ganho,3,0,3
garantem,1,2,3
garantido,0,3,3
garganta,2,1,3
orcado,2,1,3
ordenado,2,1,3
ordenar,2,1,3
organica,1,2,3
aproveitaram,2,1,3
apurado,1,2,3
apurados,1,2,3
aquelas,2,1,3
apostas,1,2,3
ganhara,3,0,3
ganharam,2,1,3
ganhava,2,1,3
criticam,0,3,3
criticando,3,0,3
cronologica,0,3,3
inferior,1,2,3
europeu,2,1,3
eventualmente,2,1,3
everardo,3,0,3
apresentem,3,0,3
paguem,3,0,3
oriundo,3,0,3
oscar,2,1,3
ousadia,2,1,3
ouve,3,0,3
cristao,1,2,3
cristaos,2,1,3
cristovam,3,0,3
operacional,1,2,3
operada,2,1,3
operado,1,2,3
custas,3,0,3
dali,1,2,3
daquilo,1,2,3
operar,1,2,3
oportuno,0,3,3
apreendidos,1,2,3
apresentadores,3,0,3
tendencias,0,3,3
tentei,2,1,3
teoricamente,3,0,3
aparelhos,2,1,3
olimpiadas,1,2,3
olimpicos,0,3,3
origens,0,3,3
originaria,2,1,3
gastou,3,0,3
feriu,2,1,3
ferro,0,3,3
ficasse,1,2,3
gaucho,2,1,3
gebran,2,1,3
organizada,2,1,3
cuidou,3,0,3
cujas,2,1,3
culminou,1,2,3
cumplicidade,2,1,3
cumprido,1,2,3
cumpriram,2,1,3
oriental,3,0,3
ficticio,2,1,3
definicao,2,1,3
obrigacao,2,1,3
obrigada,2,1,3
observadas,1,2,3
ocasioes,2,1,3
ocorrera,0,3,3
ocorriam,1,2,3
aplaudido,2,1,3
aplicadas,1,2,3
apoiador,3,0,3
terminal,1,2,3
testado,1,2,3
antecipa,1,2,3
fichas,2,1,3
fico,2,1,3
offshore,2,1,3
dara,3,0,3
debocha,3,0,3
decidem,1,2,3
oitivas,2,1,3
apelar,2,1,3
apelidada,2,1,3
apelidado,1,2,3
oracoes,3,0,3
odeio,2,1,3
odisseia,0,3,3
ofendeu,1,2,3
ofendidos,2,1,3
ofensa,3,0,3
ofensas,3,0,3
ofereceram,2,1,3
ganancia,3,0,3
apagada,2,1,3
apagou,3,0,3
tinhoso,3,0,3
tipico,3,0,3
dependem,3,0,3
dependera,1,2,3
neta,2,1,3
noticiou,2,1,3
iniciais,1,2,3
inicialmente,0,3,3
iniciativas,2,1,3
estragadas,3,0,3
estrago,3,0,3
filiados,1,2,3
filiou,0,3,3
novela,3,0,3
decolagem,0,3,3
decretada,3,0,3
democraticas,1,2,3
definido,0,3,3
degraus,0,3,3
deixada,3,0,3
deixo,2,1,3
ocorridos,2,1,3
estreito,2,1,3
estudioso,2,1,3
etico,3,0,3
inovacao,2,1,3
inseguranca,2,1,3
notificacao,2,1,3
noturno,1,2,3
anhanguera,0,3,3
anibal,1,2,3
animado,2,1,3
animados,2,1,3
animos,2,1,3
anonimato,1,2,3
derrotada,2,1,3
derrotado,3,0,3
tirano,2,1,3
tire,3,0,3
tiverem,3,0,3
tivessem,1,2,3
tocado,2,1,3
anexadas,2,1,3
angora,3,0,3
angra,3,0,3
insuportavel,2,1,3
integrada,0,3,3
inteiramente,1,2,3
intercedeu,1,2,3
demonstrando,2,1,3
demonstraram,2,1,3
demorou,2,1,3
demos,3,0,3
nocaute,3,0,3
nojenta,3,0,3
delfim,0,3,3
delicado,2,1,3
dem-ba,2,1,3
dem-go,1,2,3
demanda,0,3,3
instrumento,2,1,3
mundialmente,2,1,3
municipais,0,3,3
municoes,2,1,3
musical,1,2,3
nariz,0,3,3
narrados,1,2,3
nasce,1,2,3
nascido,3,0,3
tornado,1,2,3
tornaria,2,1,3
totalizam,2,1,3
amigao,3,0,3
ampla,3,0,3
tracando,3,0,3
multado,1,2,3
multinacional,2,1,3
instalacao,1,2,3
instalado,2,1,3
instante,3,0,3
instauracao,1,2,3
instaurado,1,2,3
topo,1,2,3
toque,2,1,3
torcer,2,1,3
derrotar,1,2,3
derruba,1,2,3
desabafa,3,0,3
desafiam,1,2,3
desafiando,3,0,3
desaparecer,1,2,3
inspira,2,1,3
inspirada,0,3,3
estipulada,2,1,3
estive,2,1,3
estiverem,3,0,3
estivesse,2,1,3
estoque,2,1,3
estradas,2,1,3
desenhos,2,1,3
desenvolva,3,0,3
desembarca,3,0,3
trair,2,1,3
tranquila,1,2,3
alusao,1,2,3
ameacam,2,1,3
ameacava,1,2,3
tranquilamente,3,0,3
transferida,3,0,3
desconhece,3,0,3
desconhecida,1,2,3
descontrolado,3,0,3
descrever,3,0,3
descreveu,3,0,3
descrita,2,1,3
descrito,1,2,3
desculpem,3,0,3
national,2,1,3
necessita,2,1,3
der,0,3,3
movel,1,2,3
mudando,1,2,3
mula,3,0,3
descobre,3,0,3
descobrimos,3,0,3
morro,3,0,3
mortadela,3,0,3
mortais,3,0,3
moscardi,2,1,3
mostrado,2,1,3
motivacao,2,1,3
desencadeada,2,1,3
desencadear,3,0,3
trazer,2,1,3
tregua,1,2,3
tremer,1,2,3
finge,3,0,3
fio,0,3,3
morando,1,2,3
mordomia,3,0,3
morrendo,2,1,3
transplante,0,3,3
transposicao,3,0,3
transtornos,2,1,3
tratam,1,2,3
tratos,1,2,3
trauma,2,1,3
traumas,2,1,3
travando,3,0,3
desenvolvidos,2,1,3
desesperada,3,0,3
desfecho,1,2,3
desfilaram,1,2,3
desigual,2,1,3
deslocar,3,0,3
desnuclearizacao,1,2,3
desocupados,1,2,3
destruida,2,1,3
monitorando,2,1,3
monitorar,3,0,3
monstro,2,1,3
montada,1,2,3
montado,2,1,3
montou,1,2,3
moralidade,2,1,3
alimento,3,0,3
mobilizacoes,1,2,3
modernos,1,2,3
despachou,3,0,3
despedida,2,1,3
destas,0,3,3
destes,2,1,3
destinos,0,3,3
frieza,3,0,3
funcionarias,2,1,3
funcionava,0,3,3
fundada,1,2,3
funeral,2,1,3
furto,2,1,3
treta,3,0,3
alimentares,3,0,3
interceptacao,2,1,3
intercontinentais,1,2,3
interessado,0,3,3
esteira,0,3,3
estender,1,2,3
estilhacos,1,2,3
estimada,2,1,3
frequentemente,2,1,3
trocam,1,2,3
trunfo,2,1,3
ajudam,1,2,3
ala,1,2,3
intervalo,0,3,3
intimidade,3,0,3
intitulado,2,1,3
intocavel,3,0,3
devia,2,1,3
devida,1,2,3
devolveu,2,1,3
dia-a-dia,2,1,3
migracao,0,3,3
migrar,2,1,3
alterou,3,0,3
algemas,1,2,3
misteriosa,2,1,3
meros,1,2,3
mexendo,2,1,3
mexer,3,0,3
mexicana,0,3,3
detidos,3,0,3
devastadores,2,1,3
devastar,3,0,3
detalhado,3,0,3
detectaram,1,2,3
determinada,0,3,3
determinadas,3,0,3
determinaram,2,1,3
minimos,1,2,3
missoes,3,0,3
mista,2,1,3
agravamento,1,2,3
martin,0,3,3
matando,2,1,3
materias,3,0,3
maternidade,1,2,3
diplomaticos,1,2,3
dira,2,1,3
diretos,2,1,3
unam,1,2,3
ungida,2,1,3
unicas,3,0,3
urgentemente,3,0,3
usaram,2,1,3
usarem,2,1,3
agradavel,1,2,3
agrado,3,0,3
melar,3,0,3
diaria,1,2,3
dificeis,1,2,3
intermediarios,3,0,3
internadas,0,3,3
internamente,2,1,3
alegaram,3,0,3
ultrapassa,3,0,3
introduzir,1,2,3
inusitado,2,1,3
invadem,3,0,3
invadindo,3,0,3
mencionou,1,2,3
meninos,2,1,3
mentais,2,1,3
mercadoria,1,2,3
vanessa,2,1,3
afim,2,1,3
afirmado,2,1,3
afirmativa,2,1,3
estabelecimentos,0,3,3
estancia,3,0,3
estarei,2,1,3
inviabilizar,1,2,3
disseminacao,1,2,3
agressividade,1,2,3
agride,3,0,3
aguardam,3,0,3
aguinaldo,2,1,3
utilizados,2,1,3
utilizava,2,1,3
utilizou,1,2,3
dividido,0,3,3
dividir,2,1,3
marcam,0,3,3
marcola,3,0,3
martelo,1,2,3
discricao,1,2,3
discutido,0,3,3
discutindo,1,2,3
dirigem,3,0,3
dirigentes,2,1,3
dirigia,3,0,3
dirigidas,0,3,3
disco,0,3,3
medicado,2,1,3
divergencias,0,3,3
dividida,0,3,3
doi,3,0,3
doido,2,1,3
dolar,0,3,3
investida,2,1,3
esquentou,3,0,3
esquerdistas,3,0,3
estabelecer,1,2,3
estabeleceu,1,2,3
manchete,1,2,3
mandando,3,0,3
manifesta,2,1,3
manifestado,2,1,3
doador,2,1,3
doar,3,0,3
documentais,3,0,3
doer,3,0,3
vapor,3,0,3
varredura,1,2,3
varrer,2,1,3
vaza,3,0,3
foge,1,2,3
folego,2,1,3
fracassou,1,2,3
france,0,3,3
iriam,2,1,3
distribuidas,2,1,3
divergem,0,3,3
agem,2,1,3
agilidade,1,2,3
agiram,1,2,3
agraciado,2,1,3
agraciados,3,0,3
esqueca,2,1,3
esquecimento,2,1,3
irritacao,3,0,3
isencao,1,2,3
lobistas,1,2,3
embarcar,1,2,3
embolsou,2,1,3
embraer,1,2,3
fraudar,1,2,3
fraudulenta,1,2,3
finaliza,1,2,3
financiado,2,1,3
vegas,2,1,3
velhinhos,3,0,3
adquiridos,1,2,3
adulterada,2,1,3
douglas,1,2,3
doze,3,0,3
mal-estar,1,2,3
logotipo,3,0,3
eleitos,3,0,3
eletricos,1,2,3
elevada,2,1,3
elias,3,0,3
estabelecidas,1,2,3
lutaram,2,1,3
lutou,2,1,3
magnetica,2,1,3
editada,2,1,3
educado,3,0,3
educados,3,0,3
efe,0,3,3
emocionar,2,1,3
empreender,2,1,3
empreendimentos,1,2,3
empregados,2,1,3
empreitada,1,2,3
empreiteiros,3,0,3
empurra,2,1,3
empurraozinho,3,0,3
vestir,2,1,3
viabilidade,1,2,3
levariam,2,1,3
levava,2,1,3
libertar,3,0,3
licao,2,1,3
emocao,1,2,3
emocionado,3,0,3
esperam,2,1,3
afetando,3,0,3
venceram,1,2,3
venceslau,1,2,3
venham,2,1,3
vermelhas,2,1,3
vestido,1,2,3
vestidos,2,1,3
emitir,1,2,3
lido,1,2,3
ligou,3,0,3
liguei,3,0,3
likes,3,0,3
lindo,2,1,3
lira,1,2,3
livremente,1,2,3
adora,3,0,3
adota,0,3,3
vicentinho,2,1,3
vier,1,2,3
vigia,0,3,3
vim,3,0,3
vinham,1,2,3
espalhados,2,1,3
levante,1,2,3
adaptou,1,2,3
adequados,3,0,3
adiada,0,3,3
adicional,1,2,3
adiou,1,2,3
administrador,2,1,3
admiracao,3,0,3
lento,2,1,3
encaminharam,2,1,3
encaminhou,1,2,3
encontrava,2,1,3
eneas,2,1,3
enfatico,3,0,3
enfiar,3,0,3
levanta,2,1,3
licencas,1,2,3
liderou,1,2,3
leitor,2,1,3
lembrado,1,2,3
lembrancas,1,2,3
lembrando,1,2,3
lenda,1,2,3
lenha,2,1,3
viraram,1,2,3
visando,2,1,3
visibilidade,1,2,3
visitante,0,3,3
achava,3,0,3
acionaram,2,1,3
acolheu,0,3,3
burlar,2,1,3
esclarecimento,1,2,3
esclarecimentos,1,2,3
escondeu,2,1,3
escondidas,1,2,3
fisicas,2,1,3
flagram,2,1,3
vip,1,2,3
virao,3,0,3
juri,0,3,3
vivi,3,0,3
acabaria,2,1,3
aceitacao,0,3,3
aceitas,1,2,3
acelera,0,3,3
acelerar,2,1,3
jereissati,1,2,3
lamentavelmente,1,2,3
lancados,1,2,3
julgada,1,2,3
julgadas,1,2,3
enxergar,1,2,3
equipados,3,0,3
erguida,3,0,3
junta,1,2,3
reproduzir,3,0,3
repudiou,2,1,3
requerida,1,2,3
reservas,2,1,3
reside,3,0,3
residencias,2,1,3
resolucoes,0,3,3
respeitam,3,0,3
retorne,3,0,3
retrata,1,2,3
graziotin,2,1,3
gritando,3,0,3
guardado,3,0,3
guardou,3,0,3
representava,3,0,3
representou,2,1,3
ressarcimento,0,3,3
ressonancia,2,1,3
restaurantes,3,0,3
resultando,1,2,3
retoma,1,2,3
retorna,1,2,3
retornam,2,1,3
retornando,2,1,3
burrice,2,1,3
busan,2,1,3
buscado,0,3,3
bonito,3,0,3
borracha,1,2,3
boy,2,1,3
bpm,2,1,3
ressalta,1,2,3
