texto_modelo,label,arquivo_origem,tema_cluster,tema_termos
"Diogo Portugal dá ""conselho"" valioso para Lula: ""Viu o Eike? Corre e compra um diploma. Ainda dá tempo"".  O humorista comentou sobre a prisão de Eike Batista, que estava ""guardado"" (até pouco tempo) no complexo penitenciário Bangu 9.  O empresário não comprovou ter concluído ensino superior no Brasil, portanto não teve direito ao recolhimento em separado. ""O cara mais rico do Brasil [...] foi para a Revista Forbes como um dos caras mais ricos do mundo e agora viu a lambança que fez [...] investiu em tudo, menos em estudo"" disse Diogo. Diogo aconselhou Lula: ""Lula, corre pra comprar um diploma porque ainda dá tempo""",1,size_normalized_texts/fake/1013.txt,8,"anos, são, polícia, pessoas, dia"
"Homem faz apelo pela internet: ""Minha esposa doou todo meu dinheiro para a Igreja. Me ajudem, por favor!"". .  O empresário conta que tem lutado muito pra juntar um ""dinheirinho"" com o objetivo de dar uma condição melhor para sua família: ""Peço aos meus amigos que publiquem esse vídeo [...] estou indignado [...] minha mulher pegou um dinheiro altíssimo em nosso quarto e doou tudo para a Universal"" Reginaldo conta que é um homem honesto: ""Quem me conhece sabe o quanto eu sou trabalhador. Eu acordo às 5 horas da manhã para trabalhar ... tenho uma empresa de materiais de construção"" Aparentemente desesperado, ele relata que ainda tentou conversar com o pastor para tentar ressarcir o prejuízo [...] mas foi em vão. confira:",1,size_normalized_texts/fake/1033.txt,8,"anos, são, polícia, pessoas, dia"
"Após aperto de mãos, Trump questionou: ""Quem é esse senhor esquisito?"". .  O registro aconteceu durante a reunião da cúpula do G20, em Hamburgo, na Alemanha. A verdade é que, após um rápido aperto de mãos e meia dúzia de palavras trocadas, Trump se virou para um de seus assessores e questionou: ""Quem era aquele senhor esquisitão?"" Vejam só a que ponto chegamos: ser chamado de ""esquisito"" pelo ""desmiolado"" Donald Trump. É o fim da picada!",1,size_normalized_texts/fake/1042.txt,8,"anos, são, polícia, pessoas, dia"
"Mãe salva filho de 2 anos que estava sendo atacado por dois cães no jardim de casa. .  O ataque ocorreu na cidade de Anaheim, Califórnia. A criança estavam no jardim da casa quando os cães começaram a atacá-la. Ao perceber, a mãe então correu para resgatar a criança. Desesperada, ela tentou entrar em casa mas não conseguiu encontrar a chave. O pai do menino disse que estava no trabalho no momento em que tudo aconteceu. Ele tentou ver a filmagem das câmeras, mas ficou chocado e não conseguiu assistir até o final. ""Ela estava gritando por ajuda. Isso durou entre 5 a 7 minutos. Foi horrível. Felizmente tivemos dois vizinhos que vieram ajudar. Uma senhora veio com um bastão de madeira e conseguiu afastar os cães"" disse o pai. A mãe e seu filho conseguiram entrar em casa e acionaram a polícia. O garoto foi encaminhado para o hospital com ferimentos nos braços, pernas e rosto. O advogado da família disse que os donos dos cães serão processados criminalmente.",1,size_normalized_texts/fake/1051.txt,8,"anos, são, polícia, pessoas, dia"
"Polícia do Vaticano flagra ""orgia gay"" em apartamento de conselheiro do Papa. .  O apartamento pertence à Congregação do Vaticano para a Doutrina da Fé , também chamada de Santo Ofício , que é o órgão encarregado de combater o abuso sexual entre os clérigos. Relatórios divulgados na Itália afirmam que o ocupante do apartamento é o secretário do cardeal Francesco Coccopalmerio. A presença de Coccopalmerio (que é um dos principais auxiliares do Papa Francisco) no local ainda não foi confirmada oficialmente, mas há relatos de que o Cardeal estaria participando da ""festa"". O imóvel onde a polícia flagrou a orgia fica a algumas quadras do Vaticano, informou o jornal italiano Il Fatto Quotidiano . Vizinhos suspeitaram do comportamento estranho de pessoas indo e vindo a acionaram as autoridades. Quando a polícia apareceu, eles encontraram drogas, bebidas e um grupo de homens se relacionando. A polícia do Vaticano não revelou mais detalhes das acusações contra o secretário de 76 anos e citou a necessidade de preservar a ""integridade do processo judicial"".",1,size_normalized_texts/fake/1056.txt,8,"anos, são, polícia, pessoas, dia"
"Mulher confunde embalagem de mousse para cabelo com espuma de poliuretano e vai parar no hospital. .  A imagem acima mostra claramente o quanto as pessoas não se importam em ler rótulos e instruções contidos das embalagens. Uma senhora de 60 anos teve que ser encaminhada para um hospital após confundir uma lata de espuma de expansão (utilizada normalmente em construções para vedação e isolamento térmico) com uma lata de mousse para cabelo. Ela aplicou o produto e imediatamente teve uma surpresa desagradável. Na imagem, que foi publicada pelo jornal inglês Daily Mail , a paciente aparece sentada no ambulatório do hospital com uma enorme espuma de poliuretano na cabeça. Após o atendimento médico, a ""distraída"" teve toda o cabelo raspado e precisou de medicamentos para tratar algumas queimaduras de 1º grau no couro cabeludo.",1,size_normalized_texts/fake/1069.txt,8,"anos, são, polícia, pessoas, dia"
"Mais um vídeo! Funcionária filma ator descontrolado dentro de hospital. .  Não vamos julgar o ator porque se trata claramente de um caso de dependência química. Iremos apenas relatar o ocorrido! Um terceiro vídeo que circula nas redes sociais mostra Fábio Assunção agredindo verbalmente funcionários de um hospital na cidade de Arcoverde, Pernambuco. O ator teria sido levado pela PM para acalmar os ânimos e provavelmente ser medicado. Repare que uma senhora pede para Assunção parar com a gritaria: ""Meu pai tem 87 anos e está hospitalizado aqui [...] olha o que você está fazendo""",1,size_normalized_texts/fake/1084.txt,8,"anos, são, polícia, pessoas, dia"
"Presidente da Eletrobras rasga o verbo: ""40 % dos caras que estão aqui são inúteis"".  A verdade às vezes dói ... e foi o que aconteceu nesse caso.  Wilson Ferreira Jr, presidente da Eletrobras, foi flagrado em uma gravação onde disse que parte dos empregados da estatal são ""vagabundos"" ""40 % dos caras que estão aqui são inúteis, não servem para nada [...] ganha gratificação, telefone, vaga na garagem, secretária, enfim, a sociedade não pode pagar por vagabundo no serviço publico"" , disse. O sindicato não gostou das declarações e declarou guerra a contra declaração de Ferreira [...] eles farão uma paralisação a partir de amanhã.",1,size_normalized_texts/fake/1094.txt,8,"anos, são, polícia, pessoas, dia"
6 fatos que comprovam que a viagem de Temer à Rússia foi uma vergonha. .,1,size_normalized_texts/fake/1095.txt,8,"anos, são, polícia, pessoas, dia"
"Atriz protagonista de GHOST revela que perdeu os dentes devido a ""problemas emocionais"". .  ""É fundamental passar minha experiência para as pessoas. O estresse é a segunda maior causa de morte nos EUA ... só perde para as doenças cardíacas"" desabafou a atriz em um talk-show da tv americana. ""Eu gostaria de dizer que perdi os dentes em uma queda de skate ou fazendo algo mais radical, mas infelizmente foram os problemas emocionais que causaram isso"" A revelação foi feita no programa Tonight Show na noite de ontem. Demi ainda brincou e disse que a aparência de banguela agradou suas filhas: ""Elas adoraram me ver sem os dentes. Fico mais humana."" disse . A atriz também compartilhou duas fotos nas redes sociais [...] uma sem as próteses dentárias e uma outra no consultório do dentista, já com os dentes recolocados.",1,size_normalized_texts/fake/1125.txt,8,"anos, são, polícia, pessoas, dia"
"FUX: ""Vivemos um pesadelo. Não se pode ignorar a imoralidade e a promiscuidade no ambiente político"".  Que sonho vivemos hoje? Hoje nós vivemos um verdadeiro pesadelo.  ""A sociedade vive um pesadelo pelo descrédito das instituições, pela vergonha, pela baixa estima que hoje nutrimos em razão do despudor dos agentes políticos que violando a soberania popular, violando a vontade intrínseca (essencial) do povo, fizeram exatamente aquilo (e justamente aquilo) que o cidadão eleitor não desejava"" disse o ministro Luiz Fux. Para o ministro, não se pode ignorar a imoralidade e a promiscuidade que gravita em torno do ambiente político.",1,size_normalized_texts/fake/1137.txt,8,"anos, são, polícia, pessoas, dia"
"Sertanejo Eduardo Costa sobre Bolsonaro: ""Não sou amigo dele, mas o país precisa desse cara"".  ""Eu fui pobre a vida inteira e eu sempre trabalhei e trabalho ... dia e noite"".  O cantor sertanejo Eduardo Costa comentou o que acha da atual crise política: ""Eu trabalho muito e gero empregos. A coisa que eu mais gosto de ver é as pessoas trabalhando, as pessoas terem uma vida digna"" ""Hoje eu sou a favor de militarizar as escolar desse país inteiro [...] ninguém aguenta mais ver professores serem desrespeitados, ver a polícia militar ser desrespeitada, ver a polícia civil, a polícia federal ser desrespeitada [...] precisamos de um cara igual o Jair Bolsonaro"" E pra quem acha que o cantor está fazendo um ""jabá"" (ganhando uns trocos), ele deixou bem claro: ""Eu não sou amigo dele. Eu não o conheço pessoalmente. Esses carinhas que ficam com discurso de ""bom moço"" só querem ver o circo pegar fogo""",1,size_normalized_texts/fake/1144.txt,8,"anos, são, polícia, pessoas, dia"
"EUA: Médicos que chegaram perto de encontrar a cura do câncer estariam ""desaparecendo"" misteriosamente. .  Em todo o mundo, 8,2 milhões morrem a cada ano vítimas do câncer. No Brasil de 2016, estima-se a ocorrência de mais de 596 mil casos da doença no país, de acordo com dados do Instituto Nacional de Câncer. Um vasto progresso já foi feito no tratamento de diversos tipos de tumores, porém a cura para tratar todos os tipos da doença ainda não foi encontrada. Milheres de médicos que atuam ""penosamente"" em diferentes áreas da saúde trabalham no intuito de encontrar uma cura, com destaque para um grupo denominado"" médicos holísticos"". Leia na Wikipedia a definição de medicina holística . No entanto, uma grande coincidência preocupa a classe médica: uma alta taxa de morte entre os profissionais holísticos. A comunidade médica está à procura de respostas para o ""sumiço"" desses profissionais. Um exemplo concreto é o Dr. Jeff Bradstreet, MD (Medical Doctor) da Flórida. Jeff foi encontrado morto em um rio, no ano de 2015. Seu relatório apontou a morte como suicídio, ressaltando o fato de que ele tinha um ferimento de bala no peito. Posteriormente a ""causa mortis"" foi alterada e descobriu-se que ele havia sido assassinado. Jeff é apenas 1 dos 7 óbitos misteriosos ocorridos entre 2015 a 2017. O que intriga ainda mais a trama é que todos os médicos mortos estavam focados em trabalhar com uma proteína humana denominada GcMAF. O GcMAF é uma proteína natural e essencial presente em nosso organismo responsável pela remoção de um número significativo de doenças, incluindo o câncer. Todos os humanos saudáveis produzem GcMAF [...] essa proteína natural habilita o próprio corpo a se curar. A idéia dos estudos é que através da administração desta proteína para as pessoas portadoras de diversos tipos de câncer, o sistema imunológico possa ser fortalecido, ajudando assim o combate à doença. Seria apenas uma coincidência o fato de que tantos médicos envolvidos nesses estudos estariam morrendo de uma hora para outra? Conspiradores chegam a dizer que grandes empresas farmacêuticas estariam por trás dos ""sumiços"".",1,size_normalized_texts/fake/1147.txt,8,"anos, são, polícia, pessoas, dia"
"Ataque em Londres! Pessoas atropeladas e esfaqueadas na London Bridge.  Um número ainda não identificado de pessoas ficaram feridas agora pouco na Ponte de Londres.  Uma van branca atropelou diversas pessoas no centro da capital britânica, informou a Reuters. A rua encontra-se fechada e há uma forte presença de policiais no local  [...] ""Várias pessoas foram atacadas com uma arma branca (provavelmente uma faca) também no mesmo local"" informou a CNN. Uma testemunha citada pela Reuters disse ter visto três pessoas golpeadas no pescoço. ""A van passou por aqui a mais de 80 km/h"" disse um jornalista da BBC que presenciou o incidente. Pelo menos cinco pessoas estão recebendo os primeiros cuidados médicos no local, disse a repórter da Sky News. imagens: Acompanhe abaixo a transmissão da NBC News Acompanhe abaixo a transmissão da CNN",1,size_normalized_texts/fake/1161.txt,8,"anos, são, polícia, pessoas, dia"
"Bonner é fotografado saindo da Globo junto com a nova namorada. .  Discreto como sempre, o jornalista e âncora do JN foi fotografado ontem (01) saindo da sede da TV Globo acompanhado da nova namorada, a fisioterapeuta Natasha Dantas. Bonner não nega, mas também não confirma que tem uma relação com Natasha. O colunista Leo Dias ( jornal O Dia ), que foi quem revelou o affair do jornalista, publicou que a fisioterapeuta teria sido o pivô da separação do Bonner e Fátima Bernardes. Há alguns meses, o jornalista decidiu excluir seus perfis nas redes sociais para manter uma discrição na vida pessoal. E não é que o homem não tem sossego? Reparem bem que a foto foi tirada por alguém que estava na varanda do prédio da Globo. O colunista informou também que a médica foi filmada chegando no apartamento de William e passou o último fim de semana inteiro com o âncora do JN. Parafraseando o grande Bonner: Boa noite!",1,size_normalized_texts/fake/1162.txt,8,"anos, são, polícia, pessoas, dia"
"Ninguém melhor que o próprio Lula para explicar como funciona o Bolsa Família. .  "" É por isso que se distribui tanto tíquete de leite, porque isso na verdade é uma peça de troca em época de eleição e assim o processo eleitoral é despolitizado, tratando o povo mais pobre da mesma forma que Cabral tratou os índios quando chegou ao Brasil, em que ele distribuía bijuterias para ganhar a confiança dos índios, assim os governos distribuem alimento para manter a política de dominação"". Lula se referia a usar a distribuição de alimentos como moeda de troca de votos e promover a eternização no poder. O tempo passou, o PT assumiu o poder e não é que a chamada ""política de dominação"" não só permaneceu como foi revigorada em seu governo. O que será que houve? O poder corrompe ou o poder revela o verdadeiro caráter da pessoa? PS: *** Não somos contra o Bolsa-Família e sim contra a utilização deste programa social para angariar votos *** assista o vídeo e tire suas conclusões:",1,size_normalized_texts/fake/1163.txt,8,"anos, são, polícia, pessoas, dia"
"Ministro da Justiça toma posse e ironiza pergunta de repórter durante coletiva.  Torquato Jardim tomou posse como ministro da Justiça na tarde de hoje.  Durante uma coletiva com a imprensa, uma repórter pediu que ele relatasse sua experiência na área da Segurança Pública. O novo ministro (e amigão de Michel Temer há 30 anos)  respondeu: ""Tenho duas tias que foram assaltadas [...] eu mesmo já fui assaltado no Rio de Janeiro"" Uma resposta como essa (vinda de um ministro) demonstra claramente duas coisas: presunção e arrogância! Qual as características necessárias para assumir um cargo de tamanha importância? Ter sido assaltado? Traçando um paralelo com a fala infeliz do novo ministro, é como se perguntássemos para o ministro da Previdência qual a experiência dele com a pasta e obtivéssemos a seguinte resposta: ""Tenho duas tias aposentadas [...] e eu também me aposentei""",1,size_normalized_texts/fake/1164.txt,8,"anos, são, polícia, pessoas, dia"
"Falso médico é preso pela PM de Santa Catarina: ""Sou formado em medicina pelo seriado Grey""s Anatomy"".  Josias de Farias Júnior se passava por médico em um hospital da Unimed em Balneário Camboriú, Santa Catarina.  O estelionatário de 19 anos foi preso pela polícia na noite da última terça-feira (30). Ele portava prontuários, carimbos médicos, um jaleco e um estetoscópio que, de acordo com testemunhas, foram roubados de um médico do próprio hospital. Seguranças do local desconfiaram da credencial do jovem e o detiveram até a chegada da polícia. Ainda não se sabe se ele chegou a atender algum paciente ou até mesmo prescreveu alguma receita. Durante o depoimento, ele afirmou ser fã de um seriado de TV (sobre medicina) muito famoso nos EUA: Grey""s Anatomy. Em um vídeo postado nas redes sociais ( minuto 0:52 ) Josias declara ser um fã apaixonado das séries ""Grey""s Anatomy"" e ""Bones"".",1,size_normalized_texts/fake/1170.txt,8,"anos, são, polícia, pessoas, dia"
"Votação do fim do foro no senado é ""mais do mesmo"".  Os políticos, em sua maioria, continuam achando que o brasileiro tem cara de palhaço.  Desde o início da manhã de ontem, o senado tem feito o maior alarde com a votação do foro privilegiado. Os parlamentares têm espalhado diversos vídeos e depoimentos nas redes sociais com a intenção (clara) de manipular a opinião pública. Leia abaixo a opinião de quem realmente entende do assunto e está ao lado do povo: ""A PEC do Senado, de ontem, que acabaria com o foro, é uma ilusão: muda pra ficar tudo igual."" ""Prevê que os parlamentares só podem ser presos depois de ser julgado o último recurso pela última instancia, isto é, nunca, porque os casos dos colarinhos brancos se alongam por mais de década e em regra prescrevem.""",1,size_normalized_texts/fake/1171.txt,8,"anos, são, polícia, pessoas, dia"
"Internautas se revoltam com corte de verbas para a PF : ""Se for preciso, faremos várias vaquinhas"".  Michel Temer está acabando com as operações da PF.  O PMDB não está conseguindo ""estancar a sangria"" através do Congresso e decidiu agir de outra maneira: cortar o financiamento da Polícia Federal. Estima-se que a redução para os recursos destinados ao órgão ultrapasse a casa dos 44% [...] trocando em miúdos: -44% de dinheiro para a PF. Isso é um golpe sujo contra uma das únicas instituições que trabalha seriamente neste país. Revoltados com a situação, internautas estão se organizando em grupos nas redes sociais com o objetivo de mobilizar a população a favor da PF. O maior desses grupos, que já possui mais de 70 mil pessoas, fez um alerta: ""Não brinquem com a Polícia Federal. Se for necessário, faremos diversas vaquinhas virtuais para continuar com o trabalho que tem orgulhado o povo brasileiro."" Breve postaremos os links de todos esses grupos.",1,size_normalized_texts/fake/1184.txt,8,"anos, são, polícia, pessoas, dia"
"Datena completa 60 anos, recebe homenagem da família e emociona telespectadores.  José Luiz Datena, apresentador da Band, completou 60 anos ontem (19).  Ele recebeu uma homenagem da produção do ""Brasil Urgente"" e se emocionou muito. Joel Datena, um dos filhos do apresentador, ""invadiu"" o estúdio da emissora para parabenizar o pai. Em seguida, um vídeo feito pela esposa Matilde e os outros filhos foi colocado no ar [...] Datena não se conteve e chorou: ""Falar o quê? A minha mulher é a razão da minha vida"" , declarou.",1,size_normalized_texts/fake/1221.txt,8,"anos, são, polícia, pessoas, dia"
"Augusto Cury: ""Políticos acham que o povo deve se curvar perante eles. O certo é o contrário"". .  Um detalhe: Cury é respeitado em todo o mundo é já teve seus livros traduzidos em mais de 60 países. Em dado momento do programa, Bial pergunta para Cury: ""Porque é que o Brasil tem 3 vezes a média mundial de pessoas ansiosas? A gente atribui isso a quê? O psiquiatra responde: ""Em primeiro lugar, a necessidade neurótica que os políticos têm de usar o poder para que a sociedade de curve perante eles e não o contrário."" ""Número 2: Esse sistema contagiante de corrupção que entrou no inconsciente coletivo e que afetou não só as finanças do país mas também asfixiou a esperança das pessoas [...] e a esperança é vital para que você possa desenvolver sonhos"" ""Em terceiro lugar, a intoxicação digital""",1,size_normalized_texts/fake/1224.txt,8,"anos, são, polícia, pessoas, dia"
"Tiririca escreve carta de repúdio aos políticos da Odebrecht. O deputado federal Francisco Everardo, mais conhecido como Tiririca, surpreendeu o meio político com uma carta emocionante e emocionada em que revela sua frustração com o meio político. Tiririca mais uma vez surpreende o Congresso Nacional. Quando eleito em seu primeiro mandato muitos imaginavam que seria apenas um palhaço que iria fazer piadas e receber seu salário, sem maiores compromissos com a nação. O campeão de votos está honrando a confiança do eleitor com 100% de presença nas sessões legislativas e projetos de lei no campo da valorização da Cultura. Na tarde da última sexta-feira (14/04/2017) ele publicou em suas redes sociais uma carta aberta ao público onde revela sua frustração com o meio político. Chocado com a revelação das gravações dos depoimentos de delatores da Odebrecht ele escreveu uma carta que é uma aula sobre Ética e Moral. “Amigos e Amigas deste Brasil de meu Deus. Quem escreve aqui não é o palhaço nem o deputado. Quem escreve aqui é o cidadão que está frustrado com tudo isso que virou o país. Como todos sabem eu fiz a minha vida no circo. No circo vivi muitos dias de fome. Dias em que a bilheteria não rendia nem o dinheiro do pão. Dias em que subi ao picadeiro com fome e doente. Houve um dia em que a bilheteria rendeu apenas R$ 32. Éramos um grupo de 41 profissionais. A partilha daria menos de R$ 1 por pessoa. Só que em nosso grupo tínhamos uma companheira doente. Pedi ao grupo que doasse todo o cachê para esta trapezista que precisava de comprar um remédio controlado, que na época custava quase R$ 50. O dono da farmácia compreendeu e deixou que pagássemos o resto quando tivéssemos dinheiro. E assim foi. Honramos nossa dívida e pagamos com o suor de nosso trabalho. Isso é o circo. Lugar que a gente aprende a dividir e se doar. Na política a cada dia vejo que não é assim. Cada um quer tirar pra si. Quanto mais melhor. Não importa quantas pessoas morram de fome ou nos corredores de hospitais. O importante é se eleger na próxima eleição e garantir a boa vida de sua família. O problema não é da Esquerda nem da Direita. A lista da Odebrecht mostrou que tem ladrão dos dois lados. O que está faltando nos políticos não é ideologia, é decência. Está faltando pra esta",1,size_normalized_texts/fake/123.txt,8,"anos, são, polícia, pessoas, dia"
"Cliente ""maltrapilho"" ignorado por vendedores tira maço de dinheiro do bolso e compra moto Harley à vista.  Este simpático ""velhinho"" provou que nunca se deve julgar uma pessoa pela sua aparência.  Vestindo uma camisa desgastada suja, calças cinzentas e um par de chinelos, o tailandês Decha tomou conta das redes sociais durante esta semana. Com base em um artigo publicado pela Elite Readers , o homem idoso, morador da Tailândia, compareceu em várias concessionárias de motos em sua cidade, no entanto, ele foi ignorado em todas elas. Na última loja que visitou, a Maxsingburi Bike Shop , na província de Sing Buri, ele ficou durante um bom tempo namorando uma moto Harley Davidson e nenhum vendedor foi atendê-lo. O dono da loja ficou curioso e foi conversar com o ""senhorzinho"". Após uma boa prosa, o ""maltrapilho"" sacou uma ""burra de dinheiro"" e comprou a moto à vista. Todos na loja ficaram sem graça e não sabiam onde enfiar a cara. A Harley dos sonhos custou cerca de 17 mil dólares, pouco mais de 52 mil reais. Em uma postagem feita no Facebook, a irmã mais velha de Decha disse que ele sempre foi uma pessoa humilde e tinha o sonho de ter uma Harley. O dinheiro de Decha era fruto de economias que ele teria feito durante anos e anos. Ele é um mecânico de moto aposentado e disse que conseguiu realizar seu sonho.",1,size_normalized_texts/fake/1265.txt,8,"anos, são, polícia, pessoas, dia"
"Líder da Al-Qaeda ameaça os EUA: ""Faremos 1000 vezes pior que o 11/09, se Deus quiser"".  O líder da Al-Qaeda, Ayman al-Zawahri, disse que o grupo vai ""perseguir"" os Estados Unidos por causa de sua ""agressão"" contra a comunidade muçulmana.  (Daily Mail) Em um vídeo publicado nas redes sociais, ele ameaça: ""Nossa mensagem para os americanos é cristalina. O 11 de setembro foi resultado direto de seus crimes contra nós na Palestina, no Afeganistão, no Iraque, no Levante, no Mali, na Somália, no Iêmen, no Magreb e no Egito."" ""Tudo o que aconteceu foi resultado de suas invasões nas terras sagradas dos muçulmanos e do apoio que vocês deram aos governos criminosos  e corruptos"". Zawahri diz que a Al-Qaeda tentará repetir os ataques de 11 de setembro: ""Enquanto seus crimes continuarem, o 11/9 se repetirá 1.000 vezes. Perseguiremos vocês até o dia da ressurreição, se Deus quiser."" Oficialmente, a Al-Qaeda foi responsabilizada pelos ataques das Torres Gêmeas nos EUA em 11 de setembro de 2001. Acredita-se que o fundador do grupo terrorista, Osama bin Laden, tenha planejado o atentado que matou mais de 3.000 pessoas. Bin Laden foi morto (pelos SEALS da Marinha Americana ) em seu esconderijo no Paquistão. Desde então, seu sucessor Ayman al-Zawahri tem aparecido em vários vídeos que ameaçando derramar sangue contra as potências ocidentais.",1,size_normalized_texts/fake/1313.txt,8,"anos, são, polícia, pessoas, dia"
"Caça F-18 Super Hornet, avaliado em US$ 55 milhões, colide com porta-aviões Carl Vinson. .  (fonte: Times of San Diego/CA) Um piloto da Força Aérea dos EUA conseguiu se ejetar de modo seguro após colidir com o porta-aviões USS Carl Vinson, informou a Marinha na tarde de hoje: ""Ele foi imediatamente resgatado por um helicóptero e passa bem"" informou a nota. A Marinha disse que o piloto foi avaliado pela equipe médica a bordo do USS Carl Vinson, porém não apresentou ferimentos aparentes. O acidente está sob investigação. O porta-aviões com propulsão nuclear estava no  Mar das Celebes, entre a Indonésia e as Filipinas, quando o F / A-18E Super Hornet caiu ao se aproximar para fazer uma aterrissagem. O Carl Vinson e um grupo de destróieres se dirigem para a península coreana, após passarem por um treinamento conjunto com a Royal Australian Navy . Curiosidade: O preço de cada Super Hornet é estimado em aproximadamente 55 milhões de dólares. De acordo com o GAO (E scritório de Contabilidade dos EUA ), hoje o Super Hornet custa à Marinha mais de 15.000 dólares por hora de voo.",1,size_normalized_texts/fake/1326.txt,8,"anos, são, polícia, pessoas, dia"
"Francisco: ""Estão ensinando para nossas crianças que elas podem escolher o gênero. Isso é terrível"".  O Papa disse lamentou que crianças sejam doutrinadas em escolas que ensinam que elas podem escolher o gênero.  Sem dar ""nome aos bois"", Francisco disse que livros didáticos fornecidos por pessoas e instituições capitalistas estão destruindo as crianças. ""Eles estão ensinando isso para as crianças nas escolas. Que todos podem escolher seu gênero. Isso é terrível"" , lamentou o papa. A declaração de Francisco foi dada durante uma reunião com bispos da Polônia durante sua peregrinação. O Vaticano informou que o Papa culpou o que ele denomina como ""colonização ideológica"" apoiada por ""países influentes"".",1,size_normalized_texts/fake/1335.txt,8,"anos, são, polícia, pessoas, dia"
"Jornalista se irrita com o caso Zé Mayer: ""Chega, já deu! Ele não é o maníaco do parque"".  O boi de piranha.  (Patrícia Carvalho para o Diário do Brasil) A imprensa pirou! Durante a última semana, o ator global passou a ser mais importante que a corrupção que estamos vivenciando no país. O Brasil se esqueceu do desemprego, da reforma da previdência, dos mais de 300 corruptos que foram citados pelo Procurador Geral da República, da violência, enfim, o país parou para assistir o caso do Zé. Já deu! Aconteceu em assédio? OK ... é fato! A moça que foi violentada deve denunciar o caso, cobrar punição e, se for o caso, pedir uma indenização para reparar os danos morais e psicológicos. Não quero parecer fria com a situação sofrida pela estilista, mas o circo armado pela imprensa já chegou ao limite. Coloca uma, duas, três matérias e ponto final! Outra coisa que também chama atenção é que, de súbito, a Globo inteira passou a dizer que foi assediada pelo Zé Mayer. E tem gente fora da Globo dizendo que o ator também ultrapassou os limites. O ator errou e foi massacrado da pior maneira possível [...] pela mídia. É hora de retomar a vida!",1,size_normalized_texts/fake/1374.txt,8,"anos, são, polícia, pessoas, dia"
"Pai que perdeu gêmeos de 9 meses, a esposa e 20 familiares em ataque químico na Síria, clama por mais ajuda dos EUA. .",1,size_normalized_texts/fake/1381.txt,8,"anos, são, polícia, pessoas, dia"
"Senado aprova a IDENTIFICAÇÃO NACIONAL, documento que substituirá RG, CNH e título de eleitor. .  RG, CNH (habilitação) e título de eleitor serão reunidos em um único documento, que também armazenará dados biométricos (digitais) do cidadão . O plenário da casa (81 senadores) ainda terá que aprovar o projeto de lei. A ""Identificação Nacional"" (nome do novo documento) será impresso pela Casa da Moeda. Antonio Anastasia (relator do projeto) informou que há tempos se planeja um novo modelo de documentação civil que possa unificar todos os dados e facilitar a vida do cidadão. ""... o documento servirá para diversas situações do dia a dia, nas quais se exige a comprovação de dados pessoais perante órgãos e entidades públicos e privados"", disse o relator.",1,size_normalized_texts/fake/1394.txt,8,"anos, são, polícia, pessoas, dia"
"Globo afasta Otaviano Costa por ""machismo"".  A semana começou pegando fogo na emissora dos Marinho.",1,size_normalized_texts/fake/1397.txt,8,"anos, são, polícia, pessoas, dia"
"Reviravolta no caso Victor: Polícia Civil indicia o cantor sertanejo pelo crime de ""vias de fato"".  O caso do sertanejo Victor tomou um novo rumo.  O cantor foi indiciado pela Polícia Civil pela contravenção penal prevista no artigo 21, do Decreto Lei 3.688/41. Há cerca de dois meses, Poliana procurou a polícia e denunciou o artista por lesão corporal. Ela afirmou (em 24 de fevereiro) que havia sido derrubada no chão e chutada. Na época, o exame de corpo de delito ""teria"" dado negativo para agressão e Poliana retirou a queixa. Nesta semana a Polícia de Minas Gerais analisou várias imagens do circuito interno do prédio onde o casal mora e determinou o indiciamento de Victor. ""A PCMG (Polícia Civil) informa que relatou à Justiça o inquérito instaurado a partir da denúncia de agressão registrada por Poliana Chaves [...] diante das provas coletadas, a PCMG concluiu pelo indiciamento de Victor Chaves pela contravenção penal prevista no artigo 21, do Decreto Lei 3.688/41, [...] conforme demonstrado no laudo pericial das imagens das câmeras de segurança do prédio e pelo depoimento da vítima"", informou uma nota à imprensa redigida pela Polícia Civil de Minas Gerais."" leia também:",1,size_normalized_texts/fake/1418.txt,8,"anos, são, polícia, pessoas, dia"
"Brasília contrata fundação espírita que incorpora Galileu e Abraham Lincoln para controlar escassez de água.  Não [...] não é uma piada! A informação é da jornalista Cleo Guimarães, do Globo.  Correndo um risco real de ""secar"" literalmente, ou seja, passar por um desabastecimento de água, a cidade de Brasília resolveu inovar. A Capital Federal contratou a Cacique Cobra Coral, uma fundação exotérica que diz  ""ter poder"" de controlar o tempo. No site da Cobra Coral, a explicação é a seguinte: ""A Fundação Cacique Cobra Coral foi criada para intervir nos desequilíbrios provocados pelo homem na natureza [...] Fundada por Ângelo Scritori e tendo a frente sua filha Adelaide Scritori também médium que incorpora o espírito e mentor Cacique Cobra Coral que também já teria sido de Galileu Galilei e Abraham Lincoln . Ângelo Scritori, morreu aos 104 anos, no ano de 2002."" O site também informa que a responsável Adelaide nasceu acompanhada de uma profecia. Será que funciona?",1,size_normalized_texts/fake/1427.txt,8,"anos, são, polícia, pessoas, dia"
"Petista invade inauguração e Dória não perdoa: ""Vai procurar sua turma lá em Curitiba"".  Um militante mortadela tentou estragar uma inauguração na manhã de hoje em São Paulo.  O Prefeito participava de um evento para entregar casas populares quando um petista o chamou de golpista . Dória, que não é qualquer um, soltou os cachorros: ""Vou dizer pra você que veio aqui tentar estragar a festa [...] que as famílias que aqui estão não estão de acordo com você não! Golpista é quem rouba dinheiro público! Golpista é aquele que rouba o povo! Pergunta para o povo o que eles acham!"" E continuou: ""Vai embora procurar sua turma [...] vai procurar sua turma lá em, Curitiba"" leia também:",1,size_normalized_texts/fake/1430.txt,8,"anos, são, polícia, pessoas, dia"
"Atentado ao Parlamento de Londres: Advogados de Lula estavam lá!.  A agência Reuters confirmou que se trata de um atendado terrorista.  O Parlamento britânico, em Londres, foi atacado hoje (22), no início da tarde. De acordo com a imprensa europeia, duas pessoas morreram e dezenas ficaram feridas. Theresa May, primeira-ministra britânica, passava por uma sabatina na hora do ataque. Cristiano Zanin e Valeska Teixeira, advogados de Lula, entravam no Parlamento quando a correria começou. A jornalista da Folha, disse que falou com Zanin por telefone: ""Fomos convidados para uma audiência pública [...] iríamos dialogar sobre as injustiças que Lula vem sofrendo [...] repentinamente começou uma correria e dezenas de policiais gritavam ""corram, corram"". Saímos correndo """,1,size_normalized_texts/fake/1449.txt,8,"anos, são, polícia, pessoas, dia"
"Vídeo mostra frangos sendo ""bombados"" com água e produtos químicos.  A finalidade desse tipo de crime contra o consumidor (e contra a saúde pública) é aumentar artificialmente o peso dos frangos que são vendidos no varejo.  Após a deflagração da Operação Carne Seca, da Polícia Federal, as denúncias envolvendo o setor alimentício passou a ter um protagonismo maior nas redes sociais. Uma reportagem feita pela TV Record mostra que produtores usam pistolas para injetar água e outros produtos na carne de frango. O objetivo é fraudar o consumidor aumentando o peso das aves. ""Em alguns casos, o produto é muito parecido com bicarbonato de sódio, porém somente um exame mais detalhado poderá dizer com exatidão qual produto químico foi usado"" disse um delegado de polícia. Nas imagens abaixo, um funcionário anônimo disse a seguinte frase: ""Nosso frango tem mais tecnologia que um avião fabricado na Embraer""",1,size_normalized_texts/fake/1456.txt,8,"anos, são, polícia, pessoas, dia"
"Ação da PF confirmou que o brasileiro consome carne podre, vencida e maquiada.  A ação da PF em conjunto com a Receita Federal e o MPF mostrou o esquema criminoso que liberava licenças para frigoríficos de modo irregular.  As empresas que estão sendo investigadas são responsáveis por mais de 60% do mercado de carne no país. De acordo com informações da PF, grande parte das carnes vendidas no mercado interno tinham prazo de validade ultrapassado e eram ""mascaradas"" com ácido ascórbico para disfarçar a decomposição e mau cheiro do produto. Também foi comprovado que carnes estragadas eram usadas na composição de salsichas e linguiças – em alguns casos, foi usado até cabeças de porcos na composição dos produtos. A BRF Foods, proprietária das marcas Sadia e Perdigão, e a JBS, dona da Friboi e da Seara, estão entre as envolvidas no crime. 309 mandados foram pela da 14ª Vara Federal de Curitiba, doa quais 190 foram mandados de busca e apreensão em empresas e residências dos principais envolvidos nas fraudes. Vale ressaltar que o grupo JBS só se tornou um gigante no mercado global a partir de 2003, durante a gestão de Lula, época em que o BNDES passou a liberar empréstimos milionários para que o conglomerado pudesse comprar os concorrentes e eliminar a disputa pelo mercado. Caro internauta, entre na rede social de um desses frigoríficos e confira os MILHARES de comentários feitos pelos consumidores. Você não vai acreditar! LINK",1,size_normalized_texts/fake/1465.txt,8,"anos, são, polícia, pessoas, dia"
"A reportagem que causou a prisão de dois repórteres na Venezuela sob a falsa acusação de ""terrorismo"".  No último mês, dois repórteres da TV Record foram presos na Venezuela sob acusação de Terrorismo.  Leandro Stoliar e Gilson Fred Oliveira foram para o país comunista a fim de investigar denúncias de corrupção envolvendo financiamentos do BNDES (que favorecia construtoras brasileiras), em especial a Odebrecht, para obras no Brasil e na América Latina. Ambos ficaram 36 horas sob custódia da polícia local e foram liberados sob forte escolta policial aos gritos de: ""Terroristas de la patria, de la nación"""" Confira no vídeo abaixo o motivo que causou a prisão dos profissionais:",1,size_normalized_texts/fake/1492.txt,8,"anos, são, polícia, pessoas, dia"
"Senadora dá conselho às mulheres: ""Não lavem louça, não limpem a casa, não levem os filhos na escola ..."".  No próximo dia 8 de Março, estaremos comemorando o Dia Internacional da Mulher.  (por Patrícia Carvalho) A senadora Gleisi Hoffmann nos deu um conselho: ""Não lavem roupa, não lavem as louças, não levem os filhos na escola [...] não façam nada em casa"" O que é que essa senhora está propondo? Uma manifestação dentro de casa? Será que ela acha que nós (mulheres) iremos vestir camisetas vermelhas e começar a quebrar nosso lar? Ou então colocar fogo em pneus e montar barricadas na cozinha? O petismo é uma doença. Gleisi acha que toda mulher tem marido rico que ""pega dinheiro de velhinhos aposentados"" [...] igual ao marido dela. Vai te catar senadora!",1,size_normalized_texts/fake/1499.txt,8,"anos, são, polícia, pessoas, dia"
"Jornalista diz que José Mayer estaria assediando figurinista da Globo: ""Ele a tocou à força e fez ameaças"".  O polêmico Léo Dias ataca novamente. A vítima da vez é o ator José Mayer.  De acordo com uma publicação feita na tarde de hoje (03), Léo conta que recebeu uma acusação de uma funcionária da Rede Globo contra o ator ""sessentão"". Como sempre faz em suas postagens, o jornalista diz que a tal funcionária pediu para não ser identificada, provavelmente temendo represálias. No relato, ela diz que uma colega de trabalho (que ocupa uma função de figurinista) estaria sofrendo assédio por parte de Mayer. O ator teria inclusive ameaçado, xingado e insultado e tocado na moça contra sua vontade. Na denúncia aparece também uma segunda funcionária que pediu demissão após ter sido agarrada à força no camarim da emissora. Léo disse que tentou contato com a Globo e a resposta foi: ""Funcionários e colaboradores da Globo têm relações num ambiente de harmonia e colaboração, como manda o Código de Ética e Conduta do Grupo. Desrespeito não é tolerado pela empresa e a Globo não comenta assuntos internos"". Ou seja, a lei do mais forte prevalece!",1,size_normalized_texts/fake/1503.txt,8,"anos, são, polícia, pessoas, dia"
"Daniela Mercury interrompe som de trio elétrico, faz gestos obscenos e xinga a polícia de Salvador.  O fato aconteceu ontem (28) em Salvador.  Ao passar com seu trio elétrico em frente ao camarote da Polícia Militar,  a cantora baiana interrompeu o show e começou a fazer gestos obscenos (com o dedo médio) para o público e para os policiais. Daniela ficou tão irritada que mandou todos tomarem no #$ (confira aos 26 segundos do vídeo). Alexandre Aleluia, vereador e  líder do DEM na Câmara de Salvador, disse que apresentará uma moção de repúdio à atitude da cantora. ""É um desrespeito total à corporação [...] não somente em Salvador, mas em todo o estado"" , disse o vereador.",1,size_normalized_texts/fake/1509.txt,8,"anos, são, polícia, pessoas, dia"
"Globo edita The Voice Kids e corta participação de Victor Chaves: ""Repudiamos qualquer forma de violência"".  A emissora decidiu editar o programa de hoje e cortou os trechos em que os jurados Victor e Léo aparecem.  O The Voice Kids é gravado nos estúdios do Projac, no Rio de Janeiro, e exibido aos domingos pela Rede Globo. No programa que foi ao ar na tarde de hoje, telespectadores perceberam claramente que as imagens foram editadas, e somente o cantor Léo fez algumas participações. André Marques, apresentador da atração, informou que ""um fato importante aconteceu envolvendo um dos técnicos do programa [...] uma acusação  grave de violência doméstica"". A Globo disse que ""repudia qualquer forma de violência e acredita que o fato deve ser apurado, garantindo o direito de defesa, na busca da verdade"". O cantor Victor, parceiro de Léo em uma dupla sertaneja, foi acusado de bater na esposa Poliana Bagatini A empresária, que está grávida, deu queixa contra o marido na última sexta (24) pela manhã na DEPOL de Belo Horizonte, MG Poliana passou pela Delegacia da Mulher, onde se submeteria a um exame de corpo de delito, mas não quis esperar e foi embora. De acordo com o relato da empresária, Vitor a teria jogado no chão e dado vários chutes nela. Um segurança do cantor e a sua irmã impediram a moça de sair do apartamento. Mesmo na delegacia, a vítima se queixou que a irmã do cantor continuou enviando ameaças via mensagens eletrônicas.",1,size_normalized_texts/fake/1522.txt,8,"anos, são, polícia, pessoas, dia"
"Sertanejo Victor Chaves é acusado de agredir esposa grávida. Caso foi registrado no DEPOL de BH. .  A empresária, que está grávida, deu queixa contra o marido hoje (24) cedo na DEPOL de Belo Horizonte, MG Poliana passou pela Delegacia da Mulher, onde se submeteria a um exame de corpo de delito, mas não quis esperar e foi embora. De acordo com o relato da empresária, Vitor a teria jogado e dado vários chutes nela. Um segurança do cantor e a sua irmã impediram a moça de sair do apartamento. A Polícia Civil de MG vai investigar o casal e os envolvidos, que serão chamados para depor em breve. A assessoria da dupla Victor e Leo ainda não se pronunciou. leia também: 25/02/2017",1,size_normalized_texts/fake/1523.txt,8,"anos, são, polícia, pessoas, dia"
"Ela postou uma carta aberta no Facebook reclamando do salário. Ganhou 100 mil likes e uma demissão.  Talia Jane, de 25 anos, desabafou sobre seu salário e as contas que ela tinha para pagar.  Ela achava sua remuneração injusta e inadequada para viver sem dívidas e preocupações, então decidiu reclamar em público. Postou nas redes sociais uma carta aberta aos executivos da Yelp, multinacional sediada em São Francisco, na Califórnia. A ""carta aberta"" em que ela reclamou de seus rendimentos viralizou e teve mais de 100 mil visualizações e milhares de compartilhamentos. O texto foi endereçado ao presidente da empresa, Jeremy Stoppelman. ""Tenho carro, cartão de crédito, casa, essas coisas que sempre sonhei quando era bem mais jovem. Mas agora, adulta e com emprego, vejo o quanto essas coisas todas são, na verdade, símbolos de estresse, de irritação"", escreveu Talia. ""Ganho cerca de 8 dólares por hora de trabalho. Não dá pra pagar minhas contas, definitivamente. Só com dívida acumulada de cartão de crédito são  quase US$ 1.000. Ainda pago com transporte público, gás. luz, essas coisas"" , completou. A jovem tentou entrar no e-mail da empresa e percebeu que seu acesso estava bloqueado. Procurou saber o que tinha ocorrido e descobriu que tinha sido dispensada. Pelas redes sociais, Talia ainda foi irônica: ""Amo meu trabalho. Amo ser demitida, isso resolve todos os meus problemas de grana. Meu chefe diz que não, mas sei que o culpado pela minha demissão é o presidente, o ""grande cara"", o chefão da minha empresa"" O presidente da empresa também postou uma resposta: "" Você deveria estar ciente de que os custos para alguém que mora em São Francisco são altos e não podemos pagar pela baixa qualificação que você possui. Espero que você possa ser feliz em outra empresa. Abraços e boa sorte.""",1,size_normalized_texts/fake/1525.txt,8,"anos, são, polícia, pessoas, dia"
"Esposa de sertanejo publica carta nas redes sociais: ""Victor não me machucou e nunca me machucaria"".  Em um comunicado feito na rede social, Poliana Chaves alega que fez exame de corpo delito para ""comprovar a ausência de agressão física"".  Laudo do IML não foi divulgado pela família nem pela polícia. A esposa do cantor Victor Chaves publicou uma mensagem no Instagram dizendo que pretende retomar a vida ao lado do esposo. Na carta, Poliana diz que tem o dever de esclarecer os fatos: ""Vi meu nome e o da minha família expostos na mídia e me senti na obrigação de esclarecer os fatos. Espero voltar a me dedicar ao meu marido, à minha filha e à minha gravidez"" , postou. ""Em momento algum considerei qualquer tipo de crime contra a minha pessoa, principalmente cometido pelo meu marido"" disse. leia também:",1,size_normalized_texts/fake/1526.txt,8,"anos, são, polícia, pessoas, dia"
"Jornais de grande circulação apontam Vladimir Putin como ""imortal"" e ""anticristo"".  Teorias da Conspiração sempre fizeram parte da história da humanidade.  Com a disseminação da internet após meados dos anos 90, o que antes só aparecia em livros passou a se tornar público a todos os tipos de pessoas, desde que tenham um simples acesso à internet. Teorias sobre o presidente da Rússia estão invadindo as redes.",1,size_normalized_texts/fake/1527.txt,8,"anos, são, polícia, pessoas, dia"
"Com arrogância, machismo e prepotência, Reinaldo Azevedo ""dá aula"" de como maltratar um mulher.  O jornalista que esteve ao lado dos movimentos de rua durante a derrubada de Dilma se calou.  (Amanda Nunes Brückner para o Diário do Brasil) A febre de lutar por um país melhor acabou. Esse sim é um cidadão que merece ser rotulado como golpista! Lutou por seus próprios ideais políticos (que obviamente estão alinhados com os do atual governo) e pronto...game over! O ""minhoca de chapéu"" sempre usou sua voz em benefício próprio. Nunca esteve ao lado do povo. Em um vídeo publicado no You Tube (que dá nojo de ver) Azevedo ataca sua ex-colega, Joice Hasselmann, e a trata como nenhum homem jamais deveria tratar uma mulher. O vídeo, que já obteve mais de 200 mil visualizações, deve estar enchendo o jornalista de orgulho, não é mesmo Reinaldo? É muita gente assistindo, né? Pois bem, ele se esqueceu de um detalhe [...] aliás, não se esqueceu. Ele se atentou muito bem a esse detalhe: O cidadão bloqueou os comentários para que os internautas não pudessem interagir com a postagem. O resultado do vídeo? Simples... basta analisar os ""likes"" e ""unlikes"" que estão na tela do You Tube: 3 mil pessoas deram um ""joinha"" e outras 23 mil reprovaram a publicação. Você, Reinaldo, é um covarde! É um nada que se esconde atrás da Revista Veja e da Jovem Pan [...] e um dia (não muito distante) eles irão te dar um pé no traseiro. Aproveite enquanto ainda tem um (ou dois) veículo(s) de comunicação te ""bancando"", porque quando estiver sozinho você será mais um zé ninguém em meio à multidão virtual! abaixo o vídeo daquele que se acha a última bala do pacote ... vamos dar um pouquinho mais de ""views"" para ele:",1,size_normalized_texts/fake/1539.txt,8,"anos, são, polícia, pessoas, dia"
"Ele contou que entregou propina a pedido de um amigo. Dias depois,o amigo morreu. .  Almeida conta que era amigo íntimo de Fernando de Arruda Botelho, um acionista da Camargo Corrêa que morreu em um acidente aéreo. Para ele, seu amigo foi assassinado para encobrir um esquema de corrupção na empresa. O acidente aconteceu na tarde de uma sexta-feira 13 (abril de 2012), quando Arruda Botelho (o acionista da Camargo Corrêa) e o piloto Sérgio foram carbonizados após o avião em que voavam cair nas proximidades de um aeródromo na cidade de São Carlos, SP. Abaixo a narração de Almeida: ""Levei uma mala de dólares para Lula"", disse na reportagem. Os valores não foram revelados, porém ele contou detalhes do transporte da suposta mala: ""Ela foi entregue para um funcionário da Morro Vermelho (a mesma empresa do avião que caiu com o empresário Arruda Botelho), William Steinmeyer, a quem ficou encarregado de entregar para o ex-presidente. O dinheiro estava em um saco, dentro da mala. Eu entreguei o saco com os valores e trouxe a mala de volta"" Almeida disse que após alguns dias, Lula apareceu (junto com um segurança) para recolher o pacote: ""Ele ficou de ajudar a fechar um contrato com a Petrobras, algo em torno de R$ 100 milhões"" , contou. Além de Lula, o Davincci também disse que entregou malas cheias para funcionários da Petrobras, em outras ocasiões. Eita Brasil! Corrupção mata mesmo [...] eita país pra cair avião! (reportagem da Revista IstoÉ )",1,size_normalized_texts/fake/1549.txt,8,"anos, são, polícia, pessoas, dia"
"O vídeo que fez com que Maduro expulsasse a CNN da Venezuela.  Na última quarta-feira (15), autoridades da Venezuela ordenaram que o canal CNN Espanhol fosse retirado do ar imediatamente.  Maduro (a besta comunista) acusou a principal emissora da América Latina de fazer ""propaganda de guerra"" contra o governo. Também foi ordenado que a Conatel (Comisión Nacional de Telecomunicaciones) abrisse um ""procedimento administrativo"" contra a ""CNN"" por ""atentado contra a paz e a estabilidade democrática"" do país. Como é que um bandido e ladrão desses, que diga-se de passagem é aliado de Dilma e Lula, pode tomar uma atitude dessas e ainda citar o nome ""democracia"" ? Maduro é um pilantra da pior qualidade! Abaixo o real motivo que fez a CNN ser expulsa do país. O canal reproduziu um pequeno vídeo (filmado por um cidadão venezuelano) que mostra o povo procurando comida em um caminhão de lixo.",1,size_normalized_texts/fake/1555.txt,8,"anos, são, polícia, pessoas, dia"
"Imagina esse cara no debate em 2018: ""Cadeia é lugar para tirar o canalha da sociedade e não para recuperá-lo"".  ""Cadeia é igual coração de mãe ... sempre cabe mais"" Bolsonaro.  ""A violência está aí [...] o povo fica com pena de marginais. Esse pessoal não tem recuperação! Tem gente que fica com pena de presidiário [...] lá (na cadeia) é o lugar deles pagarem seus pecados."" ""O objetivo da cadeia é tirar o canalha da sociedade e não recuperá-lo [...] e quem acha que tem recuperação, que dê exemplo: leve o cara pra trabalhar na sua casa e deixa ele dirigir o carro da tua esposa ou da tua filha""",1,size_normalized_texts/fake/1557.txt,8,"anos, são, polícia, pessoas, dia"
"Ele não tem medo de altura! ""Chuck Norris"" da Bahia instala tela de proteção e pula para garantir o serviço!.  E se eu estiver com medo de testar a resistência da tela?.  Bem, aí você tem a opção de chamar o Chuck Norris da Bahia. Após concluir o serviço na casa de seus clientes, esse homem faz o impensável! Em um vídeo foi postado nas redes sociais, ele simplesmente pega embalo e pula em direção à sacada, se agarra na tela e balança para provar a qualidade de seu serviço e do equipamento. Você teria coragem?",1,size_normalized_texts/fake/1562.txt,8,"anos, são, polícia, pessoas, dia"
"Espírito Santo: Três policiais foram baleados após serem obrigados a fazer patrulhamento a pé.  A Associação de Cabos e Soldados da Polícia Militar e Bombeiro Militar informou que três PM""s foram baleados hoje.  De acordo com a ACS, os militares faziam patrulha em Cariacica, a cerca de 20 km da Grande Vitória. Um soldado foi alvejado na perna e outro sofreu um tiro de raspão. Com o intuito de socorrer os colegas, um terceiro militar se aproximou e foi atingido no braço. O 7º Batalhão da PM do Estado, através de seu diretor de Relações Públicas se manifestou e disse que se trata de um ""patrulhamento suicida"". Desde o último sábado (4) familiares de policiais estão ""travando"" as saídas de veículos das corporações. A corporação disse que orientou os policiais a seguirem diretamente para seus locais de trabalho, mesmo sem viaturas. A Secretaria de Segurança do Estado não confirmou a ocorrência. ""As viaturas estão presas nos quartéis e o pessoal está sendo obrigado a trabalhar a pé. Por medo e pressão das chefias, alguns acabam acatando as ordens e vão para as ruas sem o equipamentos de proteção"", disse o cabo Thiago Bicalho. (as informações são de Paula Bianchi , do UOL)",1,size_normalized_texts/fake/1578.txt,8,"anos, são, polícia, pessoas, dia"
"Assessor da ALERJ alerta para o caos no RJ. Comando da PM nega que a corporação irá parar. .  O assessor do presidente da Assembleia Legislativa do Rio enviou (através do aplicativo Whatsapp ) para seus companheiros de alto escalão uma orientação para não saírem nas ruas na próxima sexta-feira (10). A mensagem alerta que o Rio de Janeiro está a caminho do caos: ""Ou valoriza a PM ou vamos parar"". O texto do assessor (braço direito de Jorge Picciani) diz: ""População do Rio de Janeiro. Não saia de casa a partir do dia 10/02/2017. Familiares de policiais estarão impedindo a saída de viaturas dos batalhões assim como no Espírito Santo. O Rio vai virar o caos. Queremos os salários em dia. Ras olímpico Metas Insalubridade Periculosidade Adicional noturno Agora é guerra. Ou valoriza a PM ou vamos parar"". Jorge Picciani não confirmou a mensagem e declarou: ""Agora, as pessoas com a internet querem demostrar terem informações, mas é uma tolice"", afirmou o presidente da Alerj."" O alto comando da PM/RJ também negou as supostas paralisações. (a informação é de Gabriel Mascarenhas)",1,size_normalized_texts/fake/1581.txt,8,"anos, são, polícia, pessoas, dia"
"Depois do Espírito Santo é a vez de Alagoas: Policiais aderem à paralisação.  Policiais Civis e Federais do estado de alagoas paralisaram as atividades hoje (08).  Os sindicatos das categorias alegam que o ato faz parte de um repúdio contra a PEC da reforma da Previdência. ""Hoje o policial se aposenta com 30 anos de serviço e agora com essa PEC terá a idade mínima de 65 anos para a aposentadoria integral, onde a contribuição passa a ser de 49 anos. Além disso, também querem mexer na pensão por morte e nós não aceitamos isso"" , informou o representante do sindicato. A PM do Espírito Santo continua paralisada e o estado vive um caos na segurança pública. Jornais de grande circulação informaram hoje que as policias do Rio de Janeiro também poderão aderir às paralisações nos próximos dias.",1,size_normalized_texts/fake/1582.txt,8,"anos, são, polícia, pessoas, dia"
"Ex-candidata a vereadora pelo PSDB é flagrada carregando produtos de furto no Espírito Santo. .  Uma ex-candidata a vereadora pelo PSDB nas últimas eleições foi surpreendida carregando produtos saqueados após várias lojas serem invadidas na cidade de Cachoeiro, interior do Espírito Santo. O flagra foi divulgado pelo jornal Folha do Espírito Santo. De acordo com a matéria, as imagens de Marcela Ranocchia foram captadas ontem (06) . Ela saia de uma loja com várias sacolas nas mãos. O PSDB de Cachoeiro divulgou nota de repúdio ao crime praticado pela filiada:",1,size_normalized_texts/fake/1588.txt,8,"anos, são, polícia, pessoas, dia"
"Sem polícia nas ruas, capital do Espírito Santo registra 51 homicídios em 3 dias.  De acordo com o Sindicato da Polícia Civil, Vitória registrou 51 mortes violentas desde o último dia 04.  O número de mortos sinaliza um aumento de mais de 1.000% em relação a todo o mês de janeiro. Desde a manhã de sábado, familiares de Policiais protestam por melhores salários e bloqueiam a saída de viaturas dos quartéis. O governo estadual exonerou o comando da PM e pediu ajuda do Exército, enquanto o policiamento das ruas não é retomado. Foram registradas 8 mortes no sábado, 16 ontem e mais 27 somente nas primeiras horas de hoje (06). A Justiça classificou a greve como ""ilegal"" e determinou a desocupação das portas dos quartéis. Desesperada e sem ter a quem apelar, a população está usando as redes sociais para postar vídeos e mostrar o caos que se instalou no Espírito Santo. A Prefeitura de Vitória suspendeu o atendimento nas unidades de saúde e as escolas estão sem aulas.",1,size_normalized_texts/fake/1589.txt,8,"anos, são, polícia, pessoas, dia"
"ZEN-vergonha: Monge é preso no sul da Ásia com milhões de comprimidos de metanfetamina. .  Um monge budista foi preso ontem (05) em Myanmar, no sul da Ásia. Após uma busca no mosteiro, a polícia local encontrou mais 4,2 milhões de comprimidos de metanfetamina. Myanmar é um dos centros de concentração tráfico de drogas no Sudeste Asiático. Na Tailândia, país vizinho, aproximadamente 30 monges tiveram que abandonar os hábitos por uso de drogas nos últimos anos. A ONU estima que a produção e consumo de drogas sintéticas quadruplicou na região desde 2012 . (fonte: HindustanTimes )",1,size_normalized_texts/fake/1599.txt,8,"anos, são, polícia, pessoas, dia"
"Kátia Abreu conseguiu a proeza de ter uma biografia mais manchada que a dos petistas. Expulsa do PMDB nesta quarta (23) por decisão unânime do Conselho de Ética, Kátia Abreu está choramingando pelo Twitter: Foi muito pertinente ela ter citado sua biografia, pois é uma biografia muito mais indecente do que a dos petistas. E olhe que as biografias dos petistas são as mais repelentes que podemos encontrar, pois falamos de pessoas que apoiam regimes totalitários. Ou seja, são inimigos da humanidade. Mas Kátia Abreu é ainda pior que os petistas. A maioria dos petistas nasceu para isso: ocupar poder no estado e escravizar os demais. Por mais que sejam repugnantes, executam sua função. Kátia Abreu é diferente. Sua biografia mostra: chegou ao poder como representante dos pecuaristas. E todos sabem que pecuaristas e agriculturas são vítimas de terrorismo causado pelo MST, movimento sanguinário apoiado pelo PT. Só por isso Kátia Abreu deveria ter honrado sua “biografia” e jamais sequer ter apertado a mão de um petista. Mas ela fez o contrário: usou o poder em suas mãos para ajudar o partido totalitário. Qualquer pecuarista ou agricultor que tenha sido assassinado, estuprado ou tenha perdido sua propriedade para o terrorismo rural precisa se lembrar do nome da pecuarista que ajudou o PT, partido que mais financiou o MST. Não adianta Kátia Abreu fazer discursinhos piegas. Já está na biografia dessa senhora: “Kátia Abreu, que chegou ao poder pelo apoio dos pecuaristas, decidiu apoiar o PT, partido aliado do MST, que vive de praticar terrorismo contra agricultores e pecuaristas”. Qualquer barbárie cometida pelo MST pode ser rebatida com uma pergunta a Kátia Abreu: “E aí, Kátia, o que me diz de seu apoio ao PT, que financia o MST?”. Isso não pode mais ser apagado de sua biografia. Por isso mesmo ela consegue ser até pior do que os petistas, em termos morais. Os petistas",1,size_normalized_texts/fake/16.txt,8,"anos, são, polícia, pessoas, dia"
"Candidato Luciano Huck é sócio de loja que pendurou manequins negros de ponta-cabeça. .  A marca carioca Reserva, que tem o apresentador global Luciano Huck como sócio, se tornou alvo de acusações de racismo por causa de uma vitrine em um shopping Riosul da na zona sul do Rio de Janeiro Internautas acharam ofensivo o fato de manequins negros estarem pendurados de cabaça para baixo. A assessoria de imprensa da Reserva disse que os manequins, tradicionalmente pintados de preto, são pendurados pelos pés em todas as liquidações da marca. O letreiro da loja também é invertido na época de saldão. Tal ato representaria a expressão ""O Patrão está maluco"" e não teria qualquer intenção de praticar racismo.",1,size_normalized_texts/fake/1609.txt,8,"anos, são, polícia, pessoas, dia"
"""Senhor X"" é transferido para o ""Xilindró"" Bangu 9. .",1,size_normalized_texts/fake/1623.txt,8,"anos, são, polícia, pessoas, dia"
"Bonner se cansou do jornalismo e do ""baixo salário"". Ele vai partir para a área do entretenimento.  Após oficializar o divórcio através das redes sociais, o jornalista Willian Bonner quer iniciar uma nova etapa em sua vida.  O editor-chefe e apresentador do Jornal Nacional pretende trocar o jornalismo pelo entretenimento. De acordo com informações do portal Terra, Bonner continuará na emissora, onde faz parte do quadro de funcionários há 30 anos. A publicação também informa que o apresentador se cansou de fazer a mesma coisa há tanto tempo e agora quer ganhar mais dinheiro. O salário de Willian está em torno de R$ 700 mil, informou o portal Observatório da Televisão . Já o salário de sua ex-esposa ultrapassa R$ 1 milhão de reais. leia também:",1,size_normalized_texts/fake/1632.txt,8,"anos, são, polícia, pessoas, dia"
"Angustiado e doente, Russo morre aos 85 anos: ""A Globo foi covarde. Eles me abandonaram"". .  Antônio Pedro de Souza, que dedicou 45 anos de sua vida à Rede Globo, faleceu aos 85 anos vítima de uma pneumonia. Em 2015, quando a Globo comemorava seus 50 anos, Russo foi demitido da Globo e desabafou: ""Me deixaram sem pai nem mãe. Foram covardes. Eu não queria parar de trabalhar."" Descanse em paz Antônio Pedro! O povo sabe quem foi você e sempre te valorizou!",1,size_normalized_texts/fake/1638.txt,8,"anos, são, polícia, pessoas, dia"
"Beto Barbosa é preso em Fortaleza e reage: ""Tira essa algema de mim. Isso vai dar problema para o país"".  O ""rei da lambada"" Beto Barbosa foi detido na manhã de hoje em Fortaleza, CE.  De acordo com informações do jornal Tribuna do Ceará , policiais deram voz de prisão, algemaram o músico e o encaminharam para a delegacia. Em um vídeo feito no 2º Distrito Policial, Beto demonstra sua indignação: ""O que foi que eu fiz? Precisava ter me algemado. Eu só disse que não era vagabundo"" A Secretaria de Segurança Pública e Defesa Social do estado se manifestou: ""A PM foi acionada para uma ocorrência com o cantor. Ele se desentendeu com o segurança de um supermercado e ambos foram encaminhados para o 2º DP afim de esclarecer os fatos"" Com tanta gente precisando ser algemada em Brasília ... ATUALIZADO ÀS 18:51 HS",1,size_normalized_texts/fake/1642.txt,8,"anos, são, polícia, pessoas, dia"
"Aeronáutica diz que não havia ""anormalidades"" no avião que caiu em Paraty. .  O Cenipa, órgão da Aeronáutica responsável pela prevenção e investigação de acidente aéreos, divulgou uma nota hoje (24) dizendo que: ""Análise preliminar feita nos áudios extraídos do gravador da cabine do bimotor King Air C90GT que caiu no mar de Paraty não apontam qualquer anormalidade nos sistemas da aeronave"". A Aeronáutica também informou que os registros de áudio incluem "" não só informações de voz, mas também outros sons que serão importantes para a investigação"". Então tá [...] tudo estava ""normal"" não é mesmo? Aviões normais (com pilotos que possuem experiência de 30 anos de voo) caem todos os dias ... aham O piloto era um dos mais antigos e experientes no aeroporto Campo de Marte. Tinha 30 anos de experiência na aviação e era instrutor desde os anos 90. Quem conhecia Osmar não entende porque o bimotor caiu [...] não entende ou tem medo de falar. Um colega de profissão relatou: ""Rodrigues tinha mais experiência do que qualquer piloto aqui no Campo de Marte. Foi professor de quase todos aqui"" Outro profissional disse: ""Não dá para explicar"" Fernando Guimarães, também piloto, relatou: ""Ele não decolaria do Campo de Marte sabendo que o destino dele estava fechado""",1,size_normalized_texts/fake/1662.txt,8,"anos, são, polícia, pessoas, dia"
"Osmar Rodrigues tinha 30 anos de experiência e era considerado o melhor piloto do Campo de Marte. .  O piloto era um dos mais antigos e experientes no aeroporto Campo de Marte. Tinha 30 anos de experiência na aviação e era instrutor desde os anos 90. Quem conhecia Osmar não entende porque o bimotor caiu [...] não entende ou tem medo de falar. Um colega de profissão relatou: ""Rodrigues tinha mais experiência do que qualquer piloto aqui no Campo de Marte. Foi professor de quase todos aqui"" Outro profissional disse: ""Não dá para explicar"" Fernando Guimarães, também piloto, relatou: ""Ele não decolaria do Campo de Marte sabendo que o destino dele estava fechado""",1,size_normalized_texts/fake/1676.txt,8,"anos, são, polícia, pessoas, dia"
"Há 7 anos, o filme ""Tropa de Elite 2"" já alertava: ""O SISTEMA é foda parceiro! Ainda vai morrer muito inocente"". .  O filme foi lançado há 7 anos, em 2010. Assista os 47 segundos finais do filme e perceba como a realidade que estamos vivendo hoje em dia foi retratada com fidelidade por Padilha: ""Agora me responda uma coisa. Quem você acha que sustenta tudo? É ... e custa caro, muito caro. O SISTEMA é muito maior do que eu pensava. Não é a toa que os traficantes, os policiais e os milicianos matam tanta gente nas favelas. Não é a toa que existem as favelas. Não é a toa que acontecem tantos escândalos em Brasília [...] entra governo, sai governo e a corrupção continua. Pra mudar as coisas, vai demorar muito tempo. O SISTEMA é foda! Ainda vai morrer muito inocente""",1,size_normalized_texts/fake/1682.txt,8,"anos, são, polícia, pessoas, dia"
"Mr. Catra é acusado de associação com o tráfico. Mr. Catra, funkeiro adepto da poligamia, se envolveu em uma polêmica que pode tirar sua liberdade e sua vida de ostentação nos próximos anos. Em um clipe ousado o cantor faz apologia a uma das maiores facções criminosas do Brasil. No vídeo que circula pela internet e foi divulgado pelo jornal “A Crítica”, o cantor aparece entoando versos que citam Ronny e Coquinho, que seriam aliados do traficante João Pinto Carioca, o João Branco. A letra cita nominalmente a Família do Norte, diz que o grupo criminoso é “responsa” e “presença” e cita “os trafica da Compensa”, em alusão a um bairro de Manaus. Nascido no Morro do Borel, na Tijuca, Zona Norte do Rio de Janeiro, Mr. Catra, 48, é conhecido pelas falas polêmicas, pelos funks de letras picantes e pela numerosa família —ele é pai de 33 filhos. Artigo 287 do Código Penal: Fazer, publicamente, apologia de fato criminoso ou de autor de crime. Detenção: 3 a 6 anos ou multa. Conduta típica: Elogiar, exaltar, enaltecer criminoso ou vantagens do ato ilícito. – Constitui incentivo indireto a pratica de crime. Em sua defesa Mr.",1,size_normalized_texts/fake/170.txt,8,"anos, são, polícia, pessoas, dia"
"Saiba porque a professora comunista apanhou em sala de aula. Adolescente afirma ter se arrependido, mas nega soco e admite apenas ter empurrado o rosto dela; garoto relata ter crescido em ambiente doméstico violento. O garoto de 15 anos que agrediu a professora Márcia de Lourdes Friggi com socos e tapas numa escola em Indaial, no interior de Santa Catarina, prestou nesta quarta-feira depoimento à Polícia Civil. De cabeça baixa, o garoto disse que partiu para a agressão depois de ter sido xingado por ela e que não lhe deu um soco, mas sim um empurrão no rosto – a sua unha teria arranhado o supercílio, o que provocou o sangramento. O estranhamento entre eles se deu logo no início da aula, quando Márcia avisou que estava proibido o uso de celulares na sala. Ela olhou, então, para o menino e o viu com um livro no colo. Pensou que ele poderia estar mexendo no aparelho telefônico debaixo da carteira e pediu para que ele colocasse o livro em cima da mesa. O garoto foi ríspido: “Eu boto onde eu quiser. Vá se f.”. A professora, então, mandou-o para a sala da diretoria, ao lado. A partir dali, segundo a professora, ele se levantou e jogou o livro em direção à sua cabeça – ela desviou. Já o garoto contou que atirou o livro no chão e disse que não tem um celular. Diante da diretora e da secretaria, o adolescente negou tudo. A professora se irritou e começou a dizer que ele estava mentindo, que a sala inteira era testemunha, até que o garoto se lançou sobre ela. Márcia caiu no chão, enquanto o menino foi contido pela diretora e pelos alunos, que a essa altura já estavam fora da sala. Por fim, ele ficou trancado numa sala até que a sua mãe chegasse para buscá-lo. Violência em",1,size_normalized_texts/fake/171.txt,8,"anos, são, polícia, pessoas, dia"
"Comunicado que circula entre policiais diz que PCC fará ataques em todo o estado de SP na terça-feira (17). .  Os ataques, segundo informações do El Pais , poderão ocorrer em diversos locais do estado. De acordo com a matéria, as tais informações foram repassadas de agentes do Centro de Inteligência Policial de Araraquara para todas as unidades policiais. Parte do texto diz: ""Para conhecimento e providências, chegou neste Centro de Inteligência que membros do PCC dão conta de que armas de fogo foram distribuídas aos integrantes da facção para possíveis ataques. Há informações de que no próximo dia 17 o comando da organização criminosa ordenará vários ataques em locais distintos, onde cada um terá que agir"". O jornal El Pais confirmou a veracidade do documento com policiais que não quiseram divulgar seus nomes. Um outro policial disse que a mensagem enviada pelo Centro de Inteligência de Araraquara era correta, porém (até agora) não há indícios de que o PCC estaria distribuindo armas ou se articulando para possíveis ataques. A Secretaria da Segurança Pública de SP não se pronunciou sobre as informações e alegou que ""desconhece qualquer ameaça concreta de ataques de organizações criminosas"". leia também:",1,size_normalized_texts/fake/1710.txt,8,"anos, são, polícia, pessoas, dia"
"A jericada de Lula! Ex-presidente discursa, comete gafe histórica e acaba se entregando.  Durante o Congresso da Confederação Nacional dos Trabalhadores em Educação (CNTE), em Brasília, Lula cometeu mais de suas gafes antológicas.  Se bem que [...] somente a presença de Lula em um Congresso sobre Educação já é uma gafe digna de entrar para a história. Voltando ao assunto... Uma fala que praticamente passou despercebida pela mídia, foi captada com astúcia pelo Jornal da Cidade Online . Em um discurso inflamado, o petista disse aos berros: ""Quem é o culpado se um jovem de 25 anos está preso hoje em dia? Que oportunidade deram a esse jovem quando ele tinha 8 anos? Se não deu educação, não deu trabalho, essa criança vai fazer o quê da vida? ..."" Bem, o jovem de 25 acima citado pelo petista nasceu em 1992. Quando Lula assumiu seu primeiro mandato presidencial, o jovem estava com 10 anos. O PT governou até o ano passado, quando esse jovem citado por Lula completou 24 anos. Portanto, o personagem da frase do ex-presidente viveu toda sua infância, sua adolescência e sua juventude sob o governo do PT [...] até que foi preso porque não teve educação, trabalho e oportunidade. Lula está mais perdido que azeitona em boca de banguela. Como diz o ditado: peixe morre pela boca!",1,size_normalized_texts/fake/1723.txt,8,"anos, são, polícia, pessoas, dia"
"Número de mortos por febre amarela em MG pode chegar a 30 e estado tem surto de medo da doença.  No leste de Minas Gerais, o número de mortes por ""suspeita"" de febre amarela já chega a 30.  Na pequena cidade de Lajinha, cerca de trezentas pessoas se amontoaram para conseguir uma senha de atendimento no posto de saúde. Agentes estão visitando as casas das áreas rurais. Somente este ano, de acordo com a Secretaria de Estado da Saúde, foram 110 casos suspeitos de febre amarela; desse total,  30 pessoas morreram. O presidente da Sociedade Mineira de Infectologia alertou: ""Devemos conter essa epidemia. Atualmente esse surto está nas zonas rurais. Temos que impedir que essa bolha chegue nas capitais, onde existe uma grande concentração populacional. As proporções poderiam ser devastadoras"". O Governo Federal, através do Ministério da Saúde, informou que há estoque suficiente de vacina contra a febre amarela para que a população seja atendida em situações extremas. Somente para MG foram enviadas cerca de 735 mil doses durante esta semana. A febre amarela é uma doença infecciosa grave, causada por vírus e transmitida por vetores. A maioria das pessoas que contrai este vírus não chega a apresentar sintomas ou os mesmos são muito fracos. As primeiras manifestações da doença são repentinas: febre alta, calafrios, cansaço, dor de cabeça, dor muscular, náuseas e vômitos por cerca de três dias. A forma mais grave da doença é rara e costuma aparecer após um breve período de bem-estar (até dois dias), quando podem ocorrer insuficiências hepática e renal, icterícia (olhos e pele amarelados), manifestações hemorrágicas e cansaço intenso. A maioria dos infectados se recupera bem e adquire imunização permanente contra a febre amarela. Como a doença pode ser evitada? A única forma de evitar a doença é através da vacinação, que está disponível durante todo o ano nas unidades de de saúde de forma gratuita (é o que informa o Ministério da Saúde) e deve ser administrada pelo menos 10 dias antes do deslocamento para áreas de risco. A vacina é válida por dez anos.",1,size_normalized_texts/fake/1732.txt,8,"anos, são, polícia, pessoas, dia"
"Secretário de Justiça do Rio Grande do Norte: ""Preso tem que ser tratado como preso. Cadeia não é hotel"". .  Wallber Virgolino, secretário de Justiça do Rio Grande do Norte, informou (em entrevista ao jornal GLOBO) que os estados fazem acordos com os presos para evitar rebeliões. Como dizia o personagem Capitão Nascimento, do filme Tropa de Elite, ""O SISTEMA É CORRUPTO"". De acordo com Wallber, ""o criminoso tem que se sentir criminoso"" e se submeter a regras de cadeia e não pode ter acessos a mordomias como ventilador, TV, etc... O secretário, que também é delegado de polícia, disse: ""Cadeia não é hotel e preso não é hóspede"". E continua: ""Temos que encarar o preso como preso. Se tivemos alguma falha na educação ou nos programas sociais, isso não é problema nosso. Estamos lá para custodiar."" ""Preso tem que ser tratado como preso, como acontece no Japão, nos EUA""",1,size_normalized_texts/fake/1733.txt,8,"anos, são, polícia, pessoas, dia"
"Negão do Whatsapp faz homem levar tiro na boca de marido ciumento. O Negão do Whatsapp é sem dúvida uma das “brincadeiras” mais compartilhadas no aplicativo. No entanto, levou a um desfecho violento por causa de um compartilhamento da imagem do afrodescendente com uma mulher casada. O preparador físico Wallace Pessanha fugiu após atirar na boca do vizinho durante uma briga, no bairro Terra Vermelha, em Vila Velha, neste domingo (6). A confusão aconteceu depois que uma montagem, unindo um meme da internet, com a esposa da vítima, foi publicada em um rede social. O pai de Wallace disse que ele vai se apresentar à polícia na quarta-feira (9), com o advogado. O vizinho, Richard Vieira Borges, de 27 anos, continua internado aguardando cirurgia. Ele perdeu alguns dentes e está com",1,size_normalized_texts/fake/174.txt,8,"anos, são, polícia, pessoas, dia"
"Ex-presidente do STF: ""Onda de violência no país é séria demais. Responsabilidade ""também"" é das Forças Armadas"".  AS FRONTEIRAS DO PAÍS.  Com a recente onda de violência que estamos presenciando nos últimos meses (quem não se lembra do camelô espancado em SP, a chacina que matou uma família em Campinas, o embaixador grego morto no RJ, as rebeliões nos presídios do norte e tantos outros civis que morrem diariamente), o Brasil se consolidou como um dos países mais violentos do mundo. A verdade nua e crua é que o Estado perdeu a autoridade sobre o território nacional [...] se é que algum dia teve algum controle. Em entrevista para o programa Painel, da Globo News, o jurista e ex-presidente do STF, Ayres Britto, disse que estamos vivendo um estado de barbárie. ""Quando eu vejo 12 milhões de desempregados no Brasil, agonizando nossos dramas sociais, é uma dor que trinca o osso da alma. Não dá pra conviver com esse tipo de coisa."" disse o jurista. ... voltando ao assunto específico da violência nos presídios Ayres: Desemprego em massa é violência em massa, condenações penais em massa, carcerização em massa, rebeliões em massa e por aí afora. Ayres: O problema que estamos vivenciando atualmente nas penitenciárias (principalmente no norte do país) é um problema, no âmbito da Federação, da União, que tem tirado o corpo fora [...]. No âmbito dos 3 poderes, quem tem tirado o corpo fora é o judiciário. Ayres: A solução imediata seria ler, interpretar, entender e praticar melhor a Constituição  [...] construir uma integração entre os dois entes: o estado e a união. Ayres: O judiciário brasileiro é de boa qualidade e não se deixou contaminar. Como característica central, ele prossegue ético, independente politicamente e distante dessas facções, porém não podemos negar que pontualmente não tenhamos o envolvimento desse ou daquele magistrado. Ayres: Já é tempo de entender que as Forças Armadas são responsáveis pelas fronteiras do Brasil (de acordo com a Constituição) e também versam sobre a Segurança Pública. Precisamos entender que, nessa força-tarefa que necessitamos republicamente, é extremamente necessário unir a atuação da polícia, das forças de segurança públicas e das forças armadas. Basta que olhemos a Constituição no título DEFESA DO ESTADO E INSTITUIÇÕES DEMOCRÁTICAS, CAPÍTULO Forças Armadas. O problema é sério demais para ficar a cargo apenas dos órgãos de segurança pública. A violência organizada descobriu que, além dos grandes centros como SP, RJ (e outros), há novos espaços onde o estado é mais fraco [...] e esses espaço são as fronteiras.",1,size_normalized_texts/fake/1746.txt,8,"anos, são, polícia, pessoas, dia"
"Médico comete abuso abominável com menina de 2 anos. Você vai ficar profundamente revoltado quando perceber o que este médico teve coragem de fazer com uma paciente de apenas 2 anos. Ele profanou o leite materno e sujou a alma desta criança para todo o sempre.

O médico Álvaro Cardoso Magalhães e mais duas mulheres, presos na manhã desta segunda-feira (3) dentro da operação “Anjo da Guarda” desencadeada pelas polícias Civil e Militar, em Santarém, oeste do Pará, serão indiciados por crime de estupro de vulnerável e pedofilia. De acordo com a delegada Adrienne Pessoa, da Delegacia de Atendimento à Criança e ao Adolescente, o indiciamento por pedofilia ocorre porque os acusados armazenavam e compartilhavam imagens das crianças de forma obscena. Já o estupro de vulnerável, porque ficou comprovado o abuso a duas crianças do sexo feminino. Conversas nos celulares dos acusados, além de depoimentos comprovaram as práticas de pedofilia e estupro.

“O médico pedia para que uma das mulheres estimulasse o órgão genital das crianças. Esse material foi flagrado no celular de Darliane. Também tivemos acesso a conversas trocadas entre a mãe da criança de três meses e o médico, que comprovam a prática delituosa”, declarou Adrienne Pessoa. A criança que a enfermeira estimulava os genitais e filmava para que o médico visse era uma menina de 2 anos e 8 meses. Os pais desconheciam o fato, uma vez que a criança era deixada aos cuidados de Darliane. Eles foram ouvidos em depoimento pela delegada do caso.

Na coletiva, a delegada disse que a enfermeira, mãe da bebê de 3 meses, mantinha relação com o médico. “Em depoimento, a Odete revelou que numa oportunidade o médico ejaculou no rosto da criança e no seio dela para que a criança mamasse. A materialidade está comprovada em vídeo”, disse.

A criança de três meses está sob os cuidados da avó e a de 2 anos e 8 meses está com os pais. Caberá à justiça determinar qual o destino da criança de três meses.

Os três acusados serão encaminhados à Central de Triagem da penitenciária de Cucurunã, mas existe a possibilidade do médico ser transferido para uma cela no quartel do Corpo de Bombeiros.

Enquadramento

De acordo com a delegada Adrienne Pessoa, o médico Álvaro Cardoso Magalhães será enquadrado no Art. 217, “a”, do CPB (Estupro de Vulnerável), Art. 240, “a” e 241, “b”, do Estatuto da Criança e do Adolescente (ECA), Lei 8.069, que tratam de crime de Pedofilia.

Art. 240 – A – Oferecer, trocar, disponibilizar, transmitir, distribuir, publicar ou divulgar por qualquer meio, inclusive por meio de sistema de informática ou telemático, fotografia, vídeo ou outro registro que contenha cena de sexo explícito ou pornográfica envolvendo criança ou adolescente: (Incluído pela Lei nº 11.829, de 2008).

Art. 241 – B – Adquirir, possuir ou armazenar, por qualquer meio, fotografia, vídeo ou outra forma de registro que contenha cena de sexo explícito ou pornográfica envolvendo criança ou adolescente: (Incluído pela Lei nº 11.829, de 2008).

O indiciamento das mulheres também será pelos crimes de estupro de vulnerável e pedofilia.",1,size_normalized_texts/fake/176.txt,8,"anos, são, polícia, pessoas, dia"
"Utopia: Deputado quer ""proibir"" pornografia no Brasil.  Um deputado está chamando atenção nas redes sociais por um projeto [...] digamos [...] inusitado.  Marcelo Aguiar, deputado federal pelo DEM de SP, apresentou à Câmara um um projeto que obriga as operadoras de acesso à internet a criarem um sistema que bloqueia quaisquer conteúdos ""pornográficos"". O parlamentar que se autointitula como ""servo de Deus"" diz que as pessoas estão ""viciadas em conteúdo pornô"". O Diário do Brasil acha que existem coisas mais importantes para se discutir no momento, como o vício em roubar os cofres públicos [...] ou até mesmo o vício dos altos salários e mordomias pagas para parlamentares. A pornografia existe há mais de 2500 anos. Para se ter uma idéia, o Kama Sutra foi escrito na Índia no século 2 d.C. O projeto deste deputado é pura utopia e autopromoção! Marcelo pertence à Igreja Renascer em Cristo, do casal Estevam e Sônia Hernandes. Precisa dizer algo mais? Segundo o Congresso em Foco , em 2013, durante seu primeiro mandato na Câmara, o deputado se destacou por ser o parlamentar mais faltoso de Brasília. Dos 113 dias em que deveria ter comparecido ao plenário, Aguiar registrou presença em apenas 45. Ele faltou a mais de 60% das sessões. Abonou 61 das 68 faltas que acumulou. Nenhuma delas por problema de saúde. As ausências foram justificadas como ""obrigações político-partidárias"". Deputado, tem um ditado que diz o seguinte: "" Quando você aponta um dedo para alguém, tem outros 3 dedos virados para você. """,1,size_normalized_texts/fake/1762.txt,8,"anos, são, polícia, pessoas, dia"
"Jovem de 16 anos (filho de um PM) foi sequestrado e assassinado. Cadê a ONU? Onde está Maria do Rosário agora?.  Um jovem de de 16 anos foi encontrado morto na noite de ontem após ser sequestrado por bandidos.  (Patrícia Carvalho para o Diário do Brasil) Um assalto ocorrido na cidade de Umuarama provocou uma tragédia na família de um policial militar. O garoto (filho do PM) foi assassinado com golpes de faca após ser torturado. Ele teve uma orelha cortada, foi agredido na cabeça e seu corpo foi abandonado em uma propriedade rural. Vagabundos sequestraram o menino logo depois de invadir e roubar a residência da família. Após fugir levando o carro do PM, os delinquentes se envolveram em um acidente com outro carro. Dentro do veículo (que foi abandonado) estavam os objetos da família e grande quantidade de munição calibre .40. Um suspeito de 19 anos foi preso em flagrante e encaminhado para a Delegacia de Polícia Civil de Umuarama. Até quando iremos aguentar esse tipo de situação? Destruíram mais uma vida. Destruíram mais uma família. Vamos ver se nobres parlamentares como a deputada Maria do Rosário irá se pronunciar. Será que a ONU vai pedir uma investigação e acompanhar esse caso? E os direitos humanos? Não dá mais para esperar uma resposta do sistema. A PM tem que começar a ""eliminar"" esse tipo de gente, digo, esse tipo de animal. Esse papo de ""ressocialização"" é utopia!",1,size_normalized_texts/fake/1764.txt,8,"anos, são, polícia, pessoas, dia"
"Tiririca é estuprador? Veja os detalhes da denúncia. Tiririca pode perder o mandato? Conheça os detalhes do processo da babá que acusou o deputado Tiririca de assédio e ameaça de estupro. Avalie quem está com a verdade.

Uma ex-funcionária do deputado federal Tiririca (PR-SP) acusa o parlamentar de assédio sexual e ameaça de estupro. A denúncia foi feita pela empregada doméstica em um processo trabalhista e reafirmada por ela à Polícia Civil do DF. Segundo o relato, a investida ocorreu durante uma viagem com o casal e a filha deles para São Paulo em 24 de maio do ano passado, onde o deputado participaria de uma entrevista no Programa do Jô. Eles teriam ficado no apartamento do parlamentar. No dia seguinte, ao voltar da gravação do programa, Tiririca, “exalando odor etílico”, segundo Maria Lúcia, teria começado o assédio.

Francisco segurou a declarante pelo braço, jogou-a no sofá da sala e, segurando-a por trás e pela cintura, disse: ‘Vou comer seu cu, vou comer sua buceta.’”

Trecho da petição enviada ao STF

Maria Lúcia acusa o parlamentar de, em seguida, desabotoar a calça e ir atrás dela “com o pênis ereto”. Ainda em depoimento, a empregada afirma que a filha, a mulher e dois assessores de Tiririca presenciaram a cena e “riam do ocorrido”.

Agora conheça o outro lado da história…

Maria Lúcia foi demitida logo após a referida viagem. Na delegacia, Nana Magalhães (esposa de Tiririca) disse que a empregada consumia bebida alcóolica durante o trabalho e por isso foi dispensada. A mulher de Tiririca disse ainda que, após a demissão, Maria Lúcia começou a fazer ameaças de extorsão.

Em contestação enviada para a vara trabalhista em junho, o advogado de Tiririca, Fernando de Carvalho Albuquerque, disse que Maria Lúcia “não se adaptou à rotina da família e tentou utilizar o pouco tempo de convivência para chantagear os reclamados (Tiririca e a mulher) pedindo a quantia de R$ 100.000,00 (cem mil reais) para se manter em silêncio em relação a vida intima do casal”.

Agora confira quem é a esposa de Tiririca.

Responda se um homem com uma mulher dessa precisa assediar uma senhora de 41 anos?",1,size_normalized_texts/fake/177.txt,8,"anos, são, polícia, pessoas, dia"
"Rede social suspende conta de rapper americana xenófoba. Ela chamou brasileiros de ""favelados anormais"".  O CASO.  Internautas brasileiros se uniram durante todo o dia de hoje (02) para denunciar os perfis da cantora nas redes sociais. Tanta repercussão acabou gerando um resultado negativo para Azealia: O Twitter suspendeu temporariamente a conta da cantora. A rapper americana Azealia Banks (conhecida nos EUA por suas confusões intermináveis) resolveu atacar o Brasil nas redes sociais. Numa postagem em sua página do Facebook, ela criticou os brasileiros que fazem comentários em suas postagens. ""Esses anormais do terceiro mundo não param de fazer spam na minha página e ainda por cima falam inglês errado. Deveriam se preocupar com a economia primeiro"" , publicou. A rapper não se intimidou e continuou postando palavrões e xingamentos: ""Não sabia que a favela tinha internet"". Depois de muita repercussão, ela apagou a frase.",1,size_normalized_texts/fake/1774.txt,8,"anos, são, polícia, pessoas, dia"
"Apresentadora da Rede TV é presa por formação de quadrilha. Sucesso na Rede TV ela era considerada uma das mulheres mais desejadas do Brasil. A Polícia a prendeu em Ilhabela, litoral paulista, desfrutando de uma vida de ostentação nas redes sociais.

Luana de Almeida Domingos, de 29 anos, foi presa por policiais da  Delegacia Especializada em Armas, Munições e Explosivos (Desarme), do Rio, na manhã desta terça-feira, em Ilhabela, no litoral de São Paulo. A prisão teve o apoio da Polícia Civil de São Paulo.   A artista, que também é advogada, figura nas investigações como uma das encarregadas de transmitir os recados dos líderes presos para os operadores da facção criminosa PCC (Primeiro Comando da Capital) que estão em liberdade. A loira, que atuava com o nome artístico de Luana Don, trabalhou também como apresentadora de quadros de sucesso no “Superpop”, da RedeTV!, entre 2012 e 2016. Ela frequentemente era vista de biquíni ou em roupas curtíssimas na atração, ressaltando suas belas curvas. Após a saída do programa, ela ainda fez participações especiais em outros projetos na TV. No Facebook, Luana se define como “advogada por profissão e apresentadora por paixão”. Ela apresentou os quadros “Na Moita”, “Eu Sou Pop”, “Barraca do Beijo” e “Desafio Pop” no programa. Além disso, também informa em sua biografia que estudou dramaturgia na Escola Wolf Maia. A artista não aparece nas redes sociais há alguns meses. Ainda segundo a reportagem do jornal, o líder máximo do PCC, Marco Willians Herbas Camacho, o Marcola, teria outros seis codinomes usados para transmitir ordens nas comunicações da facção, segundo o relatório produzido pela Polícia Civil na Operação Ethos. A suspeita foi identificada na Operação Ethos, conduzida em 2016 pela Polícia Civil de Presidente Venceslau e pelo Ministério Público para prender advogados envolvidos com a facção criminosa. A polícia expediu um mandado de prisão preventiva contra Luana sob suspeita dos crimes de corrupção ativa e integrar organização criminosa. A remuneração por informações que levassem à captura dela era de 50 mil reais. Luana aparecia na lista das pessoas mais procuradas pela Justiça de  São Paulo.",1,size_normalized_texts/fake/178.txt,8,"anos, são, polícia, pessoas, dia"
"Papa recebe camisa da Chapecoense e envia benção especial aos familiares da tragédia.  O Papa Francisco recebeu uma camisa da Chapecoense.  A homenagem foi feita pela redação brasileira da Rádio Vaticano, em agradecimento ao apoio do pontífice após a tragédia que abalou o mundo. A camisa com o número 71 é uma homenagem ao número de vítimas do acidente aéreo com o voo da Lamia. Francisco fez questão de agradecer pelo presente e destacou que foi um evento muito triste.",1,size_normalized_texts/fake/1790.txt,8,"anos, são, polícia, pessoas, dia"
"Internautas relatam mais casos da doença misteriosa que causa dor e urina preta em outros 2 estados: ES e RE.  A Sesab (Secretaria de Saúde do Estado da Bahia) emitiu um um alerta de epidemia para todas as unidades de atendimento em saúde e também para profissionais da área.  A doença, que já infectou mais de 22 pessoas, causa fortes dores musculares e é uma espécie ""de mialgia epidêmica"". De acordo com informações da Sesab, as pessoas que foram infectadas possuem sintomas como ""fortes dores na região cervical, região do trapézio, seguidas de dores musculares intensas nos braços, dorso, coxas e panturrilhas"". Um segundo sintoma observado nas vítimas foi a cor da urina, que é parecida com refrigerante de cola, na cor preta. Os casos ainda estão sendo investigados pelos órgãos competentes e as causas não foram confirmadas até o momento. Populares e especialistas chegaram a cogitar a hipótese de contaminação por ingestão de peixe, porém somente 14 dos 22 pacientes relataram ter comido o alimento. ""Só há especulações e eu não considero o peixe contaminado como principal hipótese"", disse um profissional do laboratório de virologia da Universidade da Bahia. O alerta é para que, ao aparecer os sintomas, a pessoa procure atendimento médico imediato e não tome medicamentos por conta própria, com o objetivo de evitar o agravamento da situação. Nas redes sociais, uma internauta relatou que seu marido contraiu a doença, porém em outro estado: ""Não foi só na Bahia não, eu moro no Espírito Santo, e meu esposo também teve a mesma doença, ficou quase um mês internado, e nenhum médico descobriu o q era, ele fez todo tipo de exames, e em nenhum constou nada, do mesmo jeito que as dores vieram foram embora graças a Deus,e também não é transmitida pelo ar ou saliva como alguns falam, pois quando meu esposo ficou internado, ele ficou no quarto com várias pessoas todas entraram e saíram sem nada, sem nenhum sintoma, e eu todos os dias me despedia com um beijo e não contrai nada."" Uma segunda pessoa, moradora de Recife, declarou: ""Estou em Recife e tive esses sintomas. Meus pais também tiveram"" .",1,size_normalized_texts/fake/1795.txt,8,"anos, são, polícia, pessoas, dia"
"Famoso cantor gospel é flagrado bêbado zombando de Deus. Vídeo vazado nas redes sociais mostra um dos mais famosos cantores da nova geração Gospel do Brasil zombando do poder do Espirito Santo, especialmente da ação de quem fala em línguas. O cantor gospel Jotta A usou seu perfil no Instagram para comentar um vídeo que vem circulando nas redes sociais desde esta quarta-feira. Na sequência, Jotta A, que tem 19 anos, aparece com uma garrafa de vodca no colo, no banco traseiro de um carro. Bastante animado, ele zomba de hinos religiosos — em um momento, diz que canta em hebraico. Jotta A também leva algo à boca, que, na carta aberta publicada no Instagram, ele diz ser amendoim. “Gostaria de me desculpar e me responsabilizar publicamente pelo o que supostamente ‘vazou’ ao meu respeito, mesmo sabendo que tudo isso foi intencionado. Os meus momentos de fraqueza no passado se tornaram públicos e mesmo que eu assuma que estava segurando uma garrafa de vodca, comendo amendoim e não usando drogas, falando coisas imprudentes das quais peço perdão a Deus e à Igreja, eu não venho justificar os meus erros”, diz o cantor no texto, postado na noite desta quarta. Na carta,",1,size_normalized_texts/fake/181.txt,8,"anos, são, polícia, pessoas, dia"
"Wesley vira evangélico e pode tirar o Safadão do nome artístico. O cantor Wesley Safadão foi batizado em uma igreja evangélica. O pastor Jonathan Batista informou que Wesley não está mais se sentindo bem com o sobrenome artístico, e pretende mudar os rumos musicais de sua carreira.

O casal, que completa um ano de casamento, resolveu celebrar a data na Estância Paraíso, em Minas Gerais, que pertence à Igreja Batista da Lagoinha. “No aniversário do meu casamento, recebemos o maior presente que poderíamos receber: três dias aprendendo muito sobre Deus e nos firmando cada dia mais como família”, escreveu o cantor na rede social. O batismo seria o fechamento do ciclo.

O pastor Jonathan Batista acompanha a família do artista há cerca de um ano e afirma que pouco a pouco Wesley está se afastando dos valores mundanos e se aproximando de Deus. Segundo ele, o mundo artístico do universo sertanejo e repleto de bebidas, prostituição e vaidades. Não é saudável para a vida espiritual.

O desconforto de Wesley estaria tão elevado que ele já cogitaria mudar o nome artístico para Wesley Salvação. O pastor Jonathan Batista disse que Wesley tem um público infantil muito grande, e que se sente mal vendo crianças o chamando por um nome que agride a inocência.

Não há no Brasil atualmente um artista com o faturamento maior (ou ate mesmo próximo) ao de Wesley Safadão. Mesmo com todo o sucesso material que o mundo pode oferecer ele pode abrir mão de tudo para dar voz a Palavra do Senhor.

O cachê mensal de Wesley Safadão não para de subir! O cantor, que recebe na casa de R$ 600 mil e cobra até R$ 800 mil por shows, foi o único do ramo showbizz nacional que não sofreu uma queda, indo cada vez mais na contra mão da grave crise financeira que atinge o Brasil. Entretanto, o artista não ganha apenas ao subir nos palcos: os vários poderosos contratos publicitários assinados por Safadão com a Trident, Skol e Renault fez com que o dinheiro triplicasse.

Com média de 20 shows por mês o cachê mensal de Safadão agora gira em torno de R$ 8 milhões e R$ 12 milhões por mês.",1,size_normalized_texts/fake/183.txt,8,"anos, são, polícia, pessoas, dia"
"A inteligência emocional falou mais alto que o Q.I. – Veja a resposta de Marrone para a grosseria de Jô Soares.  Durante uma entrevista com as duplas sertanejas Chitãozinho & Xororó e Bruno e Marrone,  o apresentador Jô Soares brincou ""além do limite"" com Marrone.  Jô (em um gesto de grosseria imenso) não poupou críticas e disse: ""Gente,  ele nem se esforça. Não presta nem para mexer a boca."" disse o apresentador. O cantor ficou sem jeito e acabou entrando na brincadeira de Jô: ""Meu nome é único,  sou mais conhecido que o Bruno. Quando ligam para minha casa,  eu falo que é o Marrone e todo mundo sabe quem é. No caso do Bruno,  ele tem que falar que é o do Bruno e Marrone [...] senão ninguém reconhece ele"",  disse. E as brincadeiras não pararam por aí: ""... colocar os nomes dos próprios músicos para fazer a dupla foi algo muito difícil. Isso te dá o privilégio de não fazer nada"" continuou o apresentador. Antes de passar do segundo para o terceiro bloco,  Jô ainda deu mais uma cutucada em Marrone: ""Daqui a pouco a gente volta com as duas duplas cantando. Você vai cantar,  né Marrone?"" Marrone deu uma resposta inusitada e calou a boca de todos no auditório: ""Jô,  antes de encerrar,  eu queria dizer que sou seu fã e te amo muito"" O gordo não sabia onde enfiar a cara. O silêncio no estúdio foi absoluto. Parabéns Marrone! Sua inteligência emocional falou mais alto de todo o Q.I. de Jô Soares!",1,size_normalized_texts/fake/1831.txt,8,"anos, são, polícia, pessoas, dia"
"Bispo católico diz que homossexualidade é dom de Deus. Bispo católico contraria leis de Deus em sermão para defender a homossexualidade e blasfemar dizendo que homossexualismo é um dom de Deus. Estes são os valores católicos?

No último domingo (30), o bispo de Caicó, Rio Grande do Norte, Dom Antônio Carlos Cruz Santos, proferiu um sermão que vem causando espanto e indignação dentro de vários segmentos da Igreja Católica. Abordando o tema da “homoafetivdade”, ele deturpa os ensinamentos tanto da Bíblia quanto do Catecismo da Igreja e afirma: “Na perspectiva da fé quando a gente olha pra homossexualidade, a gente não pode dizer que é opção. Opção é uma coisa que livremente você escolhe e orientação ninguém escolhe… Escolha vai ser a maneira como você vai viver a sua orientação… Se não é escolha, se não é doença, na perspectiva da fé, só pode ser um dom. É dado por Deus. Dom é isso: é dado por Deus”.

Aos fieis, ele diz que as pessoas que não conseguem ver isso precisam se livrar de seus preconceitos. Repetindo um discurso cada vez mais comum nos movimentos de esquerda, ele pede que se vença esse preconceito contra as pessoas de “orientação homoafetiva” tal como se superou o existente contra os negros no período da escravidão.",1,size_normalized_texts/fake/184.txt,8,"anos, são, polícia, pessoas, dia"
"Cuecas de luxo? Governador de MG é flagrado por internauta em shopping de SP: ""Faliu Minas e vem gastar dinheiro aqui?"".  Ele decretou estado de calamidade pública financeira em um estado e foi fazer compras em outro.  Bem,  parece que o povo não gostou muito! ""Você faliu Minas e vem gastar o dinheiro aqui em São Paulo?"" ""Acabou com Minas e agora veio gastar nosso dinheiro?"" ""Vagabundo. Vocês vão pra cadeia"" (vídeo de Cláudio Dantas)",1,size_normalized_texts/fake/1842.txt,8,"anos, são, polícia, pessoas, dia"
"BRIGA SEM FIM – Jornalista ataca Zezé Di Camargo no twitter: ""Ele traiu a atual namorada e ainda quebrou o bilau"". .  Leo usou o Twitter hoje (08) para atacar Zezé com várias postagens [...] digamos,  um pouco íntimas! Além de dizer que o cantor traiu a ex-mulher (Zilu),  o colunista diz que Zezé também traiu a atual namorada,  Graciele Lacerda. As desavenças entre esses dois não vai acabar bem! O cantor já está processando o jornalista por danos morais em aproximadamente de R$ 800 mil reais. A informação da Revista Veja é de que o processo já chegou ao Supremo Tribunal Federal (STF). Leo parece que perdeu o juízo! Leia abaixo as tuitadas do colunista: leia também:",1,size_normalized_texts/fake/1848.txt,8,"anos, são, polícia, pessoas, dia"
"Suzane Richthofen quer virar pastora evangélica. Suzane Richthofen pede liberação da Justiça para estudar Teologia e levar seu testemunho de transformação para o mundo. A Igreja do Evangelho Quadrangular poderá ser a instituição que irá a credenciar como pastora. O pastor da Igreja do Evangelho Quadrangular de Itapetininga (SP), Euclides Vieira, diz ter sido procurado por Suzane von Richthofen e seu noivo, Rogério Olberg, em maio para dar conselhos ao casal sobre a vontade da detenta em se tornar pastora. Euclides afirma que conhece o noivo de Suzane – condenada a 39 anos de prisão pela morte dos pais – desde 2005 e passou a ter contato com ela há um ano. Para o pastor, a detenta merece uma segunda chance. Ele afirmou que “Desde que conversei com Suzane, conheci uma outra pessoa. Acredito que ela está mudada” A advogada de von Richthofen, Jaqueline Ferreira, confirma que ela quer ser membro da igreja, e que a palavra de Deus a transformou. Suzane conheceu a igreja após começar a se relacionar com Olberg, que tem uma",1,size_normalized_texts/fake/186.txt,8,"anos, são, polícia, pessoas, dia"
"Ator de 48 anos sofre parada cardíaca no palco e público aplaude pensando que se tratava de uma encenação.  Um ator sofreu uma parada cardíaca enquanto encenava uma peça de teatro.  O bailarino R. Khusainov,  de 48 anos,  passou mal durante uma apresentação em Urus-Martan,  cidade localizada na Chechênia. O homem caiu no palco e a plateia começou a aplaudir,  imaginando que tudo fazia parte de uma encenação. Depois de alguns minutos,  as pessoas perceberam que a situação era séria. Khusainov recebeu os primeiros socorros ainda no palco. Quando os paramédicos chegaram,  ele já estava morto.",1,size_normalized_texts/fake/1862.txt,8,"anos, são, polícia, pessoas, dia"
"Lucas Lucco faz linda homenagem à Chapecoense: ""Vai ter um jogo lá no céu e ao invés de gol,  os anjos gritam amém"".  É tanto oportunismo em torno de uma tragédia que,  quando aparece algo bonito de ser publicado,  esse algo merece ser repassado para as pessoas.  O cantor Lucas Lucco fez sua homenagem (em forma de música) para as vítimas do voo da Chapecoense. Com o nome de Time dos Anjos ,  o refrão da canção diz: ""Eu acho que vai ter um jogo lá no céu [...] feito de heróis que já cumpriram seu papel ""Eu acho que vai ter um jogo lá no céu [...] e ao invés de gol,  os anjos gritam amém"" confira:",1,size_normalized_texts/fake/1870.txt,8,"anos, são, polícia, pessoas, dia"
"Jesus foi o primeiro travesti da história, afirma pastor gay. Alexya Salvador, travesti desde os 10 anos, hoje com 36 anos é pastora da Igreja da Comunidade Metropolitana (ICM), a afirmação polêmica repercute nas redes sociais e no interior das igrejas evangélicas. Conhecida como a “Igreja dos Direitos Humanos”, a ICM foi criada em 1968 nos Estados Unidos e em 2003 chegou no estado do Rio de Janeiro para alguns anos depois se instalar em um espaço modesto no bairro da Santa Cecília, na capital paulista mais estruturada. O objetivo da igreja é abraçar a população LGBTQ, que não costuma ter espaço no cristianismo tradicional. A ICM aceita casamentos homoafetivos, conta com drag queens em seus eventos e, entre seus pregadores, está Alexya, a primeira pastora travesti da América Latina. Alexya, foi chamada para ser diaconisa da ICM a convite do reverendo Cristiano Valério. Foi assim que fez um curso de Teologia e outros ordenamentos para se tornar membra do clérigo. A expectativa é que no fim do ano Alexya passe a se reverenda da ICM. Será uma das primeiras da América Latina. “Eu, mulher transgênera gero uma relação de amor e ódio nas pessoas, sentimentos que andam grudadinhos”, diz Alexya. “Se Jesus pode se transicionar, por que eu não posso?” “Na ICM a gente ousa dizer que Deus é mulher. Porque essa parte masculina de Deus é muito feia. Esse Deus que fica 24 horas",1,size_normalized_texts/fake/188.txt,8,"anos, são, polícia, pessoas, dia"
"Áudio detalha desespero do piloto para pousar: ""Estamos em falha total,  elétrica e de combustível"". .  Está circulando nas redes sociais e nos jornais da Colômbia um áudio em que um ""suposto"" piloto de avião relata o que teria ocorrido com o voo da empresa LAMIA,  que transpostava a equipe da Chapecoense. Nas gravações,  a torre de comando avisa o piloto da LAMIA (ao se aproximar para aterrissagem em Medellín) que um outro voo da empresa VivaColômbia teria declarado ""mayday"" por vazamento de combustível [...] o pedido de socorro dava prioridade de pouso para esse voo. A torre então entrou em contato com o avião da Chapecoense e perguntou para Miguel Quiroga (o piloto) se poderia atrasar seu pouso. O piloto da LAMIA teria sinalizado positivamente. Após executar 2 voltas,  o piloto retoma contato com a torre e é informado que ainda é o 3o. da fila. Três minutos depois (já sem combustível na aeronave),  o piloto da LAMIA faz outro contato com a torre e declara que tem uma pane elétrica. ""Ele não menciona o fato de estar sem combustível,  o que poderia gerar multas astronômicas para sua empresa aérea."" diz a gravação. ""Sem conseguir chegar até a pista (por falta de combustível),  o avião se choca contro o morro"" encerra. Um especialista da aeronáutica colombiana fez o seguinte comentário: ""Não é possível que uma aeronave com autonomia de voo de 3.000 km faça um trajeto de quase 3.000 km. Isso é uma espécie de tragédia anunciada"" comentou.",1,size_normalized_texts/fake/1886.txt,8,"anos, são, polícia, pessoas, dia"
"CONTRASTE: Enquanto manifestantes e PM se confrontavam,  engravatados se divertiam em um regabofe. .  Do lado de dentro: Um divertido coquetel acontecia nas dependências da Câmara dos Deputados. Do lado de fora: A PM confrontava manifestantes. A foto de Gisele Arthur resume o que acontece em nosso país.",1,size_normalized_texts/fake/1888.txt,8,"anos, são, polícia, pessoas, dia"
"Banda Guns N"" Roses faz homenagem ao time da Chapecoense nas redes sociais.  A banda de rock Guns N"" Roses postou uma homenagem aos jogadores da Chapecoense em seu perfil oficial no facebook.  Usando o símbolo da Associação Chapecoense de Futebol e a hashtag # ForçaChape ,  a banda postou um clipe usando o sucesso Knockin"" On Heaven""s Door ao fundo do vídeo. Eu,  Patrícia,  editora do Diário do Brasil,  chorei muito! Que Deus ilumine a família de todas as vítimas do acidente!",1,size_normalized_texts/fake/1896.txt,8,"anos, são, polícia, pessoas, dia"
"Vídeo mostra a destruição causada por vândalos de extrema-esquerda em Brasília.  ÍNDIOS – POLICIAL MOSTRA UMA FLECHA ATIRADA PELOS MANIFESTANTES.  Vagabundagem na Esplanada causa tumulto e atrapalha trabalhadores a voltarem para suas casas. Os petistas Lindbergh Farias,  Vanessa Graziotin,  Maria do Rosário e Gleisi Hoffmann defendem essa corja de bandidos. veja nos vídeos do Correio Brasiliense e do Antagonista:",1,size_normalized_texts/fake/1897.txt,8,"anos, são, polícia, pessoas, dia"
"Relatório assustador do BNDES mostra dinheiro público DO BRASIL jorrando em países comunistas. .  Um relatório intitulado ""BNDES: Transformado em Robin Hood às Avessas"" mostra como o BNDES, influenciado pelo governo petista, conseguiu beneficiar um pequeno percentual de empresas (escolhidas a dedo) e afundou a instituição com dívidas astronômicas. De autoria da deputada Cristiane Brasil, o documento foi apresentado na CPI do BNDES e mostra como o PT se apossou do banco para conceder benefícios a países ""comunistas"". Um trecho do documento destaca a existência de ""contratos secretos, suspeitas de prática de atos de corrupção e a criação de empresas de fachada para beneficiar países como Cuba, Angola, Venezuela, República Dominicana, Guatemala e outros"". Cristiane apontou uma gama de irregularidades na concessão de créditos e relatou que não houve respeito aos procedimentos da própria instituição nem tampouco às leis que regulamentam as operações. Precisamos urgentemente derrubar o sigilo desses ""contratos secretos"" e desmascarar de vez essa pilantragem feita com dinheiro público. Abaixo um resumo do documento (o texto oficial está você pode conferir no site da Câmara Federal): ""Há diversas suspeitas de irregularidades na área internacional sendo auditadas [...] contratos de cerca de R$ 300 milhões foram aprovados pela diretoria respectiva em poucos parágrafos, com a utilização de termos genéricos e abstratos sem uma análise específica sobre a obra que será realizada. Pedidos de financiamento para realização de obras distintas em países diferentes são aprovados praticamente com a mesma fundamentação e com a utilização das mesmas expressões, sem qualquer indicativo de que as nações e as obras a serem realizadas são distintas. Isto ocorre, por exemplo, quando comparamos os processos para a concessão de financiamento nas obras realizadas na Guatemala e na República Dominicana. Embora se tratem de obras e países diversos, a fundamentação para a concessão dos respectivos empréstimos é praticamente a mesma, afirmando que o contrato produzirá fomento porque ajudará o país a exportar divisas (sic) e serviços. Ressalte-se que em nenhum momento os relatórios indicam quais serão os benefícios sociais para o país do projeto. Não há menção sobre o número de empregos que serão gerados no Brasil, muito menos qual o efeito que essa operação terá no parque industrial brasileiro. Um maior detalhamento poderia ser adotado pelo BNDES para melhorar sua transparência e governança. Ademais, no caso das operações na Venezuela, há processo em andamento no TCU com proposta de aplicação de multa para o BNDES. Em que pese seja uma prática corriqueira do banco que as decisões finais acerca de financiamento sejam aprovadas pelo conselho administrativo, o TCU vem entendendo que a diretoria respectiva pode ser responsabilizada por essas decisões. O órgão de controle aponta ainda que falta registro nos arquivos do banco das fundamentações das decisões do conselho e critica o que classifica como ""parecer oral"" sobre os financiamentos. Em determinados relatórios e decisões da diretoria constatou-se que alguns erros de digitação implicaram a celebração de contratos com valores de financiamento inferiores aos pretendidos e que supostas falhas na transcrição de documentos culminou em erro na autorização do prazo deferido para o financiamento. Por mais que o corpo técnico do BNDES demonstre alta capacidade, essas falhas comprometem a qualidade do procedimento. Há quem questione se não é o caso de mera chancela de decisões previamente tomadas por instâncias superiores nos governos sucessivos do PT ou favorecimento aos ""amigos do rei"", do ""Brahma"" . Por outro lado, a revisão dessas práticas aprimorará a transparência e lisura da instituição.",1,size_normalized_texts/fake/1000.txt,16,"odebrecht, lula, ex, milhões, aécio"
"Coodenador da Lava-Jato se revolta: ""Aumento de impostos? Os corruptos desviam 200 bilhões por ano ..."". .  O procurador da República Deltan Dallagnol , coordenador da Força Tarefa do Ministério Público Federal na Lava-Jato, é uma das várias pessoas que lutam para tirar o país das mãos dos ""ladrões de gravata"" Em uma mensagem publicada nas redes sociais, Dallagnol desabafou sobre o aumento dos impostos anunciado pelo governo Temer: Precisamos recuperar nossa dignidade ""É claro que os brasileiros vão compreender o aumento de impostos [...] desviam 200 bilhões por ano praticando corrupção [...] gastam mais do que devem com emendas milionárias a fim de livrar Temer das acusações de corrupção ... ""E agora querem colocar a conta no nosso bolso, aumentando impostos. Toda vez que eu for abastecer o carro, vou pensar na saúde e na educação dos pobres, nos buracos das estradas e na infraestrutura precária que prejudica os investimentos [...] vou lembrar disso tudo""",1,size_normalized_texts/fake/1008.txt,16,"odebrecht, lula, ex, milhões, aécio"
"PHA pede a prisão dos donos da Globo e diz que José Serra é o ""maior ladrão do Brasil"".  O petista Paulo Henrique decidiu jogar duro para defender seus ídolos Lula e Dilma.  PHA (como é conhecido nas redes sociais) tem uma obsessão doentia: Prender os donos da Rede Globo. Em um vídeo divulgado em seu canal oficial no YouTube, o jornalista rasgou o verbo contra FHC, José Serra e a Rede Globo de televisão: ""FHC tem um amigo, companheiro de coração de tantos anos, o José Serra [...] conhecido como o maior ladrão do Brasil"" disse PHA. Sobre a Globo, o jornalista disparou: ""Já pensou o filho do todo poderoso Roberto Marinho preso? E olha que ele não tem diploma universitário!"" confira:",1,size_normalized_texts/fake/1028.txt,16,"odebrecht, lula, ex, milhões, aécio"
"Depois de chamar o STF de ""corte acovardada"", ele ataca novamente e chama a PF de ""carrapatos"".  Em março de 2017, a PF divulgou uma conversa onde Lula chamava o STF de corte acovardada.  Um grampo da Polícia Federal flagrou um diálogo tenso do ex-presidente Lula com a presidente afastada Dilma Rousseff: No áudio, Lula diz que "" temos uma SUPREMA CORTE toda acovardada...temos um STJ todo acovardado...um parlamento covarde..."" Desta vez, o ataque foi contra os procuradores da República e contra a Polícia Federal Em uma entrevista para uma rádio de Pernambuco, Lula ironizou a Operação Lava Jato dizendo que incomoda muito: ""É como coceira de carrapato. Já teve carrapato?"" disse Pois é seu Lula! Será que esses ""carrapatos"" foram adquiridos lá no Sítio de Atibaia?",1,size_normalized_texts/fake/1032.txt,16,"odebrecht, lula, ex, milhões, aécio"
"Cortella analisa personalidades de 2017: ""Michel Temer deveria ter renunciado"". .  #Retrospectiva2017 #AsMaisLidas O filósofo e escritor Mario Sérgio Cortella fez um breve resumo sobre as principais figuras que estão em evidência na mídia nesses últimos meses. A entrevista foi concedida para a jornalista Amanda Klein (no último dia 13), no programa É Notícia, da Rede TV. RODRIGO JANOT ""Não é imune, não está acima de qualquer coisa, mas é alguém que está numa rota que nos ajuda a desvendar parte das farsas"" SÉRGIO MORO ""Tem capacidade de entrar para nossa trajetória histórica desde que agregue menos ""salvação"" e mais magistratura"" GILMAR MENDES ""Uma parcela daquilo que ele faz pode até soar estranho para quem entende de justiça ..."" SUPREMO TRIBUNAL ""É fundamental para construirmos uma democracia madura e longeva [...] precisa ser mais superior e menos tribunal "" LAVA-JATO ""Vem sendo cada vez mais jato [...] espero que ela seja mais lava "" LULA ""Um homem que cumpriu uma tarefa histórica fortíssima, porém necessita esclarecer-se sobre os caminhos que supostamente ele tomou"" DÓRIA ""Teve uma eleição histórica, porém precisa (no meu entender) captar o que é política pública. Ele tem que saber diferenciar setor público de setor privado. A atitude dele vale numa empresa [...] numa prefeitura não"" BOLSONARO ""É uma das possibilidades da nossa democracia. Ela (a democracia) pode acolhê-lo e deve acolhê-lo."" MARINA SILVA ""Pessoa absolutamente inteligente [...] tem uma sinceridade brutal . É alguém que pode servir de referência independentemente de partido"" DILMA ROUSSEFF ""Entrou num circuito com uma convicção ideológica [...] em seu primeiro mandato fez coisas boas. Foi vítima de algo que não dependia dela [...] entrou em uma disputa para que não viesse à tona aquilo que veio (se referindo à sujeira o meio político)"" MICHEL TEMER "" É uma pessoa que, se agisse como um professor de direito constitucional, teria renunciado""",1,size_normalized_texts/fake/1087.txt,16,"odebrecht, lula, ex, milhões, aécio"
"Bolsonaro assaltado no Rio. Bandidos levaram até sua arma: ""Mesmo armado me senti indefeso"".  Uma imagem que está circulando nas redes sociais tem atraído a atenção dos fãs de Jair Bolsonaro.  *** Não é nossa intenção denegrir a imagem do candidato Jair Bolsonaro [...] queremos apenas relatar um fato relacionado ao porte de armas. Bolsonaro é um dos poucos políticos que não está envolvido em escândalos com o uso de dinheiro público, fato que merece todo nosso respeito *** A publicação foi feita no perfil do político (e presidenciável) Ciro Gomes. Segundo a matéria de um jornal carioca de 1995, o capitão Jair Bolsonaro teria sido assaltado na Zona Norte do Rio de Janeiro. Os bandidos levaram a moto do (na época) deputado federal e sua pistola, uma Glock 380. Bolsonaro teria dito ao jornal que estranhou a ""frieza"" dos criminosos durante a ação e declarou: ""Mesmo armado me senti indefeso"" Se o fato aconteceu realmente, a pergunta que não quer calar é: ""Vale a pena andar armado? Se pessoas que foram treinadas para manejar uma arma não conseguem reagir, quem dirá o cidadão comum""",1,size_normalized_texts/fake/1126.txt,16,"odebrecht, lula, ex, milhões, aécio"
"Delegado da PF faz alerta: ""Cuidado com os jatinhos de empresários! Lula pode fugir do país!"".  O MPF pediu ao juiz Moro, na noite do último dia 2, que Lula e outros seis réus sejam condenados em regime fechado por corrupção passiva, corrupção ativa e lavagem de dinheiro.  O Ministério Público também pediu a apreensão de pouco mais de 87 milhões de reais, valor que corresponde ao montante de propinas pagas em contratos da OAS com a Petrobras. Segundo investigações, Lula teria recebido pouco mais de R$ 3 milhões, somando o valor do apartamento (triplex) e do contrato entre a OAS e a Granero. O delegado da PF (e deputado federal) Fernando Francischini fez um alerta: ""Atenção PF, Lula está cercado e acuado. Atenção com jatinhos de amigos [...] ou até uma provável fuga para pedir asilos em países com ideologias esquerdistas. Chegou a hora de Lula pagar pelos seus crimes"" leia também:",1,size_normalized_texts/fake/1148.txt,16,"odebrecht, lula, ex, milhões, aécio"
"Atriz faz grave denúncia sobre censura no governo Dilma: ""Eles ligavam ameaçando"".  A atriz Alessandra Maestrini decidiu botar a boca no trombone e falar a verdade.  Atores e/ou atrizes que se manifestavam publicamente contra o governo Dilma eram ameaçados pelo governo Alessandra Maestrini fez graves denúncias sobre a censura por parte do governo Dilma. De acordo com Alessandra, ela e vários amigos comediantes perderam seus empregos e programas após receberem ameaças de gente ligada diretamente ao ex-governo da presidente Rousseff. A entrevista foi ao ar no programa Jovem Pan Morning Show . Ela não revelou nomes para não expor os seus colegas, mas explicou como era feito o contato entre a alta cúpula do governo com as emissoras, pedindo a cabeça de quem se opunha contra eles. Alessandra comentou que o impeachment de Dilma ""não pode ser considerado um golpe parlamentar, assim como a ex-presidente tem falado em seus discursos, mas sim uma oportunidade para o país não se tornar uma Venezuela."" ""Eu não posso falar porque vou expor meus amigos. A emissora entrava em contato com o artista avisando que o Governo havia ligado ameaçando. Quem ligou eu não sei, não era comigo que estavam falando"" , afirmou.",1,size_normalized_texts/fake/1196.txt,16,"odebrecht, lula, ex, milhões, aécio"
"Diretor da JBS confessa que pagou R$ 600 milhões em propina.  Em sua delação premiada, o diretor da JBS Ricardo Saud, detalhou a trajetória dos crimes da JBS em números.  Como se fosse a coisa mais natural do mundo, Saud disse aos procuradores que pagou propinas (que totalizam 600 milhões de reais) para 1.829 candidatos de 28 partidos. O diretor conta que a JBS elegeu 179 deputados federais , 28 senadores da República e 16 governadores. ""... desses quase R$ 600 milhões que estamos, praticamente tudo, tirando R$ 10, R$ 15 milhões aqui, o resto tudo é propina."" Saud fez questão de registrar que pagou propina para 28 partidos políticos. ""Demos propina para 16 governadores eleitos, 4 do PMDB, 4 do PSDB, 3 do PT, 2 do PSB, 1 do PP, 1 do PSD. Aqui estão todas as pessoas que receberam propina diretamente ou indiretamente da gente."" disse Saud. ""Quem recebeu esse dinheiro, ele sabe de um jeito ou de outro (que) foi de propina. Essas pessoas estão cientes disso"" , afirmou Saud. O que nós (simples cidadãos) podemos fazer? Absolutamente nada [...] apenas torcer para que cada um dos envolvidos sejam punidos. Um dado curioso: apenas 1% dos réus que possuem foro privilegiado são punidos pela Suprema Corte. O câncer do Brasil tem nome: FORO PRIVILEGIADO! O palhaço no Brasil tem nome: ELEITOR! preste muita atenção aos 23 min e 10 segundos!",1,size_normalized_texts/fake/1223.txt,16,"odebrecht, lula, ex, milhões, aécio"
"Genro de Silvio Santos está na lista da Lava Jato. Silvio Santos ao longo de toda sua vida teve sua imagem pública associada a honestidade, empreendedorismo e alegria. Infelizmente sua família teve a honra manchada em função da inclusão do nome de seu genro na lista do ministro Edson Fachin, relator da Lava Jato

O deputado federal Fabio Faria (PSD RN), casado com a filha de Silvio Santos, a apresentadora Patricia Abravanel, foi denunciado formalmente na lista do ministro Edson Fachin, relator da operação Lava Jato. Segundo os executivos da Odebrecht seu apelido na lista da propina era garanhão. Este apelido é uma menção a lista de mulheres famosas que ele namorou. Dentre elas os destaques são para Sabrina Sato, Adriane Galisteu, Priscila Fantin, Sthefany Brito e Samara Felippo.

De acordo com cinco delatores da empresa, o deputado recebeu R$ 100 mil via caixa dois para campanha eleitoral. Em 2009 o deputado já havia se envolvido em outro escândalo com o dinheiro público: O escândalo das Passagens Aéreas. O deputado foi acusado de usar dinheiro público para pagar as passagens aéreas de suas namoradas e amigas para vista-lo no Rio Grande do Norte.

Caso seja condenado, Fabio Faria pode pegar até 5 anos de reclusão.",1,size_normalized_texts/fake/125.txt,16,"odebrecht, lula, ex, milhões, aécio"
"Trava-línguas da Odebrecht: Delator diz que ""Salsicha"" repassou dinheiro para ""Chuchu"" em ""Caixa2"".  Geraldo Alckmin, que é conhecido pela alcunha de ""Picolé de Chuchu"", recebeu agrado através do ""Salsicha"".",1,size_normalized_texts/fake/1340.txt,16,"odebrecht, lula, ex, milhões, aécio"
"Sem Terra invadem usina de amigo de Lula preso na Lava Jato. 200 manifestantes acabam de invadir a Usina São Fernando de propriedade de José Carlos Bumlai, que é o amigo de Lula preso na Lava Jato. A Usina tem uma dívida de R$ 1,32 bilhões com bancos e fornecedores. Usina de Bumlai é ocupada por trabalhadores sem-terra em MS

Cerca de 300 pessoas protestam em frente à Usina São Fernando.
Grupo pede agilidade na reforma agrária e impede entrada de funcionários.

A usina de álcool e açúcar São Fernando, localizada na MS-379, em Dourados, na região sul de Mato Grosso do Sul, foi ocupada na manhã desta segunda-feira (6) por um grupo de aproximadamente 300 pessoas que fazem parte do Movimento Sem Terra do Brasil (MSTB).

A usina pertence ao empresário sul-mato-grossense José Carlos Bumlai, preso na operação Lava Jato.

O coordenador do MSTB, Vanildo Elias de Oliveira, afirma que a ocupação faz parte de um movimento realizado em 11 estados do país. O grupo pede a presença de um representante do Instituto Nacional de Colonização e Reforma Agrária (Incra), no local, para discutir a reforma agrária no estado. A Polícia Militar acompanha a movimentação.

A indústria está em processo de recuperação judicial desde 2013 e tem uma dívida nominal de R$ 1,320 bilhão, sendo 99% com bancos e fornecedores.

Com capacidade instalada de 4,2 milhões de toneladas, a indústria tem, de acordo com o consultor, 1,3 mil colaboradores diretos e pelo menos 2 mil indiretos.

João Carlos Bumlai é um dos poucos amigos de Lula que goza da intimidade do ex-presidente. Bumlai viajava na mesma cabine que o petista no avião presidencial, enquanto outros empresários ficavam em outra área, participava de churrascos no Palácio do Alvorada e de pescarias em Mato Grosso do Sul. Engenheiro de formação, ele vem do mundo das empreiteiras: trabalhou por 30 anos na Constran na época em que a empresa pertencia ao empresário Olacyr de Moraes (1931-2015)",1,size_normalized_texts/fake/136.txt,16,"odebrecht, lula, ex, milhões, aécio"
"Corruptos até debaixo d""água: PT ""levou"" R$ 17 milhões de programa de submarinos.  Benedicto Júnior,ex-executivo da Odebrecht, afirmou em delação ao TSE:.  ""Houve a deliberação de 17 milhões para o PT ao longo das suas necessidades. Foi feito como caixa 2"" se referindo ao PROSUB (Programa de Desenvolvimento de Sumarino), executado pela Odebrecht em parceria com a DCNS, empresa francesa. Entenda-se por ""deliberação"" o pagamento de propinas com dinheiro público. O valor da obra foi orçado em R$ 31 bilhões. Júnior também informou que o Prosub tinha uma atenção especial do chefão Marcelo Odebrecht: ""Era fundamental garantir que esse projeto não parasse, afinal de contas demandava cerca de R$ 100 milhões por mês"" Ahhh ... um detalhe muito interessante: A empresa francesa DCNS (citada acima) tem como sócio o governo da França, que na época era comandado pelo ex-presidente Nicolas Sarkozy, fã de carteirinha de Lula. Será que Sarkozy também levou uma fatia do bolo?",1,size_normalized_texts/fake/1382.txt,16,"odebrecht, lula, ex, milhões, aécio"
"Lula diz que Dória quer se projetar às custas dele: ""Ele não faz o dever de casa em SP"".  Usando uma jaqueta capitalista da CBF (daquelas que custam quase mil reais) o ex-presidente tenta, mais uma vez, tirar o foco da Lava-Jato.  Questionado se ele está preocupado com novos nomes (leia-se João Dória) que despontam para a disputa presidencial de 2018, o petista demonstrou cinismo e arrogância (mais uma vez) : "" Sinceramente [...] eu acho até desagradável falar de uma pessoa que não é sequer conhecida no Brasil [...] uma pessoa que sequer está fazendo seu dever na cidade de São Paulo [...] há tempos ele vem provocando para se projetar na disputa nacional"" Lula tem razão em uma coisa: Dória não é tão conhecido assim [...] ele não está na Lava-Jato!",1,size_normalized_texts/fake/1410.txt,16,"odebrecht, lula, ex, milhões, aécio"
"Saiba quem é o presidenciável que mais está conquistando votos entre eleitores com Ensino Superior. O Instituto Paraná Pesquisas surpreendeu os analistas políticos com a revelação do presidenciável que mais está conquistando os eleitores com Ensino Superior. O surpreendente resultado pode indicar uma reviravolta em todos os outros grupos.

O ex-ministro do Supremo Tribunal Federal Joaquim Barbosa é o preferido para as eleições presidenciais de 2018 entre eleitores com ensino superior. É o que mostra um estudo inédito pelo Instituto Paraná Pesquisas. Segundo o levantamento, Barbosa tem 17,3% das intenções de voto desta parcela da população. Lula vem em segundo, com 16,1%,  e Jair Bolsonaro em terceiro, com 14,5%. Em quarto, Aécio Neves, com 11,9%.

A pesquisa é surpreendente por revelar que o deputado Jair Bolsonaro também está crescendo entre os eleitores com nível superior. Antes seu crescimento só era percebido entre eleitores com escolaridade média e fundamental. É importante destacar que Bolsonaro também está bem à frente de políticos que participaram de outras disputas eleitorais, tais como Dilma Rousseff, Marina Silva, Ciro Gomes, Cristovam Buarque e Ronaldo Caiado.

Joaquim Barbosa foi fortemente cotado para ser vice-presidente na chapa de Marina Silva pela Rede Sustentabilidade. No entanto, com sua ascensão vertiginosa ele pode vir como candidato a presidente e sem a companhia da ambientalista já derrotada em duas eleições. Analistas políticos apontam articulações entre Joaquim Barbosa e Sergio Moro para virem juntos em uma chapa com chances de conquistar a eleição em primeiro turno.

A pesquisa foi feita com 2.002 eleitores e é estimulada, isto é, traz nomes apresentados pelo instituto.",1,size_normalized_texts/fake/144.txt,16,"odebrecht, lula, ex, milhões, aécio"
"Procuradoria-Geral da Fazenda indica que 2016 amargou mais de 1 trilhão de reais em sonegação fiscal.  O Sindicato Nacional dos Procuradores da Fazenda (Sinprofaz) estima que as perdas com a sonegação somente em 2016 chegaram a R$ 500 bilhões.  De acordo com uma  lista divulgada pelo Ministério da Fazenda, a soma das dívidas dos 500 maiores devedores ultrapassava os R$ 400 bilhões no ano passado. Isso somente com os 500 maiores devedores! A maior devedora da Fazenda hoje é a mineradora Vale , privatizada em 1997, durante o governo FHC. S ão R$ 41,9 bilhões em dívidas , Desse valor, R$ 32,8 bilhões tiveram sua cobrança suspensa por meio de ações judiciais da empresa contra a Fazenda. Em segundo lugar aparece a Carital Brasil, antiga Parmalat, com R$ 24 bilhões em dívidas com a Fazenda. A Petrobras aparece em terceiro lugar, com dívidas que ultrapassam R$ 15 bilhões. Outros gigantes também fazem parte da lista. Os bancos Itaú-Unibanco e Bradesco , segundo e terceiro maiores do país, têm dívidas de R$ 1,3 bilhão e R$ 4,8 bilhões , respectivamente, com a Fazenda. O espanhol Santander também figura na lista com uma dívida de R$ 978 milhões . No ramo varejista, a Companhia Brasileira de Distribuição – dona de marcas como Pão de Açúcar e Qualitá – deve R$ 1,5 bilhão. A multinacional química e produtora de plásticos Braskem , formada a partir da fusão de seis empresas do grupo Odebrecht, tem dívidas de R$ 2,6 bilhões. E a Unilever , que atua em diversos segmentos, como alimentação e higiene pessoal, acumula R$ 1 bilhão em dívidas. Dados divulgados pela Procuradoria-Geral da Fazenda Nacional indicam que o total de débitos inscritos na Fazenda é de R$ 1,162 trilhão . Esse valor equivale a 20% do Produto Interno Bruto (PIB) nacional e é 500 vezes maior do que o que teria sido desviado da Petrobras, no esquema revelado pela Operação Lava Jato.",1,size_normalized_texts/fake/1442.txt,16,"odebrecht, lula, ex, milhões, aécio"
"Delator confirma que repassou R$ 21 milhões [ao PT e ao PMDB] em propinas da Usina de Belo Monte.  O delator da Lava-Jato Luiz Carlos Martins [engenheiro ligado à Camargo Corrêa] confirmou ter repassado cerca de R$ 21 milhões em propina para o PT e PMDB referentes às obras da Usina de Belo Monte.  Luiz Carlos declarou que, em 2011, levou ao presidente da Camargo Corrêa, Dalton Avancini, a ""cobrança"" que lhe havia sido feita pelo então presidente da Andrade Gutierrez Energia, Flávio Barra. ""No sentido de que 1% dos valores desembolsados no contrato das obras civis de Belo Monte deveria ser encaminhado ao Partido dos Trabalhadores (PT) e ao Partido do Movimento Democrático Brasileiro (PMDB)"" relatou",1,size_normalized_texts/fake/1552.txt,16,"odebrecht, lula, ex, milhões, aécio"
"Ex-presidente da OAS tem relação próxima com ministro: ""Aniversário de Toffoli.Gosta de um bom whisky"". .  As menções a Toffoli estão transcritas, segundo a revista VEJA , em um dos telefonemas de Pinheiro. Foram encontradas outras três menções a Toffoli – a primeira delas de 2012, quando um funcionário da OAS diz para Pinheiro: ""Aniversário de Toffoli dia 15. Gosta de um bom whisky"". Até agora, a PF não flagrou nenhuma conversa direta entre o empreiteiro e o ministro. O relatório da PF aponta que ""as mensagens demonstram uma proximidade entre Léo Pinheiro e Benedito Gonçalves (ministro do STJ) , bem como a proximidade destes com o ministro Toffoli"". Toffoli disse à revista que conhece Pinheiro, mas não tem intimidade com ele.",1,size_normalized_texts/fake/1577.txt,16,"odebrecht, lula, ex, milhões, aécio"
"Deputado fica nervoso no plenário e diz que Lula furtou 7 pavões do Planalto: ""Vai roubar assim no inferno!"".  A acusação foi feita no Plenário da Câmara pelo Deputado Alberto Fraga [DEM].  Quem é que manda transportar animais para uma propriedade que não seja sua e sim de uma ""amigo""? Fraga também acusa o ex-presidente petista de ter ""furtado"" um faqueiro de ouro que foi dado de presente ao ex-presidente Costa e Silva, que governou o país entre março de 1967 a agosto de 1969. A reportagem que o deputado se refere no vídeo é de Vera Magalhães [ Revista Veja ] e foi publicada no dia 21/03/16. A matéria mostra documentos relativos ao sítio de Atibaia que foram encontrados durante operações de busca e apreensão (feitas pela PF) no apartamento do ex-presidente Lula, em São Bernardo. Entre esses papéis apreendidos, havia um atestado sanitário autorizando o transporte de aves exóticas e assegurando que os sete pavões foram examinados e estavam em boas condições. O documento foi datado em 2012 e as guias mostram que o transporte foi feito pela empresa TAM.",1,size_normalized_texts/fake/1579.txt,16,"odebrecht, lula, ex, milhões, aécio"
"Valdo Cruz: ""O sonho de muita gente em Brasília é que Eike não volte nunca mais"".  Teoricamente espera-se que os advogados de Eike Batista façam um acordo para que o empresário retorne ao Brasil o quanto antes.  Oficialmente ninguém sabe (sic...sic...) o paradeiro de Eike. A última informação obtida é de que ele estaria hospedado no edifício Trump Tower, um mega edifício situado em frente ao Central Park, informou o jornal O DIA . Valdo Cruz, comentarista de política da GloboNews, fez o seguinte comentário: ""A expectativa de muita gente em Brasília é que Eike não volte nunca mais"" ""Se for preso, ""abrirá o bico"" e falará não só sobre Sérgio Cabral (...), mas principalmente sobre os governos Lula e Dilma. Eike também tinha relações com o PSDB [...] Há temores de todos os lados"" , disse o comentarista.",1,size_normalized_texts/fake/1645.txt,16,"odebrecht, lula, ex, milhões, aécio"
"Vergonha! Concessionária corta a energia do Maracanã por falta de pagamento. .  O consórcio Maracanã/Odebrecht deu um ""calote"" na Light. Desde setembro do ano de 2016, as contas de energia não são pagas. A dívida total ultrapassa R$ 3 milhões de reais. Na última copa do mundo, que foi realizada no Brasil, foram gastos aproximadamente R$ 1,3 bilhão no estádio. Nossos políticos, além de roubarem descaradamente o dinheiro público, agora querem tirar os momentos de lazer dos brasileiros [...] no caso o futebol!",1,size_normalized_texts/fake/1647.txt,16,"odebrecht, lula, ex, milhões, aécio"
"Ex-mulher de Lula em 1989: ""Ele sempre foi um homem racista"".  O DIREITO DE RESPOSTA.  ""(...) o Lula sempre foi um homem racista... ele nunca suportou negro. Em nosso tempo de namoro, ele dizia que detestava negro... aparecia artistas negros na televisão ou pessoas negras,ele ficava nervoso..."" *** há notícias que dizem que Fernando Collor (o caçador de marajás que foi expulso da presidência), durante a campanha presidencial de 1989, PAGOU a ex-namorada de Lula para acusá-lo com revelações pessoais e gravíssimas *** Mirian Cordeiro, é ex-mulher e mãe de LURIAN, filha de LUIS INÁCIO LULA DA SILVA "" Não. Não apoio o Lula. Não quero apoiar o Lula, porque apoiar o Lula seria trair a mim mesma. "" "" Eu fui uma pessoa que sofri muito na mão do Lula. "" "" Eu fui traída por ele. "" "" Eu não posso, em momento algum, apoiar um homem que acabou com a minha vida."" "" Que confiança eu posso ter nesse homem ? "" "" O que ele pode fazer por esse Brasil ? "" Na época, Lula obteve o direito de resposta e também gravou um vídeo. Resumindo: A lavação de roupa do casal virou assunto nacional. Que vergonha!",1,size_normalized_texts/fake/1661.txt,16,"odebrecht, lula, ex, milhões, aécio"
"Ex-presidente ignora a justiça e diz que, se voltar, vai fazer mais. Mais o quê?.  Diante de uma plateia formada por professores, estudantes e sindicalistas, o petista disse hoje (12) em Brasília:.  ""Quero fazer o país andar. Se cuidem, porque se eu voltar para a presidência da República é para fazer mais do que nós já fizemos"" Como é Lula? Se voltar, vai fazer mais? Mais o quê? Mais empréstimos do BNDES para países comunistas? Mais dinheiro público desviado para as empreiteiras? Mais 12 milhões de desempregados? Mais benefícios particulares? Mais depósitos para acomodar as tralhas que pertencem ao patrimônio da Presidência? Mais sítios e apartamentos na praia? Mais criminosos (já que nos últimos 10 anos, a população carcerária cresceu 85%) ? Vai te catar Lula! Logo logo a única coisa que sobrará em nosso país será pedra e mato. O PT roubou tudo!",1,size_normalized_texts/fake/1717.txt,16,"odebrecht, lula, ex, milhões, aécio"
"Delação da Odebrecht cita os nomes de José Serra e Michel Temer. Serra teria recebido R$ 23 milhões em propina.  Parece que a Odebrecht decidiu ""abater"" o chanceler José Serra do mapa político brasileiro.  O sonho de José Serra de chegar à presidência da República poderá estar com os dias contados. A delação poderá destruir o governo de Michel Temer, alegando que o presidente da República pediu uma ""ajudinha"" para o PMDB que se materializou num caixa dois de R$ 10 milhões em dinheiro vivo. Marcelo Odebrecht, preso há mais de um ano, relatou que Serra recebeu R$ 23 milhões, via caixa dois, em sua campanha presidencial de 2010. De acordo com matéria da Folha de SP, via jornalista Bela Megale, parte dos recursos, que equivalem hoje a R$ 34,5 milhões (corrigidos pela inflação), foi paga no exterior, o que, em tese, poderia levar até à cassação do registro do PSDB. Doações que foram feitas para a campanha de Serra em 2010 podem ser decorrentes de propina e desvios de recursos públicos da Dersa, uma estatal paulista. A Odebrecht também apontou corrupção na construção do Rodoanel e ""supostos"" intermediários de José Serra na arrecadação de propinas [...] e pretende apresentar recibos de pagamentos feitos no exterior. Serra nega irregularidades e diz a campanha transcorreu dentro da normalidade.",1,size_normalized_texts/fake/1748.txt,16,"odebrecht, lula, ex, milhões, aécio"
"Caiu a República do pão de queijo! ""Mineirinho"" é apontado como beneficiário de R$ 15 milhões da Odebrecht.  A delação do ex-diretor de da Odebrecht Cláudio Melo Filho aponta uma ""bondosa gratificação"" de R$ 15 milhões para o ex-presidenciável Aécio Neves (PSDB-MG).  A Veja informou que , de acordo com o anexo encaminhado à PGR,  Aécio era cadastrado como ""mineirinho"" no sistema interno de pagamentos indevidos da empresa. Mineirinho é sugerido como beneficiário de 15 milhões de reais entre outubro e dezembro de 2014. Tudo foi devidamente registrado no Setor de Operações Estruturadas (leia-se Departamento de Propinas) pela ex-secretária Maria Lúcia Tavares. Maria Lúcia já admitiu em delação que operava a ""contabilidade ilegal"" a mando de seus superiores. O delator Melo Filho ainda contou que ""Mineirinho"" também intermediou o pagamento de R$ 1 milhão para (o colega de profissão) senador José Agripino Maia (DEM), conhecido nas planilhas como ""gripado"".",1,size_normalized_texts/fake/1780.txt,16,"odebrecht, lula, ex, milhões, aécio"
"Lula é penta!.  Somente neste ano de 2016, o nobre Luíz Inácio conseguiu um recorde.  O petista conquistou a proeza de ser denunciado 5 vezes pelo Ministério Público. Somente na Operação Lava Jato, foram 3 denúncias. As outras duas denúncias são provenientes das operações Zelotes e Janus. Agora, o ex-presidente tenta montar uma teoria da conspiração para provar sua tese de ""perseguição política"". Voltamos a alertar: A Justiça tem que prender o passaporte desse cidadão [...] ele vai fugir do país!",1,size_normalized_texts/fake/1816.txt,16,"odebrecht, lula, ex, milhões, aécio"
"Padilha será a sétima baixa no governo Temer. Citado 45 vezes na Lava-Jato,  ele vai se afastar por ""licença médica"".  Aguarda-se (no Planalto) um pedido de licença do ministro Eliseu Padilha.  Quem informa é o colunista Lauro Jardim. De acordo com a nota,  Eliseu estaria se ausentando por motivos de saúde. Identificado nas planilhas da Odebrecht como ""Primo"",  o ministro da Casa Civil,  também filiado ao PMDB,  aparece 45 vezes na delação de Cláudio Melo Filho,  ex-executivo da empreiteira. Até o momento,  já caíram os ministros Romero Jucá (Planejamento) – Henrique Alves (Turismo) – Fabiano Silveira (Transparência,  Fiscalização e Controle) – Fábio Medina Osório (advogado-geral da União) – Marcelo Calero (Cultura) – Geddel Vieira Lima (Secretaria de Governo ) Depois da queda dos ministros acima,  ainda há outros seis com citações em inquéritos ou delações: São eles: José Serra (Itamaraty),  Mendonça Filho (Educação),  Ricardo Barros (Saúde),  Bruno Araújo (Cidades),  Osmar Terra (Desenvolvimento Social e Agrário) e Raul Jungmann (Defesa) [...] além de Moreira Franco,  que é secretário de Privatizações e Concessões,  mas não possui cargo com status de ministério.",1,size_normalized_texts/fake/1824.txt,16,"odebrecht, lula, ex, milhões, aécio"
"Colunista do Globo diz que delatores da Odebrecht estão sofrendo ameaças de morte. .  Após a primeira bomba lançada pelo ex-executivo da Odebrecht,  Cláudio Melo Filho,  envolvendo 51 políticos e 11 partidos,  as ameaças começaram a acontecer. Uma longa lista com diversos políticos envolvidos em recebimento de propinas,  seus respectivos apelidos e os valores recebidos foi divulgada em toda a rede. A PF tem que cuidar da proteção desses delatores ou eles começarão a sumir [...] um a um.",1,size_normalized_texts/fake/1832.txt,16,"odebrecht, lula, ex, milhões, aécio"
"Marina quer novas eleições! De 4 em 4 anos ela aparece para ajudar Lula! A Rede é PT!.  Derrotada nas eleições presidenciais de 2010 e 2014,  a ""chefona"" do partido REDE defendeu que sejam convocadas novas eleições.  Marina é uma pessoa incrível. É o que chamamos de candidato bissexto – só aparece que 4 em 4 anos. Sua aparição [dessa vez] é uma exceção nesses anos ""bissextos"" [...] ela veio ""camufladamente"" para ajudar Lula. ""A população tem o direito de dar a palavra final,  agora sabendo de tudo o que ficou oculto,  e escolher um novo governo para coordenar os imensos esforços que o Brasil terá de fazer para tirar o país da crise"",  disse a líder da Rede. ""Dilma e Temer são faces da mesma moeda"",  disse Marina ao jornal Estadão. Marina não quer saber se Temer conseguirá tocar a economia do país. Marina quer Temer fora da jogada! Marina quer Lula na presidência! O eleitor dos tempos modernos já não é tão ""trouxa"" como pensa esses novos partidos políticos. A Rede Sustentabilidade não passa de um plano ""B"" para o Partido dos Trabalhadores. O PT,  vendo que o país está afundando cada vez mais,  viu sua popularidade desabar durante os últimos anos. Qual o plano então? O plano foi ""exportar"" petralhas para uma nova sigla,  Resultado: O novo partido de Marina não passa de um PT disfarçado de REDE. Acorda Marina Silva! O povo não é bobo!",1,size_normalized_texts/fake/1837.txt,16,"odebrecht, lula, ex, milhões, aécio"
"Fim da linha! Odebrecht coloca a empresa em primeiro lugar e dá adeus a Lula.  A Revista Época acabou de publicar que delatores da Odebrecht jogaram a toalha.  Em duas novas delações,  foi confirmado que as campanhas presidenciais de Luís Inácio tiveram recursos provenientes de caixa dois (recursos financeiros não contabilizados e não declarados aos órgãos de fiscalização competentes do Poder Executivo) em 2002 e 2006 [...] trocando em miúdos – DINHEIRO ILEGAL. Os repasses foram coordenados pelos tesoureiros petistas das respectivas campanhas. Em ambos os depoimentos,  foi confirmado que Lula pediu dinheiro diretamente para o todo poderoso Emílio Odebrecht.",1,size_normalized_texts/fake/1845.txt,16,"odebrecht, lula, ex, milhões, aécio"
